customer_id,transaction_date,amount,product_category,payment_method,is_anomaly
user_452,2023-03-22 11:50:00,10095.76,Дебетовая карта,карта,0
user_1180,2023-11-22 11:51:00,5757.43,Вклад,Google Pay,0
user_423,2024-03-17 13:27:00,1440.6,Дебетовая карта,криптовалюта,0
user_746,2023-10-28 10:53:00,2386.49,Вклад,Apple Pay,0
user_1927,2023-02-26 18:34:00,2259.92,Вклад,карта,0
user_392,2023-03-01 14:17:00,5155.0,Кредит,карта,0
user_1772,2024-03-02 15:22:00,1892.59,Дебетовая карта,Google Pay,0
user_1627,2023-05-01 10:30:00,2857.64,Кредит,Google Pay,0
user_733,2023-08-20 20:38:00,840.55,Кредит,Apple Pay,0
user_743,2023-07-26 13:15:00,3438.44,Вклад,Google Pay,0
user_12,2023-10-22 10:00:00,1299.19,Вклад,карта,0
user_1582,2024-02-14 09:13:00,2167.74,Кредит,Apple Pay,0
user_1333,2023-09-12 11:40:00,2510.53,Кредит,карта,0
user_1967,2023-09-08 09:27:00,571.09,Ипотека,банковский перевод,0
user_584,2024-01-13 13:40:00,1226.08,Дебетовая карта,карта,0
user_798,2023-09-21 14:34:00,5988.8,Вклад,карта,0
user_1374,2023-08-10 09:26:00,1770.15,Кредит,карта,0
user_682,2023-07-08 18:43:00,2541.5,Вклад,банковский перевод,0
user_638,2023-09-19 13:37:00,710.04,Страхование,банковский перевод,0
user_341,2024-03-29 19:14:00,11135.88,Кредит,Google Pay,0
user_1977,2023-05-08 14:39:00,7809.89,Дебетовая карта,карта,0
user_951,2023-11-03 18:32:00,2217.1,Кредит,Apple Pay,0
user_1540,2024-01-11 09:13:00,572.56,Кредит,Google Pay,0
user_1309,2023-08-22 15:57:00,4913.73,Вклад,карта,1
user_1199,2023-10-28 13:35:00,1744.47,Вклад,карта,0
user_626,2023-02-22 13:01:00,1231.11,Вклад,карта,0
user_631,2023-03-10 13:00:00,2274.11,Дебетовая карта,карта,0
user_972,2023-03-26 19:50:00,28764.11,Дебетовая карта,карта,1
user_271,2023-09-16 20:01:00,1526.34,Дебетовая карта,карта,0
user_1075,2024-03-03 14:22:00,1024.01,Дебетовая карта,Apple Pay,0
user_182,2023-12-26 14:36:00,5639.68,Кредит,Google Pay,0
user_551,2023-05-24 15:07:00,2201.75,Кредит,криптовалюта,0
user_1267,2023-04-08 15:56:00,1625.81,Ипотека,карта,0
user_48,2023-03-26 15:03:00,2195.39,Кредит,карта,0
user_90,2023-08-19 19:20:00,1510.43,Дебетовая карта,карта,0
user_432,2023-12-30 13:55:00,2014.85,Дебетовая карта,Apple Pay,0
user_1512,2023-10-14 12:15:00,3938.39,Страхование,карта,0
user_1607,2024-02-01 14:23:00,1024.99,Страхование,криптовалюта,0
user_2,2023-09-24 09:11:00,1513.35,Страхование,карта,0
user_557,2023-07-28 12:33:00,4008.93,Дебетовая карта,Apple Pay,0
user_114,2023-06-08 14:46:00,1664.64,Кредит,карта,0
user_28,2023-12-24 12:21:00,3845.96,Инвестиции,карта,0
user_1885,2023-10-19 20:32:00,821.63,Инвестиции,Google Pay,0
user_850,2023-02-03 16:43:00,2238.88,Ипотека,карта,0
user_1591,2024-03-02 20:41:00,658.91,Инвестиции,карта,0
user_1365,2023-09-09 11:52:00,2355.04,Дебетовая карта,Google Pay,1
user_900,2023-08-05 17:44:00,678.18,Кредит,карта,0
user_1505,2023-01-07 13:40:00,1758.92,Вклад,Apple Pay,0
user_498,2023-08-04 16:33:00,3223.64,Вклад,Google Pay,0
user_828,2023-01-01 12:24:00,2265.55,Кредит,банковский перевод,0
user_758,2023-06-25 09:01:00,3091.73,Вклад,Google Pay,0
user_1144,2023-05-14 19:59:00,16978.76,Ипотека,карта,0
user_422,2024-01-16 20:55:00,659.83,Кредит,Apple Pay,0
user_1492,2023-11-08 10:22:00,7242.77,Дебетовая карта,Apple Pay,0
user_1684,2023-12-01 13:16:00,619.66,Дебетовая карта,карта,0
user_1779,2023-01-18 13:20:00,2221.63,Кредит,Google Pay,0
user_1789,2024-01-06 18:06:00,4574.06,Страхование,карта,0
user_1280,2023-08-25 19:28:00,923.26,Страхование,Apple Pay,0
user_1596,2024-03-11 10:19:00,5584.12,Кредит,карта,0
user_1382,2024-02-23 17:16:00,1263.82,Инвестиции,карта,1
user_1907,2024-02-10 13:47:00,637.58,Дебетовая карта,карта,0
user_198,2023-05-31 13:19:00,517.14,Вклад,карта,0
user_397,2023-06-16 16:48:00,836.85,Вклад,банковский перевод,0
user_841,2023-10-13 09:35:00,4325.43,Инвестиции,Google Pay,0
user_1242,2023-07-16 09:19:00,2013.71,Кредит,карта,0
user_1778,2024-03-17 13:42:00,2278.16,Вклад,карта,0
user_190,2023-04-01 19:48:00,1944.52,Вклад,криптовалюта,0
user_322,2023-03-14 17:55:00,2420.02,Инвестиции,Apple Pay,0
user_1722,2024-02-16 17:43:00,33758.23,Страхование,карта,1
user_620,2023-08-16 10:01:00,1018.95,Ипотека,Apple Pay,1
user_34,2023-05-14 12:54:00,4645.07,Кредит,карта,0
user_1356,2024-01-17 12:22:00,1130.99,Дебетовая карта,карта,0
user_1756,2023-12-05 17:53:00,932.35,Дебетовая карта,карта,0
user_1805,2023-11-29 17:46:00,4409.56,Дебетовая карта,Google Pay,0
user_1709,2024-02-11 13:15:00,3566.89,Инвестиции,карта,0
user_119,2024-02-18 10:17:00,4342.75,Дебетовая карта,карта,0
user_270,2023-03-03 19:55:00,694.73,Кредит,криптовалюта,0
user_1741,2023-07-13 10:14:00,790.26,Вклад,карта,0
user_1386,2023-09-21 13:45:00,2683.54,Кредит,карта,0
user_441,2023-12-30 14:36:00,2110.16,Кредит,карта,0
user_776,2023-01-29 10:20:00,1592.1,Страхование,карта,1
user_1722,2023-02-26 09:41:00,3086.99,Инвестиции,Google Pay,0
user_1858,2023-01-11 11:43:00,5699.79,Дебетовая карта,Apple Pay,0
user_1779,2023-04-05 11:44:00,3104.85,Вклад,карта,0
user_921,2023-01-11 12:32:00,70744.07,Дебетовая карта,карта,0
user_1551,2023-02-01 16:25:00,1206.32,Кредит,Apple Pay,0
user_91,2023-05-22 15:02:00,1028.54,Дебетовая карта,криптовалюта,0
user_1848,2023-10-01 14:03:00,883.43,Кредит,карта,0
user_444,2023-12-24 14:04:00,4179.88,Инвестиции,Apple Pay,0
user_1923,2023-06-13 17:26:00,6101.89,Страхование,криптовалюта,0
user_33,2023-06-26 09:03:00,3125.63,Кредит,карта,0
user_1851,2023-05-15 12:38:00,647.32,Кредит,Google Pay,0
user_1054,2023-08-03 10:39:00,1111.74,Кредит,Apple Pay,0
user_1027,2024-03-12 19:59:00,560.75,Ипотека,карта,0
user_1354,2023-08-07 13:03:00,9271.56,Инвестиции,банковский перевод,0
user_928,2023-11-06 14:38:00,1487.13,Инвестиции,Google Pay,0
user_1902,2023-05-18 11:41:00,751.56,Дебетовая карта,карта,0
user_211,2023-06-26 15:58:00,2919.54,Инвестиции,Apple Pay,0
user_1313,2023-05-09 10:42:00,1135.07,Вклад,карта,0
user_433,2023-09-19 13:35:00,7526.64,Кредит,карта,0
user_75,2024-02-25 11:47:00,2924.29,Дебетовая карта,криптовалюта,0
user_1305,2023-09-01 18:55:00,3215.82,Дебетовая карта,Apple Pay,0
user_1356,2023-03-14 10:00:00,2395.18,Дебетовая карта,карта,0
user_255,2023-03-28 13:15:00,885.68,Кредит,криптовалюта,0
user_1454,2024-01-10 18:21:00,696.29,Дебетовая карта,карта,0
user_1885,2023-09-20 12:30:00,1740.39,Вклад,карта,0
user_1391,2023-05-13 18:13:00,6690.94,Кредит,карта,0
user_455,2024-03-21 20:11:00,526.11,Кредит,криптовалюта,0
user_170,2023-09-17 18:50:00,9900.87,Вклад,карта,0
user_176,2023-06-18 15:08:00,2719.18,Дебетовая карта,карта,0
user_1238,2023-04-25 12:17:00,1176.67,Дебетовая карта,Apple Pay,0
user_471,2023-07-01 17:53:00,3346.59,Ипотека,Apple Pay,0
user_743,2023-09-22 14:42:00,1282.74,Дебетовая карта,карта,0
user_98,2023-10-07 14:01:00,738.45,Дебетовая карта,криптовалюта,0
user_882,2023-09-04 09:36:00,1690.12,Кредит,карта,0
user_333,2024-03-02 18:50:00,1166.91,Дебетовая карта,карта,0
user_856,2023-07-30 14:31:00,7729.81,Кредит,банковский перевод,0
user_1176,2023-04-02 20:02:00,1255.46,Инвестиции,карта,0
user_1922,2024-03-26 20:56:00,1295.04,Инвестиции,криптовалюта,0
user_579,2023-01-03 20:14:00,1437.56,Дебетовая карта,Google Pay,0
user_643,2023-04-29 17:23:00,2910.16,Кредит,Google Pay,0
user_1603,2024-03-02 14:07:00,2604.06,Кредит,карта,0
user_1906,2023-04-19 18:34:00,5927.97,Страхование,карта,0
user_810,2023-05-31 11:40:00,3517.25,Инвестиции,карта,0
user_692,2023-05-02 10:33:00,28898.91,Дебетовая карта,карта,0
user_1428,2024-01-29 12:42:00,6853.96,Инвестиции,Google Pay,0
user_1504,2023-07-23 20:36:00,677.83,Кредит,карта,0
user_1417,2023-08-17 11:53:00,889.96,Вклад,карта,0
user_1280,2023-01-21 15:15:00,867.7,Кредит,карта,0
user_272,2023-08-22 20:05:00,5125.04,Вклад,карта,0
user_525,2023-01-24 18:41:00,4642.68,Вклад,карта,0
user_114,2023-07-07 11:36:00,4014.59,Вклад,Google Pay,1
user_780,2023-04-27 16:24:00,9748.81,Страхование,карта,0
user_1684,2023-12-19 16:34:00,827.09,Кредит,карта,0
user_448,2023-02-14 16:41:00,531.51,Кредит,Google Pay,0
user_1402,2023-08-25 16:36:00,32879.21,Вклад,Apple Pay,0
user_842,2023-04-17 14:07:00,1108.27,Вклад,криптовалюта,0
user_350,2023-12-20 10:48:00,2976.3,Ипотека,Google Pay,0
user_447,2023-10-17 15:30:00,3261.08,Страхование,карта,0
user_1360,2023-03-08 16:22:00,540.71,Дебетовая карта,карта,0
user_1582,2023-12-23 19:55:00,4318.39,Дебетовая карта,криптовалюта,0
user_659,2024-02-22 18:16:00,3713.42,Вклад,Apple Pay,0
user_1836,2023-05-05 20:57:00,1199.85,Кредит,криптовалюта,0
user_114,2023-05-06 16:55:00,6551.41,Дебетовая карта,карта,0
user_1150,2024-01-21 20:21:00,4355.95,Кредит,банковский перевод,0
user_458,2023-08-18 16:57:00,1297.27,Кредит,банковский перевод,0
user_1784,2024-03-23 15:51:00,668.79,Инвестиции,карта,0
user_1512,2023-06-22 16:48:00,1819.02,Дебетовая карта,карта,0
user_118,2024-02-08 10:04:00,2434.55,Инвестиции,карта,0
user_782,2023-04-09 10:12:00,72457.1,Инвестиции,карта,0
user_1492,2024-03-07 16:05:00,1730.33,Инвестиции,карта,0
user_1090,2023-11-19 20:50:00,4867.79,Страхование,карта,0
user_980,2024-01-25 19:45:00,2265.95,Кредит,криптовалюта,0
user_274,2024-02-03 18:40:00,4631.05,Кредит,карта,1
user_1142,2023-04-01 19:05:00,1415.59,Страхование,криптовалюта,0
user_186,2023-05-06 17:43:00,4953.41,Дебетовая карта,карта,0
user_638,2024-02-06 09:47:00,1410.59,Дебетовая карта,Google Pay,0
user_479,2023-02-26 16:13:00,4758.62,Ипотека,карта,0
user_1314,2023-09-16 10:02:00,2619.06,Страхование,карта,0
user_946,2024-03-15 15:27:00,747.83,Кредит,Google Pay,0
user_851,2023-06-28 19:46:00,1572.6,Страхование,карта,0
user_1694,2023-08-05 10:41:00,4215.1,Страхование,карта,0
user_780,2023-04-03 12:39:00,1105.38,Ипотека,карта,0
user_1527,2024-03-08 11:02:00,60832.92,Вклад,Apple Pay,0
user_1777,2023-07-13 17:39:00,753.21,Кредит,Apple Pay,0
user_321,2024-03-08 11:47:00,747.63,Страхование,карта,0
user_1490,2023-12-19 18:54:00,1913.71,Вклад,банковский перевод,0
user_143,2023-05-17 12:27:00,2951.45,Дебетовая карта,карта,0
user_1283,2023-06-09 10:19:00,4728.69,Страхование,Google Pay,0
user_452,2023-06-21 18:00:00,3671.12,Дебетовая карта,Google Pay,0
user_512,2023-12-08 18:07:00,3360.1,Ипотека,карта,0
user_1705,2024-03-09 17:42:00,3134.92,Ипотека,Apple Pay,0
user_374,2023-12-15 18:24:00,1274.59,Кредит,Apple Pay,0
user_1032,2023-08-22 16:11:00,4696.56,Дебетовая карта,Apple Pay,0
user_1563,2023-01-28 17:14:00,1481.43,Кредит,Google Pay,0
user_1614,2023-05-17 10:27:00,73370.73,Дебетовая карта,Apple Pay,1
user_410,2023-09-16 19:29:00,4405.78,Кредит,Google Pay,0
user_740,2023-06-19 18:17:00,1007.09,Дебетовая карта,карта,0
user_1124,2023-01-06 09:50:00,1500.9,Кредит,Apple Pay,0
user_1181,2023-11-16 11:12:00,1330.99,Страхование,карта,0
user_328,2024-01-16 16:28:00,15797.32,Кредит,криптовалюта,0
user_1190,2023-06-16 13:47:00,3566.72,Кредит,криптовалюта,0
user_3,2023-03-31 19:14:00,1302.98,Кредит,карта,0
user_1254,2023-04-18 13:47:00,985.05,Дебетовая карта,Google Pay,0
user_1472,2023-01-03 10:22:00,1143.43,Кредит,Apple Pay,0
user_941,2023-03-06 13:25:00,4249.36,Инвестиции,Google Pay,0
user_491,2023-10-09 12:32:00,1595.88,Дебетовая карта,карта,0
user_479,2024-03-25 14:48:00,1069.28,Ипотека,Google Pay,0
user_1381,2023-05-05 19:34:00,4696.84,Кредит,карта,0
user_857,2023-03-03 19:42:00,2160.47,Кредит,криптовалюта,0
user_1858,2023-06-05 16:56:00,4040.45,Инвестиции,карта,0
user_1950,2023-02-15 09:47:00,4387.27,Дебетовая карта,карта,0
user_869,2023-05-12 19:46:00,2182.3,Кредит,Google Pay,0
user_545,2024-02-20 18:56:00,5206.53,Кредит,карта,0
user_1625,2023-10-09 10:12:00,1227.29,Инвестиции,карта,0
user_1450,2024-02-06 12:56:00,583.11,Кредит,Apple Pay,0
user_329,2024-02-02 17:08:00,1602.9,Дебетовая карта,карта,0
user_1890,2023-03-25 17:24:00,1744.45,Инвестиции,карта,0
user_401,2023-07-02 10:27:00,2982.31,Вклад,Apple Pay,0
user_1133,2023-01-02 10:55:00,2323.25,Страхование,карта,0
user_374,2023-12-10 20:54:00,5797.11,Дебетовая карта,карта,0
user_979,2024-02-23 13:15:00,6972.47,Вклад,карта,0
user_1250,2023-11-08 16:25:00,2676.93,Вклад,карта,0
user_242,2023-08-16 11:29:00,5173.17,Кредит,Apple Pay,0
user_519,2024-03-14 14:31:00,74641.28,Вклад,карта,0
user_1507,2024-03-04 19:47:00,2771.81,Ипотека,криптовалюта,0
user_1912,2023-01-03 19:04:00,1690.03,Дебетовая карта,карта,0
user_1823,2023-01-16 13:24:00,4502.08,Дебетовая карта,криптовалюта,0
user_1504,2023-02-24 16:55:00,5258.8,Дебетовая карта,карта,0
user_1962,2023-10-27 20:53:00,5908.93,Вклад,Apple Pay,0
user_330,2024-01-07 11:38:00,742.15,Вклад,Apple Pay,0
user_404,2023-02-10 18:53:00,2206.03,Дебетовая карта,карта,0
user_812,2023-02-24 15:07:00,1922.83,Кредит,карта,1
user_1841,2023-09-03 14:53:00,4085.16,Кредит,Apple Pay,0
user_1598,2023-05-04 17:39:00,2198.64,Дебетовая карта,карта,0
user_741,2023-11-29 20:11:00,7632.5,Страхование,карта,0
user_33,2023-01-07 16:07:00,5938.5,Дебетовая карта,Google Pay,0
user_1239,2023-07-24 15:36:00,525.1,Дебетовая карта,Google Pay,0
user_618,2023-01-06 15:46:00,3160.0,Дебетовая карта,Apple Pay,0
user_448,2023-01-12 13:20:00,1960.85,Дебетовая карта,Google Pay,0
user_429,2023-06-04 14:08:00,1307.57,Страхование,Google Pay,0
user_497,2023-08-16 09:05:00,4115.42,Вклад,Apple Pay,0
user_639,2023-09-02 19:42:00,1757.75,Страхование,Apple Pay,0
user_1238,2023-06-02 13:29:00,1862.36,Кредит,карта,0
user_328,2023-01-16 16:08:00,1977.51,Страхование,карта,0
user_970,2023-11-24 13:22:00,4083.05,Кредит,Apple Pay,0
user_1843,2023-07-20 10:14:00,77730.72,Кредит,Apple Pay,0
user_1929,2023-04-05 19:09:00,627.52,Вклад,карта,0
user_1660,2023-02-28 11:25:00,4180.83,Кредит,Apple Pay,0
user_529,2023-10-02 14:32:00,3038.98,Кредит,карта,0
user_293,2023-08-24 11:00:00,858.12,Кредит,Google Pay,0
user_1757,2023-11-07 20:03:00,1416.0,Вклад,карта,0
user_808,2024-02-22 19:47:00,2207.28,Кредит,Apple Pay,0
user_921,2023-09-15 13:35:00,4271.7,Инвестиции,банковский перевод,0
user_853,2023-01-06 12:23:00,1169.59,Дебетовая карта,Apple Pay,0
user_270,2023-08-21 12:25:00,7635.26,Дебетовая карта,Apple Pay,0
user_1443,2023-11-26 20:49:00,1141.6,Дебетовая карта,карта,0
user_479,2023-02-04 16:27:00,1039.27,Страхование,карта,0
user_467,2023-08-26 18:19:00,45555.25,Вклад,криптовалюта,1
user_1512,2023-09-05 19:33:00,6196.07,Кредит,криптовалюта,0
user_1426,2023-09-10 19:01:00,1187.28,Страхование,Google Pay,0
user_1654,2023-06-20 14:00:00,2750.9,Дебетовая карта,банковский перевод,0
user_1413,2023-08-04 20:47:00,4200.3,Ипотека,карта,0
user_80,2023-01-16 19:47:00,555.97,Дебетовая карта,Google Pay,1
user_835,2024-02-04 10:53:00,2115.96,Кредит,карта,0
user_821,2023-01-10 09:21:00,3820.2,Страхование,Apple Pay,0
user_643,2024-01-07 19:38:00,8724.44,Кредит,Google Pay,0
user_989,2023-01-17 19:15:00,3199.62,Страхование,Apple Pay,0
user_995,2023-12-05 12:33:00,927.58,Дебетовая карта,карта,0
user_1231,2023-02-13 20:05:00,514.38,Кредит,криптовалюта,0
user_1920,2024-03-10 19:09:00,853.96,Кредит,Apple Pay,0
user_1302,2023-11-13 13:18:00,4294.85,Кредит,криптовалюта,0
user_1866,2023-05-29 11:57:00,2621.5,Кредит,карта,0
user_1662,2023-01-20 13:21:00,2273.04,Дебетовая карта,карта,0
user_1469,2023-07-10 12:39:00,5014.18,Страхование,криптовалюта,0
user_547,2024-02-22 17:13:00,2349.18,Кредит,Google Pay,0
user_1156,2024-03-29 13:18:00,709.56,Кредит,карта,0
user_224,2023-11-07 20:19:00,2184.98,Инвестиции,карта,0
user_1848,2023-04-02 18:28:00,6398.32,Кредит,карта,0
user_373,2023-11-27 14:02:00,785.85,Инвестиции,криптовалюта,1
user_478,2023-06-14 19:56:00,19941.08,Кредит,карта,0
user_1874,2023-06-15 17:05:00,5141.4,Инвестиции,карта,0
user_244,2023-04-09 17:02:00,971.44,Страхование,карта,0
user_1094,2023-12-06 20:04:00,861.53,Кредит,карта,0
user_1150,2023-09-22 13:38:00,4702.36,Дебетовая карта,карта,1
user_439,2024-02-12 09:40:00,10572.19,Дебетовая карта,банковский перевод,0
user_780,2023-03-25 15:26:00,515.6,Кредит,банковский перевод,0
user_1572,2023-08-18 18:36:00,2802.02,Дебетовая карта,карта,0
user_1424,2023-06-07 16:35:00,2118.82,Вклад,криптовалюта,0
user_1175,2023-02-01 16:20:00,33975.75,Страхование,Google Pay,0
user_1088,2023-03-08 15:30:00,1125.15,Кредит,Google Pay,0
user_735,2023-11-29 14:44:00,811.1,Страхование,карта,0
user_1248,2023-05-09 16:57:00,1553.04,Кредит,Google Pay,0
user_37,2023-09-24 17:22:00,5149.22,Кредит,банковский перевод,0
user_141,2023-11-04 19:52:00,741.09,Кредит,Google Pay,0
user_1566,2024-02-21 12:50:00,6724.2,Дебетовая карта,Apple Pay,0
user_349,2023-06-08 19:00:00,3098.71,Кредит,карта,0
user_1435,2024-02-18 11:12:00,653.69,Кредит,карта,0
user_33,2023-09-12 15:09:00,3819.93,Дебетовая карта,Apple Pay,0
user_525,2023-09-01 18:29:00,1472.34,Ипотека,карта,0
user_1877,2023-09-22 19:10:00,72060.77,Вклад,карта,1
user_532,2023-05-28 19:09:00,2821.7,Ипотека,Google Pay,0
user_1966,2023-04-26 12:49:00,2618.66,Кредит,криптовалюта,0
user_543,2023-03-07 13:24:00,9168.06,Инвестиции,Google Pay,0
user_1273,2023-02-06 10:22:00,4012.68,Кредит,Apple Pay,0
user_1341,2023-02-09 20:27:00,2164.35,Кредит,карта,0
user_1268,2023-01-04 16:45:00,90678.45,Кредит,Apple Pay,0
user_589,2023-10-04 15:05:00,1403.55,Дебетовая карта,Google Pay,0
user_1518,2023-11-29 20:21:00,564.58,Кредит,карта,0
user_621,2023-02-25 11:39:00,4862.47,Страхование,криптовалюта,0
user_1629,2023-10-20 19:24:00,1462.03,Страхование,карта,0
user_754,2024-02-07 12:30:00,3325.65,Кредит,Apple Pay,0
user_1674,2023-10-27 12:22:00,2148.34,Страхование,Google Pay,0
user_1961,2024-01-12 15:36:00,3968.48,Кредит,криптовалюта,0
user_1510,2023-10-11 18:58:00,1644.08,Кредит,карта,0
user_921,2023-07-01 13:54:00,5503.73,Кредит,карта,0
user_846,2023-08-07 20:52:00,2003.23,Кредит,криптовалюта,0
user_755,2023-12-02 17:56:00,655.59,Кредит,карта,0
user_703,2023-05-05 14:32:00,1388.14,Кредит,карта,0
user_941,2023-03-30 15:39:00,2269.62,Дебетовая карта,карта,0
user_972,2023-08-17 16:06:00,5602.73,Инвестиции,Apple Pay,0
user_1439,2023-08-12 20:15:00,1934.08,Инвестиции,Google Pay,0
user_1780,2023-07-27 16:37:00,614.64,Ипотека,карта,0
user_1768,2023-03-24 10:45:00,2105.61,Кредит,Apple Pay,0
user_1209,2023-08-31 19:59:00,2447.17,Кредит,Apple Pay,0
user_1982,2023-03-17 13:49:00,2131.18,Вклад,Apple Pay,0
user_1788,2023-05-14 11:09:00,13756.61,Вклад,карта,0
user_973,2023-08-16 13:55:00,1729.65,Кредит,Google Pay,0
user_825,2024-03-15 09:54:00,4048.05,Страхование,Google Pay,0
user_921,2023-02-10 17:57:00,3571.7,Ипотека,карта,0
user_47,2023-06-07 10:03:00,1460.41,Дебетовая карта,Google Pay,0
user_661,2023-06-05 20:27:00,648.86,Ипотека,Apple Pay,0
user_766,2023-07-10 09:39:00,3306.77,Кредит,карта,0
user_1559,2023-03-27 17:49:00,3778.92,Дебетовая карта,Google Pay,0
user_526,2023-12-19 15:39:00,3113.15,Кредит,карта,0
user_1312,2023-06-29 17:40:00,2527.02,Вклад,карта,0
user_645,2023-03-27 12:46:00,5094.16,Кредит,криптовалюта,0
user_727,2023-07-19 11:59:00,1743.42,Дебетовая карта,карта,0
user_138,2024-01-30 18:25:00,1170.91,Кредит,криптовалюта,1
user_1038,2023-09-10 20:31:00,1987.51,Дебетовая карта,Apple Pay,0
user_195,2024-01-11 19:48:00,6186.49,Вклад,карта,0
user_412,2023-10-01 13:20:00,2852.8,Дебетовая карта,карта,0
user_1004,2024-01-05 14:14:00,982.24,Дебетовая карта,карта,0
user_1388,2023-03-25 16:57:00,991.27,Ипотека,Google Pay,0
user_809,2023-06-22 16:18:00,2483.87,Инвестиции,карта,0
user_505,2023-07-01 13:21:00,1848.04,Ипотека,Apple Pay,0
user_1795,2024-01-21 19:16:00,808.26,Кредит,криптовалюта,0
user_700,2023-06-13 09:45:00,3225.47,Дебетовая карта,криптовалюта,0
user_642,2023-11-19 19:33:00,5237.94,Страхование,Google Pay,1
user_137,2024-02-18 10:22:00,1244.43,Ипотека,Apple Pay,0
user_704,2023-07-23 18:13:00,2464.6,Кредит,карта,0
user_440,2023-05-29 10:56:00,611.91,Ипотека,карта,0
user_708,2023-07-26 09:14:00,1233.69,Дебетовая карта,карта,0
user_390,2023-09-17 14:30:00,14252.23,Страхование,банковский перевод,0
user_394,2023-01-29 19:49:00,3944.72,Дебетовая карта,Google Pay,0
user_1471,2023-04-09 13:05:00,796.37,Кредит,карта,0
user_949,2023-02-28 19:06:00,4337.14,Кредит,карта,0
user_1389,2023-06-09 20:19:00,3265.44,Кредит,карта,0
user_1154,2023-11-09 10:52:00,2266.41,Вклад,карта,0
user_1077,2024-02-23 19:37:00,2105.38,Вклад,карта,0
user_933,2024-03-18 17:22:00,1771.61,Дебетовая карта,Google Pay,0
user_775,2024-02-13 12:50:00,731.09,Вклад,Apple Pay,0
user_525,2024-02-28 14:13:00,4856.77,Дебетовая карта,Apple Pay,0
user_1779,2023-03-14 15:40:00,2963.17,Кредит,карта,0
user_819,2023-09-26 16:01:00,1267.07,Кредит,карта,0
user_1769,2023-01-22 12:53:00,580.55,Дебетовая карта,карта,0
user_1537,2023-08-18 13:39:00,598.09,Дебетовая карта,карта,0
user_1206,2023-07-15 10:30:00,643.02,Ипотека,карта,0
user_1686,2023-11-14 19:22:00,1818.26,Ипотека,Apple Pay,0
user_1316,2023-03-19 19:22:00,3971.47,Дебетовая карта,Apple Pay,1
user_1632,2023-03-13 15:03:00,1341.95,Кредит,Apple Pay,0
user_1593,2024-03-27 18:26:00,3589.4,Страхование,криптовалюта,1
user_1292,2023-09-06 13:28:00,512.31,Кредит,банковский перевод,0
user_1446,2024-03-01 17:39:00,1497.99,Дебетовая карта,Google Pay,0
user_1636,2024-03-20 10:54:00,7474.01,Ипотека,карта,0
user_450,2023-03-21 12:38:00,2227.6,Инвестиции,карта,0
user_1754,2023-03-04 14:20:00,1904.48,Ипотека,Google Pay,0
user_1007,2023-01-05 11:26:00,5840.86,Кредит,криптовалюта,0
user_245,2023-02-08 20:25:00,1159.9,Дебетовая карта,криптовалюта,0
user_304,2023-12-07 11:33:00,681.17,Страхование,Apple Pay,0
user_1501,2023-02-21 11:41:00,2974.56,Кредит,Google Pay,0
user_1619,2023-06-02 20:59:00,3701.96,Страхование,карта,0
user_1309,2023-03-01 16:46:00,2486.23,Дебетовая карта,карта,0
user_1308,2023-05-06 19:44:00,1260.88,Инвестиции,карта,0
user_1732,2023-05-28 10:26:00,2659.42,Дебетовая карта,карта,0
user_1959,2023-06-18 15:13:00,2824.73,Кредит,Google Pay,0
user_1664,2023-05-22 19:50:00,1867.11,Ипотека,карта,0
user_274,2023-12-01 13:29:00,712.99,Страхование,Google Pay,0
user_1605,2023-05-14 13:31:00,5677.49,Дебетовая карта,Google Pay,0
user_1021,2024-01-26 18:11:00,7112.45,Ипотека,криптовалюта,0
user_1598,2024-03-06 09:02:00,6476.74,Вклад,банковский перевод,0
user_1449,2024-01-23 12:51:00,2657.94,Вклад,Google Pay,0
user_1356,2023-02-01 11:49:00,1052.01,Дебетовая карта,Apple Pay,0
user_1735,2023-03-30 15:43:00,2413.42,Инвестиции,Google Pay,1
user_303,2023-06-08 10:49:00,1167.32,Вклад,карта,0
user_1707,2023-10-10 19:42:00,3285.28,Вклад,Google Pay,0
user_695,2023-12-05 16:40:00,1213.71,Ипотека,криптовалюта,0
user_404,2023-07-14 20:48:00,4176.16,Кредит,карта,0
user_1441,2023-04-21 20:14:00,1275.25,Страхование,карта,0
user_1965,2023-11-18 20:25:00,1117.34,Инвестиции,карта,0
user_176,2023-03-26 20:47:00,1805.88,Кредит,карта,0
user_1963,2023-07-24 20:06:00,2508.59,Страхование,Apple Pay,0
user_686,2023-08-28 11:11:00,6164.03,Инвестиции,Google Pay,0
user_1939,2023-06-08 15:10:00,1223.58,Дебетовая карта,карта,0
user_99,2023-08-25 18:08:00,5993.9,Кредит,карта,0
user_1228,2023-01-07 17:24:00,3320.22,Кредит,Apple Pay,0
user_1069,2023-03-28 19:25:00,2893.56,Кредит,криптовалюта,0
user_1664,2023-02-23 12:34:00,4420.45,Дебетовая карта,карта,0
user_944,2023-05-13 20:37:00,1230.44,Вклад,Apple Pay,0
user_153,2023-02-02 13:20:00,1543.09,Вклад,карта,0
user_368,2023-03-08 09:06:00,556.2,Дебетовая карта,карта,0
user_511,2023-11-07 11:25:00,3766.88,Дебетовая карта,карта,0
user_1743,2023-03-06 20:59:00,756.01,Вклад,карта,0
user_184,2023-11-11 12:36:00,5229.52,Инвестиции,карта,0
user_1679,2023-06-25 19:36:00,69967.94,Инвестиции,карта,0
user_1012,2023-02-28 10:47:00,4053.34,Страхование,карта,0
user_1131,2023-11-28 17:19:00,1887.24,Кредит,криптовалюта,0
user_1930,2023-11-03 12:38:00,3054.85,Ипотека,банковский перевод,0
user_1535,2023-05-30 10:49:00,508.19,Инвестиции,криптовалюта,0
user_1299,2024-01-06 18:38:00,622.24,Ипотека,карта,0
user_1649,2023-10-18 18:33:00,3126.04,Вклад,карта,0
user_923,2024-02-03 18:32:00,2760.53,Дебетовая карта,карта,0
user_1863,2023-09-25 20:30:00,2213.26,Дебетовая карта,карта,0
user_1586,2023-02-19 19:00:00,6128.59,Дебетовая карта,Google Pay,0
user_1954,2023-04-23 12:01:00,892.55,Дебетовая карта,Apple Pay,0
user_1101,2023-04-09 11:33:00,3312.05,Дебетовая карта,карта,0
user_1286,2024-02-05 12:23:00,1983.27,Ипотека,карта,0
user_916,2023-11-10 17:56:00,3778.17,Дебетовая карта,Apple Pay,1
user_1851,2023-08-26 18:50:00,2319.06,Дебетовая карта,Google Pay,0
user_1259,2023-07-11 19:59:00,3566.2,Вклад,Apple Pay,0
user_318,2023-02-24 18:37:00,1816.85,Кредит,карта,0
user_1024,2024-01-04 15:12:00,2320.71,Кредит,Apple Pay,0
user_267,2023-07-15 17:53:00,3360.33,Страхование,Apple Pay,0
user_1284,2023-02-02 11:14:00,1151.94,Дебетовая карта,Google Pay,0
user_1399,2023-09-27 09:57:00,41322.14,Кредит,карта,0
user_1606,2023-11-17 19:01:00,4985.03,Дебетовая карта,Google Pay,0
user_307,2023-05-05 14:46:00,2431.4,Кредит,карта,0
user_925,2023-10-23 14:18:00,693.95,Кредит,карта,0
user_709,2023-05-31 13:41:00,1302.56,Дебетовая карта,Google Pay,0
user_831,2024-01-31 14:54:00,6402.4,Ипотека,банковский перевод,0
user_1880,2023-05-17 19:00:00,1357.08,Кредит,банковский перевод,0
user_1118,2023-12-08 20:16:00,30964.05,Дебетовая карта,Google Pay,0
user_887,2023-11-07 09:51:00,51023.61,Дебетовая карта,Apple Pay,0
user_1810,2023-08-11 14:55:00,3304.82,Страхование,карта,0
user_1064,2024-02-26 11:57:00,3736.21,Дебетовая карта,криптовалюта,0
user_846,2023-04-06 18:46:00,2925.99,Страхование,карта,1
user_1081,2023-08-18 16:23:00,1995.08,Инвестиции,Google Pay,0
user_1696,2023-07-03 15:51:00,565.26,Кредит,Apple Pay,0
user_906,2023-08-08 15:42:00,2306.53,Инвестиции,криптовалюта,0
user_1235,2024-02-23 19:22:00,1896.98,Кредит,Apple Pay,0
user_358,2024-01-28 14:05:00,1734.76,Инвестиции,карта,0
user_25,2023-02-03 11:22:00,3029.69,Вклад,криптовалюта,0
user_135,2023-07-02 11:10:00,1128.0,Вклад,карта,0
user_953,2023-01-15 19:15:00,928.08,Дебетовая карта,карта,0
user_1437,2023-10-23 14:21:00,40306.25,Дебетовая карта,карта,0
user_422,2023-04-23 09:06:00,1412.69,Кредит,карта,0
user_1887,2023-11-05 14:58:00,2442.03,Дебетовая карта,Google Pay,0
user_301,2023-03-09 20:05:00,2345.29,Вклад,карта,0
user_1393,2023-11-30 20:09:00,2456.56,Дебетовая карта,криптовалюта,0
user_469,2023-08-05 20:48:00,2008.7,Дебетовая карта,карта,0
user_119,2023-04-10 11:20:00,920.49,Дебетовая карта,карта,0
user_1425,2023-07-30 12:05:00,4191.24,Инвестиции,Google Pay,0
user_1037,2023-08-15 13:18:00,634.81,Дебетовая карта,карта,0
user_1255,2024-01-12 12:53:00,5238.19,Вклад,карта,0
user_1883,2023-01-06 15:57:00,4568.77,Ипотека,карта,0
user_1074,2023-05-11 16:44:00,4191.91,Кредит,карта,0
user_1683,2023-06-05 16:39:00,3702.18,Кредит,Apple Pay,0
user_991,2023-08-03 13:28:00,5697.91,Ипотека,карта,0
user_699,2023-03-09 14:19:00,6269.31,Страхование,Apple Pay,0
user_779,2023-06-04 11:31:00,1774.13,Дебетовая карта,Google Pay,1
user_690,2023-01-04 09:12:00,55442.03,Кредит,Google Pay,0
user_1774,2023-09-17 12:29:00,1952.33,Дебетовая карта,Apple Pay,0
user_1023,2023-03-09 14:27:00,987.53,Страхование,карта,0
user_1865,2023-05-28 09:37:00,6795.23,Дебетовая карта,банковский перевод,0
user_503,2023-04-03 14:42:00,1055.38,Инвестиции,карта,0
user_1529,2023-02-15 17:22:00,747.96,Кредит,Google Pay,1
user_231,2023-08-18 09:29:00,7290.54,Дебетовая карта,карта,0
user_577,2023-06-22 11:31:00,630.31,Кредит,Google Pay,0
user_67,2023-10-24 13:38:00,4329.33,Дебетовая карта,Apple Pay,0
user_1828,2023-06-05 18:16:00,12201.49,Инвестиции,карта,0
user_597,2023-12-30 13:33:00,3420.9,Кредит,Google Pay,0
user_1639,2023-02-01 09:59:00,3660.0,Вклад,карта,0
user_852,2023-01-04 15:27:00,2771.91,Дебетовая карта,Google Pay,0
user_249,2023-10-17 09:10:00,1737.61,Дебетовая карта,Apple Pay,0
user_688,2023-06-04 20:20:00,1192.76,Кредит,карта,0
user_684,2023-09-17 15:24:00,11260.09,Дебетовая карта,Apple Pay,0
user_1018,2024-01-13 17:26:00,5563.19,Ипотека,Apple Pay,0
user_656,2023-05-19 12:56:00,2642.8,Кредит,карта,0
user_1353,2023-02-27 11:15:00,763.59,Кредит,Google Pay,1
user_1461,2024-01-15 17:57:00,609.88,Кредит,карта,0
user_311,2023-11-25 14:02:00,1316.6,Вклад,карта,0
user_1048,2024-02-03 17:04:00,1083.38,Кредит,карта,0
user_1158,2024-03-17 16:37:00,10290.79,Ипотека,криптовалюта,0
user_534,2023-06-12 12:21:00,3904.8,Вклад,карта,0
user_1544,2023-01-23 14:03:00,794.95,Вклад,Google Pay,0
user_462,2023-09-29 11:36:00,6596.09,Кредит,Google Pay,0
user_1744,2023-06-19 12:08:00,3032.72,Дебетовая карта,Apple Pay,0
user_916,2023-06-24 09:14:00,1796.46,Инвестиции,карта,0
user_733,2023-07-31 16:27:00,1144.63,Дебетовая карта,карта,0
user_1332,2023-02-16 17:25:00,4979.01,Страхование,карта,0
user_1240,2023-10-13 20:02:00,3192.11,Вклад,Apple Pay,0
user_1018,2024-03-25 20:31:00,974.72,Ипотека,карта,0
user_1374,2023-01-13 11:13:00,5038.95,Дебетовая карта,карта,0
user_523,2023-09-23 17:29:00,10218.43,Инвестиции,карта,0
user_1618,2023-06-11 09:56:00,37222.08,Кредит,карта,0
user_1240,2024-03-26 09:19:00,2015.47,Вклад,карта,0
user_426,2024-03-23 13:37:00,1005.87,Вклад,карта,0
user_1998,2023-08-22 16:52:00,6226.28,Дебетовая карта,банковский перевод,0
user_1731,2023-06-22 18:27:00,964.3,Кредит,криптовалюта,0
user_354,2023-04-04 09:42:00,1000.01,Дебетовая карта,карта,0
user_1570,2023-10-02 19:14:00,6313.61,Кредит,Apple Pay,0
user_1057,2023-11-21 09:08:00,1679.24,Дебетовая карта,карта,0
user_1540,2023-09-28 15:35:00,7087.43,Кредит,Apple Pay,0
user_752,2024-01-17 19:11:00,660.69,Дебетовая карта,карта,0
user_489,2023-04-03 15:57:00,3867.44,Дебетовая карта,Apple Pay,0
user_437,2023-11-01 10:38:00,3556.22,Кредит,карта,0
user_133,2023-06-03 10:42:00,1192.69,Вклад,Apple Pay,0
user_1751,2023-05-07 18:33:00,671.75,Дебетовая карта,карта,0
user_626,2023-07-23 11:17:00,525.7,Вклад,Apple Pay,0
user_1916,2023-06-01 17:24:00,5006.82,Инвестиции,карта,0
user_452,2023-01-16 09:16:00,6888.26,Инвестиции,Apple Pay,0
user_701,2023-08-21 12:59:00,2551.04,Дебетовая карта,криптовалюта,0
user_1758,2023-04-16 13:23:00,1580.42,Дебетовая карта,карта,0
user_695,2023-05-05 19:15:00,673.13,Дебетовая карта,карта,0
user_1517,2023-01-05 15:38:00,2179.25,Дебетовая карта,Apple Pay,0
user_184,2023-07-27 14:51:00,7924.88,Кредит,карта,0
user_1909,2023-06-20 16:50:00,5417.38,Кредит,карта,0
user_1236,2023-07-01 15:23:00,2480.52,Ипотека,Google Pay,0
user_1501,2023-10-07 15:51:00,755.14,Кредит,Apple Pay,0
user_54,2023-04-26 10:25:00,2809.69,Дебетовая карта,карта,0
user_1930,2023-10-06 12:59:00,759.9,Кредит,карта,1
user_993,2023-08-23 18:32:00,5862.63,Кредит,карта,0
user_424,2023-06-28 19:09:00,4929.14,Кредит,Google Pay,0
user_306,2023-04-25 18:54:00,4864.43,Дебетовая карта,карта,0
user_175,2023-05-13 15:29:00,516.24,Вклад,карта,0
user_1345,2023-11-27 14:36:00,1032.47,Инвестиции,Apple Pay,0
user_426,2023-11-01 18:08:00,4937.86,Вклад,Apple Pay,0
user_1858,2023-10-29 11:00:00,2399.14,Инвестиции,карта,0
user_456,2023-11-22 13:43:00,65535.59,Вклад,карта,0
user_178,2024-03-02 10:27:00,1491.48,Кредит,криптовалюта,0
user_1706,2023-02-14 18:59:00,4142.39,Инвестиции,Google Pay,0
user_1556,2024-01-31 20:19:00,2558.45,Дебетовая карта,Google Pay,0
user_1038,2023-05-07 19:39:00,3215.36,Страхование,карта,0
user_1662,2023-06-21 11:01:00,1839.46,Кредит,Apple Pay,1
user_1452,2023-01-18 17:15:00,1268.09,Дебетовая карта,криптовалюта,0
user_353,2024-01-09 19:27:00,540.82,Дебетовая карта,криптовалюта,0
user_832,2023-05-17 11:15:00,668.78,Кредит,карта,0
user_1846,2023-10-07 18:44:00,923.93,Вклад,карта,0
user_1357,2024-03-12 16:30:00,606.47,Инвестиции,Apple Pay,0
user_1242,2023-06-11 13:22:00,4308.19,Инвестиции,карта,0
user_355,2024-02-05 15:13:00,3715.33,Инвестиции,карта,0
user_1070,2023-03-29 09:50:00,1341.31,Инвестиции,карта,0
user_332,2023-04-10 10:17:00,2644.14,Инвестиции,карта,0
user_1343,2023-08-10 20:51:00,2437.59,Вклад,Apple Pay,0
user_445,2023-03-19 15:49:00,28351.07,Страхование,карта,0
user_577,2023-12-13 14:14:00,799.47,Кредит,карта,0
user_1148,2023-12-24 14:14:00,8208.65,Ипотека,Google Pay,0
user_51,2023-11-21 19:53:00,543.76,Дебетовая карта,Apple Pay,0
user_1400,2024-03-02 16:46:00,3773.5,Кредит,криптовалюта,0
user_885,2023-04-21 12:08:00,755.68,Дебетовая карта,карта,1
user_1025,2023-02-06 19:27:00,4245.61,Инвестиции,Apple Pay,0
user_1487,2023-09-10 10:11:00,1064.84,Вклад,карта,0
user_1541,2023-02-04 14:34:00,1452.81,Кредит,криптовалюта,0
user_1838,2023-02-27 17:06:00,6419.82,Дебетовая карта,карта,1
user_360,2024-01-17 20:38:00,3832.76,Страхование,Apple Pay,0
user_861,2023-09-05 17:14:00,2998.63,Вклад,карта,0
user_191,2024-02-24 19:41:00,3463.58,Кредит,криптовалюта,0
user_528,2024-03-30 12:53:00,2112.79,Страхование,карта,0
user_1104,2023-01-16 17:17:00,1134.33,Вклад,карта,0
user_263,2024-03-13 15:11:00,7362.94,Кредит,Apple Pay,0
user_892,2023-05-24 19:48:00,6271.7,Дебетовая карта,карта,0
user_1871,2023-06-13 12:01:00,5033.9,Дебетовая карта,карта,0
user_142,2023-02-26 09:19:00,2037.68,Вклад,карта,0
user_462,2023-03-27 09:46:00,3358.33,Ипотека,карта,0
user_566,2024-02-05 19:50:00,80382.28,Ипотека,карта,0
user_1823,2023-02-28 10:50:00,1561.27,Вклад,карта,0
user_1469,2023-01-07 18:07:00,1261.44,Дебетовая карта,Google Pay,0
user_368,2023-01-24 18:43:00,2949.85,Кредит,Google Pay,0
user_1402,2023-02-08 09:53:00,641.03,Вклад,Google Pay,0
user_37,2023-04-30 20:31:00,1700.99,Дебетовая карта,карта,0
user_1597,2024-03-21 19:36:00,1390.01,Вклад,карта,0
user_449,2023-02-17 19:20:00,1107.17,Ипотека,Apple Pay,0
user_1424,2023-04-25 15:21:00,3132.17,Кредит,банковский перевод,0
user_986,2023-12-03 12:54:00,1367.04,Дебетовая карта,карта,0
user_1468,2023-02-15 14:57:00,4943.42,Вклад,Google Pay,0
user_698,2024-01-18 18:37:00,889.03,Дебетовая карта,Apple Pay,0
user_1062,2023-09-17 11:17:00,624.54,Кредит,Apple Pay,0
user_1816,2023-09-21 12:18:00,1343.29,Вклад,карта,0
user_1606,2023-11-05 17:29:00,762.79,Кредит,Google Pay,0
user_1091,2023-05-10 11:15:00,975.8,Дебетовая карта,карта,0
user_1846,2023-05-31 20:19:00,7025.54,Ипотека,карта,0
user_236,2024-02-18 15:27:00,861.72,Дебетовая карта,карта,0
user_1401,2023-05-02 18:50:00,720.03,Кредит,криптовалюта,0
user_1251,2024-03-22 18:05:00,1697.65,Инвестиции,Apple Pay,0
user_514,2024-02-05 16:30:00,1032.43,Кредит,карта,0
user_778,2023-04-26 15:48:00,6708.3,Кредит,карта,0
user_812,2023-09-26 10:45:00,6381.63,Ипотека,Apple Pay,0
user_1358,2023-12-25 17:12:00,6393.97,Страхование,криптовалюта,0
user_1250,2023-05-15 14:52:00,4764.44,Дебетовая карта,Apple Pay,0
user_1573,2024-01-06 10:04:00,1443.99,Вклад,Apple Pay,0
user_1315,2023-01-23 20:51:00,1535.77,Дебетовая карта,карта,1
user_1972,2023-04-09 19:30:00,3004.4,Инвестиции,карта,0
user_1660,2023-05-23 17:04:00,942.84,Вклад,карта,0
user_1154,2023-02-26 12:36:00,1435.88,Вклад,Apple Pay,0
user_38,2024-01-17 15:26:00,1051.6,Кредит,Apple Pay,1
user_734,2023-09-24 09:39:00,2670.61,Кредит,карта,0
user_256,2024-01-02 14:38:00,3703.69,Кредит,карта,0
user_868,2023-05-16 20:11:00,1374.18,Вклад,карта,0
user_1987,2023-03-04 20:30:00,607.89,Вклад,Google Pay,0
user_806,2023-07-02 18:16:00,63749.14,Дебетовая карта,карта,0
user_1635,2023-05-15 09:31:00,1677.78,Кредит,Apple Pay,0
user_902,2023-12-08 20:31:00,13916.87,Дебетовая карта,карта,0
user_1154,2023-02-04 11:16:00,1732.67,Кредит,карта,0
user_61,2024-02-11 15:56:00,921.97,Инвестиции,карта,0
user_1376,2024-01-20 19:16:00,83190.03,Инвестиции,карта,0
user_495,2023-09-13 09:22:00,3492.8,Вклад,карта,0
user_921,2023-05-23 10:03:00,2962.43,Ипотека,карта,0
user_1976,2023-06-21 09:36:00,4558.04,Вклад,Apple Pay,0
user_447,2023-05-07 11:06:00,1670.46,Дебетовая карта,Google Pay,0
user_1857,2023-07-31 11:34:00,4734.04,Вклад,Google Pay,0
user_1658,2024-03-24 17:06:00,2080.05,Кредит,карта,0
user_97,2023-02-11 19:52:00,5526.07,Кредит,карта,0
user_739,2023-06-14 14:22:00,6840.45,Вклад,Apple Pay,0
user_1960,2023-09-22 11:56:00,11574.21,Кредит,карта,0
user_909,2023-07-03 11:18:00,1181.83,Инвестиции,Google Pay,0
user_1584,2024-02-07 12:48:00,717.72,Кредит,криптовалюта,1
user_1838,2023-12-15 20:09:00,878.79,Дебетовая карта,карта,0
user_6,2023-06-28 19:07:00,13458.73,Дебетовая карта,карта,0
user_1463,2023-01-16 09:04:00,1485.03,Кредит,карта,0
user_1827,2023-12-27 13:08:00,761.29,Кредит,карта,0
user_1156,2023-11-17 12:08:00,1509.9,Дебетовая карта,карта,0
user_1921,2024-03-25 16:26:00,1895.47,Кредит,криптовалюта,0
user_1399,2024-02-24 11:35:00,16272.37,Кредит,карта,0
user_1258,2023-12-09 09:16:00,2087.26,Кредит,карта,0
user_248,2023-02-13 15:40:00,1961.36,Дебетовая карта,карта,0
user_1577,2023-03-13 10:27:00,2711.95,Инвестиции,карта,0
user_1711,2023-06-30 10:40:00,1055.68,Инвестиции,Apple Pay,0
user_666,2023-12-18 14:21:00,1513.6,Дебетовая карта,карта,0
user_317,2023-03-14 12:30:00,7545.85,Вклад,Apple Pay,0
user_1145,2024-03-28 11:49:00,81098.87,Ипотека,Google Pay,0
user_1878,2023-08-17 15:18:00,1609.47,Дебетовая карта,Google Pay,0
user_1464,2024-03-05 09:12:00,3987.13,Ипотека,карта,0
user_1621,2023-05-25 15:25:00,764.2,Страхование,карта,0
user_1123,2024-02-27 11:34:00,4711.45,Кредит,Google Pay,0
user_836,2023-08-09 12:01:00,2872.62,Дебетовая карта,карта,0
user_610,2024-01-05 11:08:00,7038.22,Ипотека,карта,0
user_1615,2023-09-17 10:38:00,592.44,Кредит,карта,0
user_1299,2023-11-29 11:04:00,2015.15,Кредит,Apple Pay,0
user_1496,2023-02-14 09:29:00,2032.33,Кредит,Apple Pay,0
user_1677,2023-06-22 18:23:00,11042.19,Кредит,криптовалюта,0
user_1959,2023-10-24 14:25:00,6844.35,Кредит,Google Pay,0
user_1673,2023-12-04 15:34:00,3553.27,Дебетовая карта,банковский перевод,0
user_893,2023-07-24 17:18:00,99144.35,Страхование,банковский перевод,0
user_265,2023-01-23 14:18:00,1950.89,Кредит,карта,0
user_1119,2024-02-13 20:13:00,69069.53,Инвестиции,карта,0
user_891,2023-07-14 14:13:00,1316.77,Ипотека,Google Pay,0
user_1871,2023-01-05 20:39:00,2415.82,Дебетовая карта,криптовалюта,0
user_78,2023-07-07 11:28:00,3726.88,Ипотека,Apple Pay,0
user_1713,2023-05-04 11:57:00,2571.49,Вклад,карта,0
user_1266,2023-10-26 12:12:00,2530.0,Кредит,карта,0
user_141,2023-12-16 16:51:00,1665.88,Кредит,банковский перевод,0
user_485,2023-12-11 13:39:00,1321.24,Дебетовая карта,карта,0
user_125,2023-06-23 10:01:00,81820.32,Ипотека,криптовалюта,0
user_1861,2023-02-06 20:50:00,3655.21,Кредит,карта,0
user_1290,2023-06-27 19:44:00,3022.45,Вклад,криптовалюта,0
user_1237,2023-03-03 11:22:00,1187.77,Инвестиции,карта,0
user_1041,2024-01-02 16:23:00,57323.85,Ипотека,банковский перевод,0
user_802,2024-01-16 12:54:00,2665.38,Ипотека,Apple Pay,0
user_343,2023-11-25 17:05:00,533.8,Кредит,Google Pay,0
user_1463,2023-03-09 20:46:00,34669.7,Кредит,карта,1
user_264,2023-04-28 19:18:00,1932.58,Кредит,карта,0
user_415,2023-06-09 12:29:00,1612.19,Кредит,карта,0
user_1954,2023-12-13 10:58:00,8444.3,Инвестиции,Google Pay,0
user_183,2023-05-19 20:52:00,1540.19,Вклад,карта,0
user_1902,2023-09-07 10:34:00,2716.98,Ипотека,Apple Pay,0
user_175,2023-12-13 20:05:00,3560.79,Дебетовая карта,карта,0
user_974,2023-12-05 12:44:00,5764.26,Дебетовая карта,Apple Pay,0
user_1166,2023-09-22 19:00:00,2078.68,Кредит,карта,0
user_228,2023-08-18 17:22:00,631.42,Дебетовая карта,криптовалюта,0
user_1778,2023-05-24 12:44:00,2064.55,Страхование,карта,1
user_1915,2023-04-05 20:12:00,4977.58,Вклад,криптовалюта,0
user_446,2023-07-09 20:01:00,653.6,Страхование,Apple Pay,0
user_444,2023-06-03 19:18:00,4059.25,Инвестиции,карта,0
user_1521,2023-05-05 09:08:00,2198.28,Кредит,криптовалюта,0
user_744,2023-03-31 19:32:00,2674.19,Кредит,карта,0
user_76,2023-04-16 18:36:00,747.07,Вклад,Apple Pay,0
user_1501,2023-05-24 12:13:00,1347.17,Дебетовая карта,Apple Pay,0
user_707,2023-11-21 17:38:00,1046.87,Кредит,Google Pay,0
user_815,2023-07-23 15:53:00,1093.59,Кредит,карта,0
user_1308,2023-09-10 16:13:00,5345.12,Ипотека,карта,0
user_1155,2023-07-27 09:27:00,1617.44,Инвестиции,криптовалюта,1
user_1653,2023-12-31 17:53:00,4340.17,Дебетовая карта,карта,0
user_1596,2023-06-04 18:43:00,8035.66,Вклад,Apple Pay,0
user_1887,2023-11-19 18:28:00,1417.39,Кредит,криптовалюта,0
user_1837,2023-06-05 16:23:00,2150.57,Кредит,карта,0
user_1266,2023-11-11 19:01:00,7088.11,Дебетовая карта,карта,0
user_1114,2023-10-10 14:06:00,5607.04,Кредит,карта,0
user_926,2023-04-13 18:21:00,1866.72,Ипотека,криптовалюта,0
user_1329,2023-02-09 17:14:00,2392.7,Кредит,криптовалюта,0
user_122,2023-06-15 11:44:00,5638.23,Дебетовая карта,криптовалюта,1
user_805,2024-02-22 20:04:00,3442.32,Инвестиции,карта,0
user_552,2024-02-25 16:49:00,729.02,Кредит,карта,0
user_1113,2023-02-04 19:19:00,84208.5,Вклад,криптовалюта,0
user_1847,2023-06-29 19:43:00,1765.97,Дебетовая карта,криптовалюта,1
user_962,2023-08-22 17:21:00,1131.84,Кредит,карта,0
user_1166,2024-03-23 09:34:00,4963.26,Кредит,карта,0
user_806,2023-01-21 14:30:00,3237.32,Инвестиции,карта,0
user_686,2024-01-16 20:44:00,3419.91,Дебетовая карта,Google Pay,0
user_1363,2024-03-14 10:31:00,3144.89,Кредит,карта,0
user_498,2023-09-29 09:35:00,852.85,Дебетовая карта,карта,0
user_1759,2023-01-20 16:13:00,1106.22,Инвестиции,Google Pay,0
user_228,2024-03-04 12:36:00,6218.74,Вклад,карта,0
user_445,2023-10-05 19:20:00,9164.3,Ипотека,карта,0
user_1504,2023-06-13 17:03:00,755.95,Страхование,Apple Pay,0
user_166,2023-09-09 13:58:00,3503.81,Кредит,криптовалюта,0
user_825,2023-08-31 18:49:00,2686.54,Кредит,Apple Pay,0
user_756,2023-03-08 16:40:00,725.62,Дебетовая карта,банковский перевод,0
user_1874,2023-07-21 11:27:00,3498.3,Дебетовая карта,криптовалюта,0
user_318,2023-01-24 20:05:00,2585.35,Дебетовая карта,карта,0
user_909,2023-03-06 10:12:00,1610.33,Вклад,карта,0
user_920,2023-03-25 16:06:00,4445.9,Кредит,карта,0
user_1637,2023-11-16 13:23:00,7575.12,Ипотека,Apple Pay,0
user_1082,2023-08-20 09:30:00,5759.13,Дебетовая карта,Apple Pay,0
user_261,2023-08-26 17:08:00,10837.97,Страхование,Google Pay,0
user_1741,2023-01-24 09:57:00,1204.99,Дебетовая карта,Apple Pay,0
user_302,2023-06-06 11:08:00,3097.28,Вклад,карта,0
user_1390,2023-04-27 14:58:00,2167.9,Ипотека,карта,0
user_547,2023-12-13 19:02:00,2405.61,Кредит,карта,0
user_244,2023-09-19 14:11:00,671.9,Дебетовая карта,карта,0
user_383,2023-08-15 16:00:00,1860.49,Вклад,карта,0
user_1889,2024-03-22 17:55:00,2192.4,Инвестиции,криптовалюта,0
user_1954,2023-02-10 09:55:00,2050.99,Вклад,Apple Pay,0
user_1201,2024-02-29 16:12:00,1844.29,Кредит,Apple Pay,0
user_1617,2023-05-11 18:55:00,1664.02,Вклад,карта,0
user_1806,2023-11-02 13:49:00,1526.17,Вклад,криптовалюта,0
user_697,2023-04-29 10:23:00,1448.31,Кредит,криптовалюта,0
user_1516,2023-08-01 16:41:00,6385.44,Вклад,карта,0
user_1040,2023-11-26 11:39:00,4636.33,Дебетовая карта,карта,0
user_347,2023-01-21 20:26:00,2559.91,Кредит,Google Pay,0
user_1067,2024-03-11 19:11:00,1933.82,Кредит,Apple Pay,0
user_92,2023-02-20 19:29:00,3242.4,Страхование,Google Pay,0
user_1215,2023-02-18 16:57:00,4186.71,Кредит,карта,1
user_521,2023-10-01 12:20:00,17950.63,Кредит,криптовалюта,0
user_208,2023-05-01 15:25:00,1270.42,Страхование,Google Pay,0
user_1411,2023-06-06 11:01:00,4890.46,Кредит,карта,0
user_698,2024-01-12 18:07:00,99874.43,Кредит,Google Pay,0
user_895,2023-04-14 14:35:00,1586.98,Ипотека,карта,0
user_172,2024-02-17 17:38:00,5723.72,Вклад,карта,0
user_160,2023-12-05 16:55:00,1438.74,Кредит,карта,0
user_1839,2024-03-28 14:01:00,523.16,Кредит,карта,0
user_1200,2024-03-28 12:16:00,1208.72,Кредит,Google Pay,0
user_807,2023-02-26 18:11:00,6036.31,Страхование,карта,0
user_1332,2024-03-14 11:04:00,1417.15,Дебетовая карта,карта,0
user_1455,2023-10-13 11:16:00,2336.59,Кредит,Apple Pay,0
user_228,2023-02-17 16:13:00,1516.81,Ипотека,карта,0
user_1842,2023-12-02 12:24:00,3470.67,Вклад,карта,0
user_1312,2023-08-12 15:49:00,2835.69,Инвестиции,Google Pay,0
user_619,2023-03-02 11:45:00,895.94,Вклад,Apple Pay,0
user_538,2024-01-25 14:00:00,773.97,Ипотека,криптовалюта,0
user_176,2024-01-15 16:31:00,2708.69,Дебетовая карта,Google Pay,1
user_514,2023-06-27 17:17:00,94992.15,Кредит,Apple Pay,0
user_673,2023-06-13 18:22:00,6200.55,Кредит,карта,0
user_427,2024-03-06 14:33:00,2984.77,Кредит,карта,0
user_1342,2023-10-17 17:30:00,84576.65,Инвестиции,Apple Pay,0
user_506,2023-06-15 18:42:00,5919.1,Вклад,карта,0
user_1000,2023-01-25 16:54:00,3308.53,Кредит,карта,0
user_1118,2023-09-12 20:23:00,2751.48,Кредит,карта,0
user_150,2023-04-22 14:06:00,8246.62,Вклад,карта,0
user_338,2023-01-30 15:01:00,2484.65,Дебетовая карта,карта,0
user_141,2023-01-30 14:13:00,4615.48,Страхование,карта,0
user_1382,2023-03-23 15:19:00,1968.42,Ипотека,Apple Pay,0
user_1400,2023-10-07 14:11:00,2918.45,Страхование,Apple Pay,1
user_259,2023-11-17 20:43:00,4135.85,Кредит,Apple Pay,0
user_1474,2023-03-24 15:09:00,4018.19,Вклад,Google Pay,0
user_1623,2023-01-12 10:48:00,3900.53,Вклад,Apple Pay,1
user_220,2024-02-27 16:52:00,1807.08,Инвестиции,Google Pay,0
user_234,2023-07-06 09:54:00,2738.75,Кредит,карта,0
user_1590,2023-11-27 16:04:00,2640.79,Страхование,криптовалюта,0
user_618,2024-03-13 09:00:00,94033.33,Вклад,карта,0
user_692,2023-02-04 20:49:00,8542.88,Дебетовая карта,Apple Pay,0
user_1177,2023-02-21 14:31:00,801.51,Кредит,карта,0
user_137,2023-09-11 11:01:00,2470.09,Кредит,карта,0
user_876,2023-01-15 19:37:00,33243.1,Инвестиции,криптовалюта,0
user_668,2024-03-22 19:14:00,641.01,Кредит,карта,0
user_1646,2023-02-10 16:13:00,941.09,Дебетовая карта,карта,0
user_1461,2023-11-05 20:57:00,40000.0,Дебетовая карта,карта,0
user_574,2023-04-25 14:42:00,2221.37,Дебетовая карта,карта,0
user_1312,2023-04-19 15:21:00,51514.1,Вклад,банковский перевод,0
user_806,2023-09-19 16:52:00,3366.62,Дебетовая карта,Apple Pay,0
user_963,2023-08-03 12:04:00,735.39,Дебетовая карта,Apple Pay,0
user_1471,2023-11-15 18:24:00,4623.67,Кредит,карта,0
user_560,2024-01-29 14:28:00,1139.98,Дебетовая карта,карта,0
user_1157,2023-01-22 15:35:00,3592.65,Вклад,Apple Pay,1
user_836,2023-08-12 15:31:00,4031.27,Инвестиции,карта,0
user_1301,2023-11-15 10:31:00,27709.8,Кредит,карта,0
user_764,2023-07-17 13:26:00,856.83,Дебетовая карта,карта,0
user_1871,2023-11-06 20:13:00,898.04,Кредит,карта,0
user_781,2023-01-23 13:18:00,4376.29,Кредит,криптовалюта,0
user_220,2023-02-01 14:31:00,2557.25,Дебетовая карта,Apple Pay,0
user_980,2024-01-21 17:27:00,812.28,Ипотека,карта,0
user_478,2023-10-27 12:09:00,1544.67,Дебетовая карта,карта,0
user_911,2023-09-01 14:17:00,7762.19,Кредит,Apple Pay,0
user_1842,2024-02-14 15:34:00,2395.23,Ипотека,карта,0
user_205,2023-11-10 12:31:00,6394.27,Страхование,криптовалюта,0
user_86,2024-02-12 16:51:00,3843.44,Дебетовая карта,Apple Pay,0
user_581,2023-01-18 17:39:00,4792.18,Страхование,карта,0
user_872,2024-02-13 20:08:00,1296.08,Вклад,Apple Pay,0
user_259,2023-08-12 20:48:00,2431.57,Инвестиции,Google Pay,0
user_1392,2023-02-16 15:20:00,2515.17,Кредит,карта,0
user_1205,2023-11-17 15:18:00,4074.26,Дебетовая карта,криптовалюта,0
user_1404,2023-07-09 20:21:00,2393.93,Страхование,карта,0
user_846,2023-04-08 10:09:00,3582.13,Ипотека,карта,0
user_1862,2023-01-25 09:31:00,5971.26,Вклад,криптовалюта,0
user_1344,2023-09-04 18:37:00,1629.38,Кредит,карта,0
user_1842,2023-03-29 16:26:00,27459.48,Ипотека,карта,0
user_176,2023-03-20 16:39:00,1427.43,Дебетовая карта,карта,0
user_1335,2023-07-12 10:01:00,30573.88,Дебетовая карта,Google Pay,0
user_690,2023-12-10 10:16:00,1637.64,Кредит,карта,0
user_386,2023-11-04 14:49:00,921.2,Инвестиции,Google Pay,0
user_361,2023-06-17 19:22:00,1245.63,Дебетовая карта,Apple Pay,1
user_394,2023-02-07 17:39:00,881.96,Ипотека,Google Pay,0
user_185,2024-03-29 10:31:00,3506.4,Дебетовая карта,криптовалюта,0
user_909,2023-11-19 13:15:00,6190.21,Кредит,Google Pay,0
user_1547,2023-05-14 09:37:00,2669.24,Страхование,карта,0
user_928,2023-12-21 14:02:00,6478.49,Кредит,криптовалюта,0
user_262,2023-12-18 19:36:00,2383.09,Кредит,карта,0
user_1415,2023-02-09 13:34:00,632.64,Ипотека,Google Pay,0
user_350,2024-03-09 14:00:00,1429.98,Ипотека,Apple Pay,0
user_1738,2023-11-17 17:14:00,1831.6,Страхование,карта,0
user_734,2023-07-06 09:07:00,1963.32,Кредит,Apple Pay,0
user_3,2023-05-22 10:16:00,48054.05,Страхование,Apple Pay,0
user_586,2023-10-23 13:08:00,64747.87,Вклад,криптовалюта,0
user_1665,2023-10-12 19:35:00,3407.65,Дебетовая карта,карта,0
user_1840,2023-05-22 18:20:00,1796.87,Дебетовая карта,Google Pay,0
user_844,2023-01-07 16:43:00,1606.57,Дебетовая карта,Apple Pay,0
user_1978,2023-04-11 13:00:00,6619.83,Дебетовая карта,Apple Pay,0
user_464,2023-08-02 14:15:00,8021.16,Дебетовая карта,карта,0
user_845,2023-08-29 17:26:00,2247.66,Кредит,карта,0
user_917,2023-12-29 14:24:00,4835.51,Инвестиции,Google Pay,0
user_403,2023-10-30 11:50:00,3021.68,Инвестиции,Apple Pay,0
user_767,2023-10-03 13:14:00,3882.73,Дебетовая карта,Apple Pay,0
user_997,2023-12-26 09:03:00,535.31,Ипотека,криптовалюта,0
user_1400,2023-10-04 14:10:00,901.77,Страхование,Apple Pay,0
user_992,2023-06-21 18:27:00,696.11,Инвестиции,Google Pay,0
user_207,2023-08-29 10:43:00,926.79,Инвестиции,Google Pay,0
user_933,2023-03-05 11:17:00,70165.73,Дебетовая карта,карта,0
user_1697,2023-07-16 12:48:00,4283.56,Инвестиции,карта,0
user_41,2023-06-25 09:27:00,627.6,Кредит,банковский перевод,0
user_1997,2023-02-26 11:35:00,1133.04,Ипотека,Apple Pay,0
user_257,2023-10-09 16:22:00,1392.02,Вклад,карта,0
user_19,2024-01-17 09:22:00,3632.96,Вклад,карта,0
user_283,2023-04-21 09:33:00,687.9,Дебетовая карта,карта,0
user_501,2023-01-26 16:51:00,551.97,Кредит,Google Pay,0
user_704,2023-12-30 17:14:00,2193.02,Кредит,криптовалюта,0
user_1660,2023-10-25 15:29:00,3950.31,Кредит,Google Pay,0
user_1162,2023-08-05 10:50:00,1225.64,Дебетовая карта,Google Pay,0
user_1278,2024-01-16 17:32:00,2259.12,Кредит,криптовалюта,0
user_1756,2023-03-02 16:57:00,1625.99,Ипотека,карта,0
user_263,2023-03-02 13:54:00,4232.24,Инвестиции,карта,0
user_447,2024-03-10 14:17:00,2198.29,Дебетовая карта,Apple Pay,0
user_1937,2023-05-11 14:19:00,80913.74,Инвестиции,криптовалюта,0
user_1543,2023-09-08 09:03:00,4492.24,Вклад,карта,0
user_119,2023-01-03 17:55:00,5371.3,Ипотека,Google Pay,0
user_453,2023-02-17 19:09:00,821.0,Страхование,криптовалюта,0
user_748,2023-01-22 12:17:00,1840.98,Страхование,карта,0
user_66,2024-03-13 10:58:00,3059.56,Кредит,карта,0
user_1166,2024-01-28 14:40:00,8539.07,Страхование,карта,0
user_1300,2023-08-31 19:12:00,621.83,Страхование,карта,0
user_672,2024-03-10 14:55:00,1601.87,Кредит,карта,0
user_430,2024-03-23 19:47:00,2133.58,Кредит,карта,0
user_851,2023-07-17 17:14:00,1157.56,Инвестиции,Google Pay,0
user_1840,2023-05-07 17:45:00,1197.75,Ипотека,Apple Pay,0
user_1438,2023-04-29 20:40:00,1307.67,Вклад,криптовалюта,0
user_1867,2024-03-25 14:35:00,5598.01,Кредит,Google Pay,0
user_1106,2023-10-24 10:16:00,1007.21,Дебетовая карта,Google Pay,0
user_211,2024-03-14 17:32:00,802.91,Кредит,карта,0
user_120,2023-01-02 09:33:00,555.55,Инвестиции,карта,0
user_390,2023-02-07 10:34:00,7208.94,Кредит,Apple Pay,0
user_1043,2024-03-13 19:27:00,1045.63,Дебетовая карта,Google Pay,0
user_421,2024-03-04 16:56:00,2234.16,Вклад,карта,0
user_635,2023-04-19 15:55:00,3948.47,Вклад,Google Pay,0
user_1823,2024-03-22 19:08:00,2714.17,Ипотека,Apple Pay,0
user_87,2023-10-09 10:22:00,1451.68,Дебетовая карта,карта,0
user_157,2023-01-14 18:46:00,547.05,Кредит,карта,0
user_780,2023-02-12 19:50:00,1293.61,Кредит,Apple Pay,0
user_1503,2024-01-18 14:56:00,7612.87,Вклад,Apple Pay,0
user_1648,2024-03-23 15:22:00,618.91,Кредит,карта,0
user_576,2023-12-14 09:20:00,2978.11,Вклад,Apple Pay,0
user_582,2023-01-02 18:02:00,2151.28,Дебетовая карта,карта,0
user_1165,2023-12-09 15:26:00,632.4,Дебетовая карта,Apple Pay,0
user_1732,2023-10-15 09:48:00,2213.37,Кредит,криптовалюта,0
user_355,2023-05-02 19:53:00,27500.2,Ипотека,карта,0
user_1785,2023-09-08 16:55:00,1000.45,Страхование,карта,0
user_1614,2023-07-04 13:56:00,865.55,Дебетовая карта,Google Pay,0
user_536,2023-07-03 13:00:00,518.43,Дебетовая карта,карта,0
user_1342,2023-05-30 11:46:00,7572.79,Дебетовая карта,карта,0
user_1258,2023-08-16 13:56:00,1566.55,Дебетовая карта,Apple Pay,1
user_43,2023-07-23 13:43:00,6336.07,Инвестиции,криптовалюта,0
user_804,2023-04-29 14:42:00,2716.55,Дебетовая карта,криптовалюта,0
user_475,2023-05-27 14:00:00,3817.03,Кредит,карта,0
user_137,2023-12-28 19:40:00,5348.15,Ипотека,банковский перевод,0
user_933,2023-08-28 19:51:00,860.82,Вклад,карта,0
user_1406,2023-08-02 16:56:00,1810.36,Кредит,карта,0
user_1063,2023-04-02 18:21:00,1208.92,Кредит,Google Pay,0
user_178,2023-02-12 14:31:00,2702.38,Дебетовая карта,криптовалюта,0
user_1655,2023-12-03 10:32:00,554.54,Вклад,карта,0
user_141,2023-10-28 16:49:00,2158.5,Ипотека,карта,0
user_774,2023-12-09 14:16:00,1540.49,Кредит,карта,0
user_1137,2024-02-05 19:07:00,1176.53,Дебетовая карта,карта,0
user_1854,2023-07-26 18:39:00,2136.66,Кредит,Apple Pay,0
user_1508,2024-02-03 11:56:00,2154.03,Дебетовая карта,Apple Pay,0
user_388,2023-04-17 10:44:00,1712.97,Страхование,карта,0
user_856,2024-02-27 13:09:00,2361.02,Кредит,карта,0
user_1716,2024-02-03 10:39:00,813.12,Ипотека,Google Pay,0
user_496,2023-02-27 16:06:00,4119.6,Кредит,карта,0
user_1809,2023-06-23 14:54:00,4365.3,Страхование,карта,0
user_1067,2023-11-20 20:32:00,5998.98,Вклад,карта,0
user_1254,2023-04-28 14:30:00,2775.66,Дебетовая карта,Apple Pay,0
user_1326,2023-09-14 19:53:00,1278.43,Инвестиции,криптовалюта,0
user_1936,2023-02-16 18:17:00,7684.16,Вклад,карта,0
user_1376,2023-09-25 20:52:00,2268.98,Страхование,карта,0
user_822,2023-08-09 09:57:00,1924.5,Вклад,криптовалюта,0
user_1181,2024-02-17 13:08:00,49253.91,Страхование,Google Pay,0
user_1399,2023-08-29 18:27:00,2589.22,Кредит,Apple Pay,0
user_1197,2023-01-10 14:30:00,7685.6,Вклад,карта,0
user_21,2024-02-22 18:41:00,2207.06,Инвестиции,карта,0
user_1804,2023-07-04 20:13:00,6636.71,Вклад,банковский перевод,0
user_550,2023-05-30 19:59:00,4972.99,Инвестиции,Apple Pay,0
user_1302,2024-01-06 17:56:00,8890.01,Ипотека,Google Pay,0
user_1133,2023-03-01 17:24:00,4745.27,Кредит,Apple Pay,0
user_241,2023-09-30 11:29:00,1519.26,Вклад,карта,0
user_1752,2023-04-18 16:55:00,5067.43,Инвестиции,карта,0
user_167,2023-01-27 20:39:00,1058.49,Кредит,Google Pay,0
user_1906,2023-01-07 15:08:00,669.04,Кредит,карта,0
user_1844,2024-01-01 12:03:00,2465.08,Кредит,карта,1
user_1159,2024-01-21 15:36:00,3751.62,Инвестиции,Apple Pay,0
user_1909,2024-01-14 15:47:00,6822.82,Ипотека,банковский перевод,0
user_1712,2023-09-30 09:57:00,634.72,Ипотека,карта,0
user_1800,2024-03-12 12:39:00,1841.39,Дебетовая карта,карта,0
user_1599,2023-02-26 12:36:00,3026.82,Вклад,Apple Pay,0
user_1859,2023-06-08 20:04:00,1307.2,Кредит,карта,0
user_1548,2023-11-20 16:53:00,4138.65,Ипотека,Apple Pay,0
user_1761,2024-01-04 19:47:00,889.83,Ипотека,банковский перевод,0
user_223,2023-04-10 14:41:00,5887.32,Вклад,карта,0
user_854,2024-03-30 19:38:00,4598.05,Кредит,карта,0
user_958,2023-02-16 14:39:00,1547.13,Ипотека,банковский перевод,0
user_1820,2023-12-18 12:28:00,2183.64,Инвестиции,Apple Pay,0
user_973,2024-01-09 19:13:00,902.26,Ипотека,карта,0
user_880,2023-04-26 13:38:00,6627.75,Дебетовая карта,карта,0
user_1575,2023-11-04 18:33:00,2117.05,Дебетовая карта,Apple Pay,0
user_1301,2024-02-22 10:31:00,1650.61,Дебетовая карта,карта,0
user_1173,2023-04-13 15:53:00,5404.09,Дебетовая карта,Google Pay,0
user_1828,2024-02-07 20:29:00,1813.61,Ипотека,карта,0
user_1640,2023-11-12 14:00:00,715.4,Кредит,карта,0
user_1423,2023-05-09 17:03:00,2875.45,Вклад,карта,0
user_1913,2023-10-20 14:24:00,1204.71,Ипотека,криптовалюта,0
user_97,2023-12-01 11:15:00,2830.45,Кредит,карта,0
user_1110,2023-03-17 10:05:00,2214.92,Дебетовая карта,Apple Pay,0
user_63,2023-02-17 16:17:00,696.51,Страхование,криптовалюта,0
user_1584,2023-06-03 18:31:00,5755.14,Дебетовая карта,карта,0
user_255,2023-02-05 15:39:00,2679.54,Дебетовая карта,криптовалюта,0
user_1122,2023-10-04 19:35:00,4015.8,Страхование,Google Pay,1
user_1566,2024-01-05 15:38:00,11704.04,Кредит,карта,0
user_1252,2023-03-12 20:01:00,2460.38,Страхование,банковский перевод,0
user_118,2024-03-16 15:20:00,818.21,Ипотека,Google Pay,0
user_953,2023-07-12 09:24:00,6177.45,Кредит,карта,0
user_1560,2023-02-02 14:08:00,6428.0,Кредит,Google Pay,0
user_1920,2023-02-21 17:10:00,1143.85,Кредит,Apple Pay,0
user_1797,2023-06-02 16:30:00,1735.77,Страхование,криптовалюта,0
user_1636,2023-08-22 14:36:00,1337.99,Дебетовая карта,Apple Pay,0
user_614,2023-10-25 10:57:00,1153.21,Дебетовая карта,Google Pay,0
user_1504,2024-01-06 14:22:00,5661.25,Страхование,Google Pay,1
user_334,2023-11-27 16:48:00,1017.76,Дебетовая карта,Google Pay,0
user_660,2023-07-31 14:28:00,2426.78,Вклад,карта,1
user_567,2023-05-15 18:47:00,1344.95,Инвестиции,Apple Pay,0
user_971,2023-02-20 10:04:00,2164.32,Дебетовая карта,криптовалюта,0
user_1751,2023-05-30 10:34:00,8449.06,Инвестиции,криптовалюта,0
user_1726,2024-03-28 17:55:00,2882.46,Дебетовая карта,Google Pay,0
user_1786,2023-03-09 17:43:00,1943.38,Дебетовая карта,карта,0
user_1873,2023-07-23 17:05:00,1361.47,Кредит,криптовалюта,0
user_57,2023-10-08 18:23:00,3415.97,Страхование,карта,0
user_1996,2023-03-28 09:16:00,3557.71,Вклад,Google Pay,0
user_1756,2024-01-09 19:37:00,3927.5,Инвестиции,карта,0
user_1469,2023-04-28 12:50:00,1526.45,Дебетовая карта,криптовалюта,0
user_162,2023-09-23 18:22:00,1217.4,Инвестиции,Apple Pay,0
user_1462,2024-01-16 14:40:00,1339.36,Кредит,карта,1
user_1352,2024-01-23 13:47:00,2761.24,Страхование,Google Pay,0
user_188,2023-10-25 14:49:00,3510.87,Дебетовая карта,карта,0
user_404,2023-07-20 17:04:00,3336.37,Кредит,карта,0
user_1504,2024-01-28 20:59:00,2372.02,Дебетовая карта,Google Pay,0
user_335,2024-01-20 17:44:00,9020.71,Кредит,карта,0
user_694,2024-02-27 17:16:00,90322.33,Кредит,карта,0
user_1217,2023-03-14 20:08:00,7015.25,Дебетовая карта,Google Pay,0
user_1730,2024-02-19 20:02:00,1920.28,Ипотека,криптовалюта,0
user_569,2024-01-03 16:23:00,2300.38,Инвестиции,карта,1
user_23,2023-08-17 14:48:00,16880.11,Ипотека,карта,0
user_1703,2023-07-07 10:23:00,2993.63,Кредит,карта,0
user_1869,2023-08-29 14:30:00,6095.26,Кредит,банковский перевод,0
user_1709,2024-03-25 13:49:00,4563.26,Кредит,Apple Pay,0
user_968,2024-03-27 18:32:00,2502.67,Страхование,карта,0
user_1441,2024-03-26 13:16:00,1991.12,Ипотека,криптовалюта,0
user_256,2024-01-25 20:08:00,3422.94,Дебетовая карта,Google Pay,0
user_1275,2023-05-26 12:49:00,3357.53,Вклад,Google Pay,0
user_1202,2023-05-07 16:56:00,5396.87,Кредит,Apple Pay,0
user_1271,2024-02-19 19:31:00,3907.04,Вклад,карта,0
user_1385,2023-10-04 17:19:00,2126.95,Ипотека,карта,0
user_1779,2023-08-17 14:48:00,3911.61,Вклад,Apple Pay,0
user_1560,2023-09-17 14:32:00,1825.37,Вклад,карта,0
user_74,2023-03-20 12:48:00,888.06,Дебетовая карта,карта,0
user_1404,2023-03-01 17:54:00,3199.8,Дебетовая карта,криптовалюта,0
user_1459,2023-11-08 16:43:00,971.89,Дебетовая карта,Google Pay,0
user_1107,2023-03-08 10:59:00,744.43,Инвестиции,Google Pay,0
user_1248,2023-07-14 13:09:00,2789.47,Вклад,Google Pay,0
user_164,2023-11-30 09:10:00,3207.51,Кредит,карта,0
user_524,2023-04-13 20:57:00,1020.97,Дебетовая карта,Apple Pay,0
user_1726,2023-02-06 10:57:00,3203.87,Кредит,Apple Pay,0
user_5,2023-10-16 17:34:00,3385.06,Кредит,карта,0
user_1967,2023-04-14 17:10:00,79927.31,Кредит,Apple Pay,0
user_446,2023-01-14 19:22:00,4527.28,Инвестиции,карта,0
user_1557,2023-01-19 14:06:00,698.56,Кредит,карта,0
user_440,2023-08-03 17:20:00,3306.85,Ипотека,банковский перевод,0
user_70,2023-02-05 19:32:00,685.18,Дебетовая карта,карта,0
user_1210,2023-01-11 15:55:00,864.68,Дебетовая карта,карта,0
user_1512,2023-01-09 18:22:00,1243.7,Инвестиции,Apple Pay,0
user_171,2023-11-18 09:54:00,5046.73,Кредит,карта,0
user_540,2024-03-15 15:12:00,725.36,Ипотека,банковский перевод,1
user_609,2023-03-10 17:47:00,3431.55,Вклад,карта,0
user_1925,2023-11-03 14:46:00,2547.32,Кредит,Google Pay,0
user_621,2023-12-02 13:46:00,613.02,Ипотека,карта,0
user_128,2023-03-25 18:31:00,1253.79,Кредит,карта,0
user_1971,2023-12-06 17:05:00,4870.11,Кредит,карта,0
user_185,2023-12-10 18:02:00,1590.43,Инвестиции,карта,0
user_975,2023-04-13 18:21:00,4529.09,Дебетовая карта,криптовалюта,0
user_363,2023-02-21 19:31:00,1053.1,Страхование,карта,0
user_505,2023-06-29 15:23:00,3617.64,Кредит,Apple Pay,0
user_1507,2023-02-27 15:57:00,1285.64,Ипотека,карта,0
user_273,2024-03-09 16:09:00,975.12,Дебетовая карта,карта,0
user_1303,2023-04-12 12:03:00,1761.65,Кредит,карта,0
user_1133,2023-03-05 18:25:00,26589.26,Ипотека,Google Pay,0
user_1455,2024-01-18 09:05:00,690.09,Страхование,Apple Pay,0
user_321,2023-11-10 12:13:00,1375.33,Страхование,карта,0
user_708,2023-10-20 19:25:00,1336.77,Дебетовая карта,карта,0
user_8,2023-12-13 13:50:00,1159.98,Вклад,Apple Pay,0
user_1760,2023-07-13 10:30:00,1825.41,Кредит,карта,0
user_1979,2023-05-14 11:11:00,647.73,Дебетовая карта,карта,0
user_893,2023-06-26 09:04:00,5881.79,Дебетовая карта,карта,0
user_1060,2023-09-26 09:46:00,3384.74,Дебетовая карта,карта,0
user_269,2024-03-19 11:03:00,657.24,Кредит,банковский перевод,0
user_1753,2023-04-06 09:16:00,920.76,Инвестиции,карта,0
user_1535,2024-02-09 18:58:00,1275.03,Кредит,карта,0
user_230,2024-01-05 19:35:00,1546.13,Дебетовая карта,Apple Pay,0
user_1060,2023-03-05 18:38:00,12781.16,Вклад,карта,0
user_344,2024-03-13 17:32:00,3363.82,Кредит,Apple Pay,0
user_1187,2023-12-18 16:06:00,849.87,Дебетовая карта,Apple Pay,0
user_1314,2023-10-06 13:09:00,1578.88,Кредит,карта,0
user_771,2023-05-06 19:39:00,1633.58,Кредит,Google Pay,0
user_884,2023-01-27 13:41:00,4448.42,Инвестиции,карта,0
user_1422,2023-08-20 18:37:00,1716.5,Дебетовая карта,банковский перевод,0
user_312,2023-01-17 19:34:00,2188.7,Дебетовая карта,Apple Pay,0
user_72,2024-02-24 11:41:00,5727.88,Кредит,карта,0
user_834,2023-01-14 10:52:00,1340.33,Дебетовая карта,карта,0
user_983,2024-02-09 20:12:00,5028.28,Кредит,Apple Pay,0
user_573,2024-02-10 09:24:00,1910.88,Кредит,карта,0
user_855,2023-07-18 18:41:00,1227.57,Дебетовая карта,Apple Pay,0
user_205,2023-06-13 10:21:00,66931.01,Вклад,банковский перевод,0
user_1493,2023-05-17 17:04:00,2737.4,Кредит,карта,0
user_1533,2023-07-07 16:38:00,2644.51,Кредит,карта,0
user_532,2023-11-19 12:31:00,2165.6,Страхование,карта,0
user_1304,2023-02-14 14:58:00,924.06,Кредит,карта,0
user_468,2024-01-21 16:25:00,6559.49,Кредит,карта,0
user_791,2024-02-14 14:45:00,1437.06,Ипотека,криптовалюта,0
user_640,2023-09-20 09:42:00,2957.82,Кредит,карта,0
user_1942,2024-02-11 18:36:00,2605.28,Вклад,карта,0
user_962,2023-01-19 09:51:00,1459.66,Инвестиции,карта,0
user_1266,2023-08-05 14:38:00,6050.03,Дебетовая карта,Apple Pay,0
user_420,2024-02-17 14:32:00,767.73,Дебетовая карта,Google Pay,0
user_1855,2023-09-12 14:39:00,1882.25,Вклад,Apple Pay,0
user_1369,2023-03-30 13:28:00,5905.89,Кредит,Apple Pay,0
user_212,2023-08-25 14:25:00,615.29,Кредит,Google Pay,0
user_664,2024-02-11 18:53:00,5675.8,Ипотека,криптовалюта,0
user_1012,2023-09-28 14:25:00,1761.03,Кредит,карта,0
user_844,2024-01-30 16:51:00,2086.27,Инвестиции,Apple Pay,0
user_1602,2024-01-22 20:32:00,2361.56,Дебетовая карта,Apple Pay,0
user_1116,2023-06-14 19:12:00,637.47,Вклад,карта,0
user_1115,2023-05-27 20:42:00,1561.5,Дебетовая карта,Apple Pay,0
user_754,2023-09-24 15:27:00,1033.45,Вклад,Apple Pay,0
user_1689,2024-02-12 13:28:00,6129.8,Дебетовая карта,карта,0
user_1403,2023-02-08 10:12:00,3208.56,Дебетовая карта,карта,0
user_1412,2023-05-17 12:40:00,50515.47,Инвестиции,Google Pay,0
user_1313,2023-09-08 09:31:00,1509.72,Инвестиции,карта,0
user_1330,2023-02-07 15:03:00,749.94,Кредит,Apple Pay,0
user_1514,2023-02-04 18:00:00,877.95,Кредит,карта,0
user_469,2024-03-18 14:49:00,4938.28,Инвестиции,Google Pay,0
user_1047,2023-03-30 14:53:00,570.74,Кредит,Apple Pay,0
user_263,2023-02-05 14:07:00,1477.4,Инвестиции,карта,1
user_735,2023-06-10 20:32:00,5848.31,Кредит,криптовалюта,0
user_583,2023-06-01 16:16:00,4843.87,Кредит,карта,0
user_403,2023-02-07 15:44:00,2117.23,Кредит,криптовалюта,0
user_1095,2023-03-23 10:35:00,7236.09,Кредит,банковский перевод,0
user_874,2023-06-25 20:21:00,6675.72,Страхование,Apple Pay,0
user_909,2023-06-28 15:58:00,5608.15,Дебетовая карта,Google Pay,0
user_1747,2023-11-10 16:48:00,2071.54,Ипотека,Google Pay,0
user_724,2024-01-07 15:17:00,568.03,Дебетовая карта,карта,0
user_243,2023-03-12 15:41:00,5099.83,Страхование,карта,0
user_1583,2023-06-16 14:26:00,962.53,Вклад,карта,0
user_431,2023-09-25 18:26:00,1088.14,Дебетовая карта,карта,0
user_1948,2023-08-25 13:18:00,2976.69,Инвестиции,Apple Pay,0
user_1331,2023-11-16 16:31:00,2695.02,Дебетовая карта,карта,0
user_512,2023-05-15 19:48:00,6260.48,Вклад,карта,0
user_1150,2023-12-05 18:28:00,1497.56,Дебетовая карта,карта,0
user_1865,2023-10-13 11:46:00,8463.79,Дебетовая карта,криптовалюта,1
user_1833,2023-01-08 15:12:00,967.72,Кредит,карта,0
user_794,2023-09-29 12:57:00,1703.21,Дебетовая карта,Apple Pay,0
user_59,2023-02-23 18:40:00,1034.74,Ипотека,карта,0
user_160,2024-03-29 12:42:00,5799.35,Инвестиции,Apple Pay,0
user_1758,2023-01-14 17:26:00,2201.41,Инвестиции,карта,0
user_1323,2023-11-27 18:29:00,1715.54,Страхование,Apple Pay,0
user_1451,2023-06-04 17:54:00,6442.84,Вклад,карта,1
user_1443,2023-06-13 19:26:00,988.01,Инвестиции,Apple Pay,0
user_1552,2024-02-09 16:40:00,1038.82,Дебетовая карта,Apple Pay,0
user_1018,2023-11-10 18:51:00,88022.79,Ипотека,Google Pay,0
user_758,2023-06-26 17:41:00,3182.45,Дебетовая карта,карта,0
user_471,2023-09-27 11:27:00,546.77,Вклад,карта,0
user_615,2023-04-04 10:56:00,959.02,Дебетовая карта,банковский перевод,0
user_1501,2023-11-26 15:26:00,4666.49,Кредит,карта,0
user_29,2023-02-02 13:11:00,2630.33,Кредит,Google Pay,0
user_291,2023-09-02 14:57:00,1027.18,Ипотека,карта,0
user_1575,2024-01-20 16:53:00,3637.22,Вклад,Apple Pay,0
user_1297,2023-05-30 10:33:00,804.51,Кредит,карта,0
user_324,2023-01-29 20:07:00,3399.34,Ипотека,Google Pay,0
user_73,2024-01-25 17:14:00,1615.45,Ипотека,карта,0
user_453,2023-08-31 15:44:00,6656.05,Страхование,Apple Pay,0
user_237,2023-07-14 16:24:00,1222.43,Кредит,карта,0
user_554,2023-02-13 17:15:00,1669.4,Кредит,карта,0
user_1667,2023-05-07 12:33:00,1725.68,Инвестиции,карта,0
user_1740,2023-11-19 18:35:00,776.77,Кредит,Apple Pay,0
user_574,2023-07-01 20:28:00,1045.51,Кредит,карта,0
user_576,2023-03-08 18:56:00,1782.63,Кредит,Google Pay,0
user_1654,2023-05-13 11:21:00,1077.94,Страхование,Google Pay,0
user_852,2023-06-06 11:02:00,1497.69,Дебетовая карта,карта,0
user_428,2023-03-27 12:11:00,6861.97,Ипотека,Google Pay,0
user_1495,2023-04-01 20:13:00,2182.66,Инвестиции,криптовалюта,0
user_982,2024-01-09 15:26:00,1681.62,Ипотека,Google Pay,0
user_1785,2023-12-22 09:44:00,1846.96,Кредит,Apple Pay,0
user_1755,2023-07-09 18:57:00,583.03,Дебетовая карта,криптовалюта,0
user_1583,2023-11-29 10:58:00,3162.71,Вклад,криптовалюта,0
user_1945,2023-12-12 09:11:00,1028.97,Ипотека,карта,0
user_1071,2024-03-25 19:24:00,10526.94,Дебетовая карта,Apple Pay,0
user_1095,2024-03-11 14:52:00,569.3,Дебетовая карта,Apple Pay,0
user_5,2023-09-20 16:00:00,4330.24,Вклад,карта,0
user_337,2024-03-17 11:12:00,6932.5,Вклад,карта,0
user_316,2023-07-22 18:46:00,642.63,Кредит,Apple Pay,0
user_1843,2023-10-13 19:41:00,7484.2,Дебетовая карта,карта,0
user_508,2023-03-09 18:15:00,1056.14,Дебетовая карта,Apple Pay,0
user_1245,2023-08-25 16:23:00,1382.48,Дебетовая карта,Google Pay,0
user_828,2023-06-14 12:17:00,5599.72,Кредит,Google Pay,0
user_1530,2024-03-24 13:28:00,1205.44,Вклад,карта,1
user_725,2023-11-16 11:11:00,5645.77,Кредит,карта,0
user_1876,2023-04-06 09:27:00,931.42,Кредит,Apple Pay,0
user_1029,2023-01-02 13:31:00,3255.15,Дебетовая карта,карта,0
user_488,2023-04-28 12:36:00,2356.07,Кредит,банковский перевод,0
user_825,2023-09-13 18:52:00,6334.14,Вклад,Apple Pay,0
user_731,2023-04-23 12:31:00,2471.55,Вклад,карта,0
user_1453,2023-03-25 17:00:00,5044.01,Вклад,карта,0
user_648,2023-06-17 20:44:00,1003.05,Кредит,Google Pay,0
user_105,2023-08-24 09:48:00,1053.99,Кредит,карта,0
user_1568,2023-07-22 19:47:00,2500.96,Вклад,карта,0
user_1990,2024-03-28 10:51:00,16033.74,Кредит,карта,0
user_502,2023-11-20 12:50:00,1496.92,Кредит,Apple Pay,0
user_1687,2023-09-14 16:57:00,3285.65,Страхование,Apple Pay,0
user_79,2023-09-18 16:51:00,667.37,Кредит,карта,0
user_670,2023-12-16 16:54:00,509.59,Дебетовая карта,Apple Pay,0
user_24,2024-02-19 16:05:00,7619.31,Кредит,Apple Pay,0
user_794,2023-11-12 12:35:00,869.46,Кредит,Google Pay,0
user_1219,2023-06-21 13:58:00,6426.74,Инвестиции,карта,0
user_1928,2023-04-24 10:38:00,4170.17,Страхование,карта,0
user_1682,2023-10-21 20:03:00,1775.39,Кредит,Google Pay,1
user_1872,2024-02-21 19:12:00,89487.07,Кредит,карта,0
user_1305,2024-01-08 19:06:00,5137.83,Дебетовая карта,криптовалюта,0
user_787,2023-01-10 16:35:00,603.32,Вклад,Apple Pay,0
user_1814,2024-01-28 20:06:00,31027.39,Вклад,карта,0
user_120,2024-03-12 19:36:00,1469.93,Кредит,карта,0
user_1631,2023-06-14 16:33:00,1001.49,Ипотека,карта,0
user_1976,2023-06-27 09:43:00,632.17,Инвестиции,Google Pay,0
user_45,2023-05-20 11:22:00,4038.12,Вклад,карта,0
user_1308,2023-01-16 13:50:00,5265.52,Ипотека,криптовалюта,0
user_1752,2023-11-29 09:19:00,1016.51,Кредит,Google Pay,0
user_1387,2023-10-30 20:26:00,1795.41,Кредит,Apple Pay,0
user_1952,2024-03-25 09:54:00,7225.53,Дебетовая карта,Apple Pay,0
user_550,2023-03-14 17:06:00,2727.54,Кредит,банковский перевод,0
user_1278,2024-03-26 11:22:00,905.32,Кредит,криптовалюта,0
user_1638,2023-10-17 09:34:00,3213.19,Ипотека,криптовалюта,0
user_140,2023-05-13 14:19:00,775.14,Инвестиции,Google Pay,0
user_1115,2024-01-19 14:45:00,3007.46,Дебетовая карта,карта,0
user_1921,2023-01-19 17:23:00,1163.45,Вклад,карта,0
user_941,2023-09-30 19:41:00,762.59,Кредит,карта,0
user_1632,2023-06-10 11:53:00,2163.04,Кредит,банковский перевод,0
user_1483,2023-04-29 09:17:00,2714.52,Дебетовая карта,банковский перевод,0
user_540,2023-01-05 17:53:00,751.72,Вклад,карта,0
user_744,2023-07-16 16:57:00,2176.99,Вклад,карта,0
user_982,2024-02-25 09:04:00,1840.7,Вклад,Apple Pay,0
user_859,2023-06-24 12:09:00,1539.06,Ипотека,Apple Pay,0
user_1191,2023-03-10 18:11:00,4626.07,Кредит,Apple Pay,0
user_1305,2023-08-07 09:37:00,2144.27,Кредит,криптовалюта,0
user_827,2023-12-04 16:17:00,1587.4,Кредит,Apple Pay,1
user_1280,2023-02-05 13:47:00,747.04,Ипотека,Apple Pay,0
user_1319,2023-02-24 18:54:00,596.98,Дебетовая карта,Apple Pay,0
user_1943,2023-10-04 19:16:00,3771.22,Дебетовая карта,Apple Pay,0
user_1633,2023-10-10 17:42:00,1503.49,Ипотека,Apple Pay,0
user_1126,2023-11-15 11:54:00,4649.36,Дебетовая карта,Google Pay,0
user_354,2023-11-07 10:38:00,535.96,Дебетовая карта,криптовалюта,0
user_642,2024-02-18 09:53:00,7436.55,Кредит,криптовалюта,0
user_663,2023-05-31 12:29:00,1951.09,Дебетовая карта,Apple Pay,0
user_575,2023-11-22 10:15:00,1684.89,Вклад,карта,0
user_1893,2024-01-03 11:20:00,3086.77,Ипотека,криптовалюта,0
user_1069,2023-10-19 12:03:00,1997.06,Кредит,Apple Pay,0
user_1979,2023-08-29 10:23:00,21443.97,Вклад,карта,0
user_240,2023-10-28 17:57:00,2213.78,Кредит,Apple Pay,0
user_1426,2024-02-01 09:29:00,3905.64,Инвестиции,карта,0
user_1177,2023-01-11 18:04:00,1548.84,Кредит,Google Pay,0
user_1526,2023-12-20 09:06:00,3730.99,Кредит,карта,0
user_781,2024-02-27 11:28:00,3577.84,Дебетовая карта,карта,0
user_1039,2023-08-25 17:56:00,4063.84,Инвестиции,Google Pay,0
user_704,2023-07-09 16:59:00,2288.57,Кредит,карта,0
user_1394,2023-02-19 14:18:00,25056.37,Кредит,Apple Pay,0
user_385,2024-03-03 16:38:00,28815.05,Кредит,карта,0
user_1321,2023-03-27 20:04:00,6974.05,Ипотека,карта,0
user_991,2023-08-14 17:52:00,1547.02,Дебетовая карта,карта,0
user_1595,2023-05-05 13:02:00,1038.77,Ипотека,карта,0
user_76,2023-10-28 11:37:00,843.83,Кредит,Apple Pay,0
user_365,2023-02-08 14:28:00,1569.73,Дебетовая карта,Apple Pay,0
user_1215,2023-08-17 12:10:00,788.59,Дебетовая карта,криптовалюта,0
user_748,2023-12-20 19:16:00,909.43,Кредит,карта,0
user_572,2023-07-26 10:09:00,3012.07,Дебетовая карта,карта,0
user_1866,2023-06-10 17:40:00,1191.81,Дебетовая карта,карта,0
user_1811,2023-11-27 10:02:00,10839.58,Кредит,карта,0
user_184,2023-05-06 12:30:00,2966.28,Дебетовая карта,карта,0
user_1053,2023-09-23 11:49:00,3236.92,Вклад,Apple Pay,0
user_1334,2023-12-06 12:38:00,1384.78,Дебетовая карта,карта,0
user_1562,2023-05-17 09:44:00,1079.24,Дебетовая карта,карта,0
user_406,2023-02-09 11:18:00,46577.37,Инвестиции,Google Pay,0
user_1703,2024-02-12 16:47:00,5419.1,Вклад,карта,0
user_1311,2024-02-18 19:36:00,3990.84,Вклад,карта,0
user_1758,2023-06-10 13:09:00,1791.26,Кредит,карта,0
user_1361,2023-09-25 16:58:00,1948.82,Страхование,банковский перевод,0
user_1742,2023-03-28 18:15:00,738.98,Кредит,карта,0
user_60,2023-02-05 13:57:00,3859.12,Кредит,карта,0
user_451,2023-07-30 11:19:00,2280.91,Дебетовая карта,карта,0
user_1065,2023-11-13 12:13:00,5315.31,Инвестиции,Apple Pay,0
user_607,2023-04-23 09:41:00,1182.34,Кредит,карта,0
user_396,2023-05-26 12:19:00,3123.84,Дебетовая карта,карта,0
user_1416,2023-11-12 19:44:00,7971.78,Кредит,Apple Pay,0
user_1986,2023-09-16 17:13:00,573.82,Кредит,Google Pay,0
user_1076,2024-02-21 16:57:00,2121.92,Дебетовая карта,Apple Pay,0
user_1217,2023-05-02 10:42:00,873.19,Кредит,карта,0
user_1219,2023-05-26 11:47:00,4397.34,Инвестиции,банковский перевод,0
user_834,2023-08-31 18:14:00,1024.92,Кредит,карта,1
user_1356,2023-02-02 13:57:00,3572.87,Вклад,карта,0
user_1614,2023-09-24 19:50:00,3564.2,Кредит,карта,0
user_229,2024-02-14 14:12:00,4484.14,Кредит,Apple Pay,0
user_551,2024-02-14 15:19:00,2355.81,Дебетовая карта,карта,0
user_337,2023-07-20 18:21:00,571.29,Дебетовая карта,Google Pay,0
user_1585,2024-01-14 11:19:00,550.44,Кредит,карта,0
user_1276,2023-03-05 19:52:00,5855.33,Кредит,карта,0
user_1344,2023-04-05 15:47:00,6238.75,Кредит,криптовалюта,0
user_1251,2023-10-01 16:15:00,5354.38,Страхование,карта,0
user_1065,2023-01-14 20:54:00,2714.88,Инвестиции,карта,0
user_1635,2024-03-02 09:40:00,4753.5,Кредит,криптовалюта,0
user_315,2023-04-25 12:24:00,997.16,Кредит,Apple Pay,0
user_1388,2023-04-16 16:35:00,1160.34,Дебетовая карта,криптовалюта,0
user_1669,2024-02-27 18:42:00,1538.37,Вклад,карта,0
user_416,2024-03-15 14:04:00,3826.36,Кредит,карта,0
user_1420,2024-02-05 13:26:00,2296.24,Кредит,карта,0
user_141,2023-06-27 19:22:00,4267.84,Вклад,карта,0
user_327,2023-11-08 17:33:00,1683.55,Вклад,Google Pay,0
user_783,2023-09-06 09:53:00,4215.19,Дебетовая карта,карта,0
user_2000,2023-06-01 11:13:00,3518.54,Вклад,карта,0
user_743,2023-07-01 16:32:00,6072.68,Кредит,карта,0
user_858,2024-01-15 18:20:00,1673.13,Дебетовая карта,карта,0
user_1535,2024-01-10 17:51:00,3320.52,Вклад,карта,0
user_1597,2023-01-01 15:37:00,62654.1,Вклад,карта,0
user_1343,2023-04-20 16:43:00,5128.57,Кредит,карта,0
user_61,2023-03-05 20:56:00,717.27,Дебетовая карта,карта,0
user_1745,2023-05-10 11:11:00,4922.03,Кредит,Apple Pay,0
user_522,2023-01-17 09:18:00,6051.09,Инвестиции,Apple Pay,0
user_1009,2023-10-31 17:32:00,1518.42,Кредит,Apple Pay,0
user_1464,2023-10-23 10:59:00,2396.81,Инвестиции,карта,0
user_578,2023-04-01 13:39:00,1654.74,Инвестиции,карта,0
user_1372,2023-02-27 14:56:00,3794.41,Дебетовая карта,криптовалюта,0
user_1009,2023-04-17 16:36:00,7103.48,Инвестиции,карта,0
user_313,2023-02-05 09:08:00,1840.58,Кредит,Google Pay,0
user_432,2023-01-08 15:15:00,2431.08,Кредит,карта,0
user_1526,2023-09-30 12:21:00,881.42,Дебетовая карта,Apple Pay,0
user_122,2023-02-17 18:06:00,2090.52,Вклад,Apple Pay,0
user_764,2024-02-20 11:59:00,1403.84,Ипотека,карта,0
user_1000,2023-11-26 18:48:00,2005.32,Дебетовая карта,карта,0
user_768,2023-07-22 11:40:00,3795.33,Кредит,криптовалюта,0
user_828,2023-10-26 18:14:00,4495.61,Кредит,Google Pay,0
user_1944,2024-01-08 19:43:00,776.11,Дебетовая карта,Apple Pay,0
user_65,2023-05-03 11:07:00,5491.65,Вклад,криптовалюта,0
user_1964,2024-01-13 14:18:00,790.74,Вклад,карта,0
user_1443,2023-03-12 14:11:00,2928.53,Инвестиции,Google Pay,0
user_1836,2024-01-16 13:26:00,4671.9,Кредит,банковский перевод,0
user_1289,2023-10-28 17:07:00,2614.21,Дебетовая карта,банковский перевод,0
user_1888,2023-02-04 12:44:00,5237.25,Кредит,карта,0
user_148,2024-01-26 20:16:00,1350.0,Вклад,Google Pay,0
user_1437,2023-12-14 11:11:00,5148.98,Страхование,карта,0
user_1421,2023-08-31 10:01:00,2025.5,Дебетовая карта,Apple Pay,0
user_1864,2024-03-28 18:40:00,2850.35,Дебетовая карта,Apple Pay,0
user_166,2023-04-12 09:07:00,5120.24,Кредит,карта,0
user_1017,2023-07-11 18:35:00,1416.77,Ипотека,карта,0
user_1036,2024-01-19 19:44:00,3746.69,Вклад,карта,0
user_189,2023-02-15 11:20:00,1239.69,Инвестиции,карта,0
user_1245,2023-08-28 18:58:00,2592.53,Кредит,карта,0
user_962,2024-03-23 14:59:00,1723.79,Кредит,карта,0
user_998,2024-03-08 10:40:00,1423.53,Дебетовая карта,Apple Pay,0
user_1365,2023-07-19 19:52:00,7042.47,Дебетовая карта,Apple Pay,0
user_1495,2023-03-29 16:55:00,1774.06,Дебетовая карта,Apple Pay,0
user_1325,2023-10-31 19:43:00,1365.79,Дебетовая карта,Google Pay,0
user_772,2023-12-24 19:56:00,782.14,Дебетовая карта,карта,0
user_1928,2023-04-01 18:23:00,5763.83,Дебетовая карта,криптовалюта,0
user_426,2023-09-20 16:38:00,3188.16,Кредит,карта,0
user_680,2023-03-31 18:42:00,3170.49,Вклад,карта,0
user_973,2023-12-07 16:35:00,611.2,Страхование,карта,0
user_626,2023-05-07 16:16:00,797.08,Дебетовая карта,Google Pay,0
user_685,2024-02-05 09:00:00,5296.92,Ипотека,карта,0
user_1855,2023-11-28 17:33:00,1246.87,Ипотека,карта,0
user_303,2023-09-15 09:50:00,889.22,Вклад,криптовалюта,0
user_1024,2024-01-21 11:00:00,784.42,Страхование,Apple Pay,0
user_943,2023-08-28 12:07:00,2200.84,Дебетовая карта,Apple Pay,0
user_174,2023-02-21 16:21:00,1218.96,Кредит,карта,0
user_403,2023-12-14 12:37:00,3004.15,Кредит,карта,0
user_546,2023-05-04 15:41:00,4531.98,Дебетовая карта,карта,0
user_941,2023-06-06 19:38:00,29944.35,Кредит,карта,0
user_833,2023-04-02 19:29:00,23907.85,Ипотека,криптовалюта,0
user_1186,2023-11-25 13:01:00,1282.98,Ипотека,карта,0
user_754,2023-09-14 15:43:00,2473.01,Дебетовая карта,карта,0
user_1565,2023-12-02 17:30:00,16194.56,Вклад,карта,0
user_734,2023-01-03 16:56:00,7206.63,Ипотека,Apple Pay,0
user_1707,2024-02-19 09:52:00,4483.29,Страхование,карта,0
user_2000,2023-03-07 09:01:00,1048.56,Кредит,карта,0
user_1337,2023-08-21 11:37:00,5133.79,Ипотека,карта,0
user_204,2023-08-01 19:12:00,58505.53,Вклад,Google Pay,0
user_1788,2023-05-01 15:08:00,3619.95,Кредит,Google Pay,0
user_1634,2023-07-28 16:37:00,2887.4,Кредит,Apple Pay,0
user_1116,2023-08-01 10:15:00,3004.64,Страхование,Google Pay,0
user_680,2023-02-02 20:34:00,937.1,Кредит,Google Pay,0
user_1421,2023-05-25 12:03:00,1864.75,Инвестиции,карта,0
user_1232,2023-08-04 09:42:00,2407.41,Страхование,Google Pay,0
user_1541,2023-04-02 10:07:00,3811.17,Кредит,карта,0
user_1291,2023-01-13 13:03:00,5695.7,Дебетовая карта,криптовалюта,0
user_1650,2023-02-06 11:33:00,622.1,Дебетовая карта,Apple Pay,0
user_1935,2023-04-11 13:25:00,974.58,Кредит,Google Pay,0
user_1504,2023-09-30 09:59:00,1764.25,Вклад,карта,0
user_636,2023-02-12 20:17:00,938.82,Ипотека,карта,0
user_1805,2023-07-09 09:22:00,4468.89,Вклад,Google Pay,0
user_1654,2024-02-13 17:37:00,5948.33,Дебетовая карта,карта,0
user_946,2023-06-17 20:46:00,4974.32,Инвестиции,Apple Pay,0
user_120,2023-04-25 16:23:00,984.11,Ипотека,карта,0
user_1907,2023-04-01 16:24:00,2600.54,Ипотека,Google Pay,0
user_1082,2023-02-14 19:36:00,2925.57,Кредит,карта,0
user_801,2023-09-09 20:42:00,1928.12,Кредит,Apple Pay,0
user_1215,2024-03-21 17:10:00,1263.15,Вклад,криптовалюта,0
user_141,2023-08-08 15:17:00,2937.1,Кредит,Apple Pay,0
user_1652,2023-05-21 16:24:00,1388.98,Дебетовая карта,карта,0
user_365,2023-02-21 15:35:00,729.66,Инвестиции,Apple Pay,0
user_516,2024-01-07 10:27:00,2250.96,Ипотека,карта,0
user_1117,2024-02-15 12:44:00,5122.79,Дебетовая карта,карта,0
user_1329,2023-06-06 11:42:00,584.13,Инвестиции,Google Pay,0
user_30,2023-12-24 19:43:00,4563.73,Дебетовая карта,банковский перевод,0
user_1163,2023-05-20 17:01:00,2261.38,Вклад,Google Pay,0
user_315,2023-06-02 11:31:00,2323.34,Кредит,криптовалюта,0
user_1909,2023-11-11 16:10:00,5010.18,Кредит,криптовалюта,0
user_749,2023-06-21 10:33:00,533.96,Страхование,карта,0
user_981,2023-12-05 11:31:00,661.65,Вклад,карта,0
user_1249,2024-02-03 10:57:00,28388.64,Инвестиции,карта,1
user_314,2023-06-01 12:42:00,3825.97,Кредит,карта,0
user_332,2023-06-05 13:12:00,1866.87,Кредит,карта,0
user_1919,2023-03-03 19:05:00,5256.58,Кредит,карта,0
user_1150,2023-03-16 18:47:00,2884.66,Вклад,Apple Pay,1
user_454,2023-04-09 18:43:00,3902.08,Вклад,Apple Pay,0
user_1327,2023-05-24 09:46:00,12972.66,Дебетовая карта,карта,0
user_1786,2023-11-06 14:16:00,1779.51,Кредит,карта,0
user_1528,2023-06-08 12:53:00,41020.48,Кредит,Google Pay,0
user_801,2023-04-03 14:38:00,3311.85,Кредит,Apple Pay,0
user_1321,2023-01-26 15:38:00,4490.58,Кредит,Google Pay,0
user_1792,2023-08-29 16:29:00,7100.01,Ипотека,карта,0
user_501,2023-10-16 20:21:00,2172.52,Кредит,Apple Pay,0
user_1581,2023-06-12 17:05:00,3043.95,Кредит,карта,1
user_1995,2023-05-13 10:27:00,7592.32,Страхование,банковский перевод,0
user_691,2023-02-25 11:25:00,3259.1,Ипотека,криптовалюта,0
user_1777,2023-10-07 14:48:00,1158.35,Вклад,карта,0
user_45,2023-12-30 10:41:00,4088.64,Кредит,карта,0
user_748,2023-01-13 11:45:00,1481.37,Дебетовая карта,карта,0
user_553,2023-09-23 12:09:00,2321.36,Кредит,карта,0
user_59,2023-05-28 18:33:00,1488.36,Кредит,Apple Pay,0
user_1206,2023-03-01 14:12:00,8861.22,Страхование,карта,0
user_1058,2023-02-25 10:45:00,6649.44,Инвестиции,карта,0
user_759,2023-03-14 11:51:00,756.49,Кредит,карта,0
user_1731,2024-01-11 15:45:00,4979.58,Страхование,Google Pay,0
user_497,2023-01-11 11:21:00,3857.44,Вклад,карта,0
user_1644,2023-12-11 10:39:00,31359.9,Дебетовая карта,карта,1
user_1272,2023-02-01 20:12:00,1006.45,Кредит,карта,0
user_1796,2023-11-20 16:23:00,1672.47,Ипотека,карта,0
user_14,2023-12-14 16:27:00,3590.3,Кредит,карта,0
user_1940,2023-10-29 12:44:00,36394.55,Кредит,Google Pay,0
user_5,2023-11-15 14:39:00,703.83,Кредит,банковский перевод,0
user_1427,2024-01-12 16:17:00,2223.43,Вклад,карта,0
user_1506,2023-05-06 20:48:00,1572.42,Ипотека,карта,0
user_325,2023-05-22 17:02:00,39830.74,Кредит,карта,0
user_71,2023-11-12 11:18:00,4248.71,Кредит,карта,0
user_73,2024-02-26 10:47:00,655.05,Ипотека,Google Pay,0
user_259,2023-07-03 14:27:00,5002.67,Вклад,Apple Pay,0
user_303,2024-02-16 15:14:00,3849.14,Ипотека,карта,1
user_1935,2023-01-04 11:09:00,3183.83,Страхование,карта,0
user_403,2023-02-28 20:26:00,2088.25,Страхование,карта,0
user_1611,2024-03-30 15:13:00,7369.08,Дебетовая карта,карта,0
user_123,2023-03-08 18:06:00,1776.6,Кредит,Apple Pay,1
user_1309,2023-01-24 13:18:00,998.49,Вклад,Apple Pay,0
user_907,2023-04-16 15:34:00,1232.26,Дебетовая карта,карта,0
user_1081,2023-07-17 15:40:00,533.96,Дебетовая карта,карта,0
user_1568,2023-03-15 13:00:00,5790.75,Дебетовая карта,Google Pay,0
user_420,2024-03-16 16:48:00,2381.54,Кредит,Apple Pay,0
user_9,2023-12-18 09:29:00,9861.16,Вклад,карта,0
user_442,2024-01-31 15:35:00,3085.84,Дебетовая карта,Apple Pay,0
user_1608,2024-03-13 17:46:00,4377.26,Инвестиции,Google Pay,0
user_1183,2023-12-30 13:58:00,2964.16,Кредит,карта,0
user_1851,2024-01-22 09:32:00,5486.2,Вклад,Google Pay,0
user_1669,2023-04-23 15:48:00,1223.88,Дебетовая карта,Google Pay,0
user_304,2023-11-11 18:25:00,906.53,Кредит,карта,0
user_116,2023-02-05 19:04:00,713.84,Дебетовая карта,криптовалюта,0
user_43,2023-03-18 17:25:00,4022.22,Дебетовая карта,карта,0
user_379,2023-08-05 09:10:00,657.98,Страхование,карта,0
user_959,2023-11-17 15:16:00,3553.45,Кредит,Google Pay,0
user_33,2023-07-02 14:55:00,7251.37,Инвестиции,карта,0
user_1738,2024-02-08 14:11:00,16807.78,Кредит,карта,0
user_957,2023-09-16 09:38:00,3652.31,Дебетовая карта,Apple Pay,0
user_1474,2023-09-21 19:26:00,562.87,Вклад,Apple Pay,0
user_1746,2023-09-13 09:49:00,600.07,Кредит,карта,0
user_70,2023-05-15 18:14:00,4644.47,Кредит,Google Pay,0
user_868,2023-06-08 12:53:00,14011.22,Кредит,карта,0
user_1347,2023-12-26 17:18:00,2032.51,Дебетовая карта,карта,0
user_1994,2023-11-30 14:42:00,3082.89,Дебетовая карта,Apple Pay,0
user_1636,2023-05-01 15:57:00,1392.27,Ипотека,Google Pay,0
user_434,2023-02-05 18:41:00,3259.83,Кредит,карта,1
user_543,2023-07-12 19:43:00,618.5,Инвестиции,карта,0
user_1599,2023-08-29 12:41:00,2292.27,Ипотека,криптовалюта,0
user_1307,2023-02-07 12:25:00,7931.46,Кредит,карта,0
user_500,2023-04-13 15:52:00,1748.21,Страхование,Apple Pay,0
user_988,2023-06-08 13:24:00,1145.99,Ипотека,Apple Pay,0
user_1858,2023-11-26 17:14:00,6201.45,Кредит,криптовалюта,0
user_412,2024-02-12 16:53:00,2165.65,Дебетовая карта,Google Pay,0
user_660,2024-02-03 15:42:00,76289.62,Страхование,карта,0
user_1804,2023-10-14 16:31:00,3246.9,Страхование,Google Pay,0
user_1346,2023-04-16 13:42:00,1362.73,Инвестиции,Apple Pay,0
user_447,2023-12-02 14:06:00,11440.11,Дебетовая карта,Google Pay,0
user_575,2023-03-03 19:07:00,993.97,Кредит,карта,0
user_1681,2023-05-10 09:13:00,4424.88,Вклад,криптовалюта,0
user_561,2024-01-17 12:50:00,4088.2,Дебетовая карта,Google Pay,0
user_1404,2024-01-05 17:16:00,5883.41,Вклад,Google Pay,0
user_992,2024-03-29 16:46:00,1330.29,Дебетовая карта,криптовалюта,1
user_442,2023-06-06 16:39:00,38274.63,Дебетовая карта,карта,0
user_737,2023-09-29 16:42:00,4358.92,Инвестиции,Google Pay,0
user_1423,2024-03-29 19:18:00,950.47,Вклад,Google Pay,1
user_1605,2024-02-09 13:14:00,2489.63,Вклад,Apple Pay,0
user_53,2023-04-01 17:27:00,831.28,Ипотека,карта,0
user_1812,2024-01-12 19:32:00,3785.4,Кредит,карта,0
user_473,2023-04-07 10:57:00,1607.92,Вклад,Apple Pay,1
user_1298,2023-05-20 09:23:00,7556.33,Дебетовая карта,карта,0
user_571,2024-01-02 10:41:00,3086.64,Вклад,криптовалюта,0
user_536,2023-07-09 19:26:00,2695.53,Инвестиции,Apple Pay,0
user_1779,2023-08-26 14:40:00,1162.8,Ипотека,карта,0
user_1402,2023-02-02 09:34:00,3617.95,Дебетовая карта,карта,0
user_1831,2023-06-29 11:46:00,2233.19,Инвестиции,карта,0
user_42,2023-12-07 10:11:00,1562.06,Дебетовая карта,карта,0
user_542,2023-12-22 14:18:00,3447.19,Вклад,карта,0
user_98,2023-08-29 13:05:00,10187.26,Инвестиции,Apple Pay,0
user_950,2023-10-22 17:04:00,1455.25,Вклад,Google Pay,0
user_924,2023-04-24 16:45:00,4948.54,Страхование,криптовалюта,1
user_1964,2024-02-20 16:05:00,1530.04,Инвестиции,Apple Pay,0
user_462,2023-06-10 12:59:00,2566.89,Кредит,Apple Pay,0
user_1332,2023-01-07 13:31:00,1001.21,Страхование,карта,0
user_1989,2023-05-17 17:07:00,2530.81,Вклад,криптовалюта,0
user_140,2024-02-26 13:22:00,2855.27,Дебетовая карта,карта,0
user_891,2024-02-25 10:28:00,1963.24,Ипотека,Google Pay,0
user_783,2023-01-14 15:19:00,2389.8,Дебетовая карта,Google Pay,0
user_53,2023-12-03 15:37:00,3663.61,Кредит,карта,0
user_843,2024-02-14 20:12:00,1825.41,Инвестиции,Apple Pay,0
user_508,2023-08-17 18:07:00,1363.96,Кредит,криптовалюта,0
user_613,2023-08-07 15:52:00,6733.8,Страхование,Apple Pay,0
user_426,2023-02-10 19:14:00,1448.57,Ипотека,карта,0
user_1040,2024-01-26 16:24:00,2016.25,Инвестиции,карта,0
user_797,2023-03-02 13:44:00,3293.21,Вклад,карта,0
user_1473,2023-04-05 17:13:00,1073.93,Ипотека,карта,0
user_707,2023-02-06 16:48:00,8413.3,Дебетовая карта,криптовалюта,0
user_1384,2024-03-13 15:36:00,7729.85,Кредит,карта,0
user_1055,2023-11-07 13:02:00,8693.28,Страхование,карта,0
user_704,2023-04-21 13:39:00,2614.25,Страхование,карта,0
user_1648,2023-05-19 11:54:00,1830.96,Инвестиции,карта,0
user_1474,2023-02-12 18:05:00,10454.79,Дебетовая карта,карта,0
user_1052,2023-05-26 19:50:00,3741.62,Кредит,карта,0
user_1069,2023-06-23 09:56:00,1383.86,Кредит,карта,1
user_1528,2024-02-09 14:01:00,4294.84,Дебетовая карта,криптовалюта,0
user_1540,2023-11-11 18:49:00,1005.7,Страхование,карта,0
user_1425,2023-11-29 19:30:00,729.85,Дебетовая карта,карта,0
user_228,2023-03-15 17:13:00,9890.44,Кредит,Google Pay,0
user_461,2023-10-14 10:02:00,549.63,Кредит,карта,1
user_810,2023-07-22 16:09:00,835.18,Дебетовая карта,Google Pay,0
user_1151,2023-12-24 16:48:00,907.21,Дебетовая карта,Apple Pay,0
user_790,2023-06-15 16:57:00,799.74,Инвестиции,Apple Pay,0
user_1658,2023-03-24 18:37:00,8850.5,Ипотека,карта,0
user_704,2023-11-26 16:41:00,3074.92,Вклад,карта,0
user_1089,2023-12-21 09:01:00,6294.27,Дебетовая карта,Google Pay,0
user_1397,2023-02-08 20:25:00,4753.38,Кредит,карта,0
user_755,2024-03-27 19:20:00,2098.21,Дебетовая карта,карта,0
user_1115,2023-02-12 19:25:00,7212.33,Вклад,Apple Pay,0
user_1454,2023-05-16 18:28:00,1118.32,Дебетовая карта,карта,0
user_772,2023-05-26 13:55:00,7010.35,Дебетовая карта,Google Pay,0
user_1942,2023-05-18 20:35:00,1669.25,Инвестиции,Apple Pay,0
user_1073,2023-01-26 10:36:00,936.54,Вклад,криптовалюта,0
user_1573,2023-03-04 10:27:00,3913.33,Дебетовая карта,карта,0
user_1409,2023-07-20 20:53:00,13951.34,Вклад,карта,0
user_1629,2024-02-28 09:48:00,2175.69,Дебетовая карта,карта,0
user_1351,2024-03-02 16:59:00,839.82,Кредит,карта,0
user_1078,2024-01-01 17:24:00,817.77,Инвестиции,криптовалюта,0
user_1522,2023-06-12 13:15:00,1995.69,Кредит,Apple Pay,0
user_934,2023-09-21 14:17:00,6512.62,Кредит,карта,0
user_1703,2023-03-23 15:01:00,3812.91,Вклад,карта,0
user_1004,2023-06-19 09:20:00,4259.37,Дебетовая карта,Apple Pay,0
user_1479,2023-10-29 16:01:00,6690.93,Вклад,карта,0
user_414,2023-11-19 12:28:00,2794.08,Ипотека,карта,0
user_361,2023-11-04 09:10:00,4548.82,Кредит,Apple Pay,0
user_1130,2023-03-17 12:00:00,1728.69,Кредит,Apple Pay,0
user_1694,2023-01-15 15:06:00,1097.2,Кредит,карта,0
user_1468,2023-07-18 11:59:00,7335.1,Кредит,Apple Pay,0
user_665,2023-02-27 14:28:00,1683.11,Страхование,Apple Pay,0
user_1712,2023-12-03 10:57:00,11260.4,Дебетовая карта,Apple Pay,0
user_1332,2023-05-19 09:43:00,1806.14,Кредит,карта,0
user_1113,2023-09-04 16:54:00,1781.97,Вклад,Google Pay,0
user_1982,2023-06-24 19:55:00,4024.66,Страхование,Apple Pay,0
user_1559,2023-09-07 18:02:00,3449.51,Ипотека,карта,0
user_590,2023-10-04 09:26:00,649.82,Дебетовая карта,карта,0
user_131,2023-12-08 09:24:00,1909.36,Вклад,карта,0
user_541,2023-07-07 11:32:00,5665.2,Кредит,криптовалюта,0
user_354,2024-01-03 20:54:00,931.12,Инвестиции,Apple Pay,0
user_365,2024-03-08 11:06:00,3022.01,Ипотека,карта,0
user_1046,2023-03-25 20:13:00,2470.13,Вклад,карта,0
user_1969,2023-12-10 13:40:00,779.82,Вклад,карта,0
user_1299,2023-12-09 19:05:00,4109.04,Вклад,карта,0
user_854,2023-05-28 10:23:00,4367.66,Вклад,Apple Pay,0
user_497,2023-06-16 19:42:00,1398.92,Дебетовая карта,Apple Pay,0
user_1568,2023-02-17 14:42:00,2931.96,Страхование,карта,0
user_1098,2023-12-04 18:13:00,540.43,Ипотека,криптовалюта,0
user_99,2024-02-07 19:13:00,3404.75,Страхование,банковский перевод,0
user_933,2023-10-28 17:52:00,3304.28,Дебетовая карта,карта,0
user_361,2023-02-09 11:51:00,735.65,Дебетовая карта,карта,0
user_997,2023-01-17 14:17:00,2452.85,Вклад,карта,0
user_127,2023-10-11 14:51:00,1159.97,Кредит,криптовалюта,0
user_428,2023-02-05 15:31:00,4674.63,Дебетовая карта,карта,0
user_1632,2023-08-20 09:27:00,2814.53,Кредит,Apple Pay,0
user_339,2024-02-05 16:06:00,3250.89,Дебетовая карта,Apple Pay,0
user_214,2023-11-23 20:48:00,664.27,Кредит,карта,1
user_442,2023-02-12 09:10:00,1271.52,Дебетовая карта,карта,0
user_1847,2023-06-08 20:25:00,5408.47,Ипотека,Apple Pay,0
user_1897,2024-03-17 10:45:00,1590.33,Кредит,карта,0
user_1328,2023-12-08 20:31:00,8254.7,Кредит,карта,0
user_1561,2023-10-03 09:52:00,3837.88,Дебетовая карта,криптовалюта,0
user_1820,2023-10-15 17:20:00,5288.97,Вклад,карта,0
user_592,2023-02-05 17:43:00,2601.2,Ипотека,Google Pay,0
user_818,2023-03-23 18:00:00,2440.97,Вклад,карта,0
user_56,2023-10-25 10:45:00,553.27,Инвестиции,карта,0
user_1052,2023-07-20 12:44:00,604.9,Кредит,карта,0
user_1852,2024-01-01 16:44:00,8149.64,Кредит,карта,0
user_56,2023-01-07 18:35:00,1628.46,Инвестиции,карта,0
user_1423,2023-03-13 14:37:00,2351.84,Кредит,банковский перевод,0
user_932,2023-12-29 15:15:00,3433.99,Дебетовая карта,карта,0
user_1931,2023-04-26 17:51:00,615.66,Дебетовая карта,карта,0
user_1182,2023-10-15 18:37:00,3853.95,Ипотека,Google Pay,0
user_811,2023-08-12 13:29:00,1124.65,Дебетовая карта,Google Pay,0
user_202,2023-01-06 15:11:00,2494.42,Ипотека,банковский перевод,0
user_1122,2024-02-14 19:29:00,2509.99,Вклад,карта,0
user_1963,2023-10-08 09:34:00,779.76,Кредит,карта,0
user_26,2024-01-22 15:51:00,1445.4,Кредит,Google Pay,1
user_9,2023-02-05 20:20:00,2695.06,Дебетовая карта,Google Pay,0
user_1781,2023-01-13 16:36:00,3132.83,Кредит,карта,0
user_535,2023-02-27 13:55:00,2466.94,Дебетовая карта,криптовалюта,0
user_1216,2023-03-28 09:49:00,1676.97,Дебетовая карта,Google Pay,0
user_1232,2023-11-06 14:18:00,77331.56,Вклад,карта,0
user_961,2024-02-01 19:00:00,639.05,Дебетовая карта,Google Pay,0
user_996,2024-01-12 14:19:00,1769.06,Ипотека,карта,0
user_1376,2023-06-08 14:34:00,1626.64,Кредит,карта,0
user_479,2024-03-12 09:36:00,1055.84,Ипотека,карта,0
user_360,2023-01-30 09:18:00,3934.59,Вклад,карта,0
user_1974,2023-12-20 13:21:00,4270.81,Инвестиции,карта,0
user_18,2024-02-15 12:46:00,5355.0,Вклад,Google Pay,0
user_378,2024-01-14 16:58:00,2154.79,Кредит,Google Pay,0
user_1459,2024-03-23 09:10:00,812.98,Страхование,карта,0
user_1137,2023-06-27 16:16:00,7504.76,Инвестиции,карта,0
user_645,2023-10-17 19:00:00,3006.71,Страхование,Apple Pay,0
user_232,2024-01-30 14:54:00,1846.29,Инвестиции,карта,0
user_734,2023-11-06 09:54:00,4988.86,Кредит,карта,0
user_113,2023-01-23 12:33:00,650.53,Ипотека,карта,0
user_1108,2024-02-16 11:32:00,8086.52,Ипотека,Apple Pay,0
user_976,2023-02-21 13:15:00,2054.45,Инвестиции,криптовалюта,0
user_1840,2023-07-14 17:43:00,936.81,Вклад,карта,0
user_1610,2023-11-02 09:47:00,4319.66,Инвестиции,Apple Pay,0
user_940,2023-10-22 09:56:00,6527.77,Вклад,Google Pay,1
user_1063,2023-12-15 17:29:00,952.17,Дебетовая карта,банковский перевод,0
user_1379,2023-12-28 12:43:00,3559.09,Ипотека,Apple Pay,0
user_588,2023-10-05 16:47:00,8851.73,Кредит,карта,0
user_1202,2023-03-20 10:33:00,8150.7,Инвестиции,карта,0
user_34,2024-01-03 12:34:00,1189.72,Дебетовая карта,карта,0
user_1878,2024-03-11 16:04:00,1431.45,Кредит,карта,0
user_1882,2024-02-04 20:42:00,902.96,Дебетовая карта,Apple Pay,0
user_1780,2023-10-05 16:37:00,1230.18,Вклад,карта,0
user_424,2023-06-02 16:30:00,1819.95,Кредит,Apple Pay,0
user_1577,2023-12-27 19:42:00,912.89,Страхование,карта,0
user_1150,2024-03-29 14:45:00,620.3,Дебетовая карта,Google Pay,0
user_1967,2023-06-05 18:16:00,1473.58,Страхование,карта,0
user_32,2023-11-15 09:46:00,5642.23,Кредит,Apple Pay,0
user_795,2023-05-13 11:20:00,1186.57,Кредит,Apple Pay,0
user_195,2023-07-12 10:33:00,3272.99,Кредит,Apple Pay,0
user_1893,2023-02-26 15:22:00,2479.67,Кредит,карта,0
user_341,2023-09-29 10:58:00,4375.33,Страхование,Apple Pay,0
user_78,2023-01-07 19:21:00,949.04,Дебетовая карта,криптовалюта,0
user_225,2024-01-12 16:49:00,565.26,Страхование,Google Pay,0
user_1931,2023-09-10 18:39:00,4710.13,Страхование,карта,0
user_1062,2023-11-06 15:15:00,3838.45,Кредит,карта,0
user_216,2024-01-22 19:43:00,1698.09,Ипотека,Google Pay,0
user_795,2023-05-08 13:43:00,5187.01,Страхование,карта,0
user_852,2023-03-26 10:24:00,1030.1,Кредит,Google Pay,0
user_1603,2023-09-07 19:19:00,940.1,Вклад,криптовалюта,0
user_440,2023-04-09 17:52:00,1413.76,Дебетовая карта,карта,0
user_233,2024-01-25 16:00:00,1493.41,Дебетовая карта,карта,0
user_1500,2023-10-25 10:47:00,1415.55,Дебетовая карта,карта,0
user_863,2024-02-26 16:14:00,2679.52,Дебетовая карта,карта,1
user_249,2023-05-16 17:45:00,43646.69,Дебетовая карта,Apple Pay,0
user_857,2024-01-05 10:44:00,771.28,Дебетовая карта,карта,0
user_853,2024-03-12 09:25:00,1292.13,Дебетовая карта,Apple Pay,0
user_462,2023-12-01 15:57:00,35332.38,Страхование,карта,0
user_402,2023-11-04 13:37:00,1269.98,Кредит,карта,0
user_192,2023-11-20 18:16:00,7470.37,Кредит,карта,0
user_1681,2024-02-21 20:12:00,1390.88,Дебетовая карта,карта,0
user_22,2023-04-05 13:18:00,2365.03,Дебетовая карта,банковский перевод,0
user_1017,2023-03-26 11:42:00,634.27,Вклад,карта,0
user_38,2024-03-10 10:34:00,10404.61,Вклад,карта,0
user_1609,2023-05-08 11:34:00,5418.47,Кредит,Google Pay,0
user_798,2023-03-03 09:52:00,900.58,Вклад,карта,0
user_1963,2023-07-22 09:52:00,889.37,Дебетовая карта,банковский перевод,0
user_109,2023-10-20 17:36:00,5373.43,Дебетовая карта,карта,0
user_665,2023-08-04 18:20:00,6555.74,Вклад,карта,0
user_790,2023-11-07 19:50:00,2633.06,Вклад,карта,0
user_138,2023-09-10 09:00:00,6828.48,Вклад,Google Pay,0
user_875,2023-07-15 16:04:00,1260.7,Инвестиции,Apple Pay,0
user_919,2023-07-06 13:27:00,1508.23,Дебетовая карта,карта,0
user_891,2023-09-13 12:35:00,1109.08,Ипотека,Apple Pay,0
user_1067,2023-07-25 20:19:00,2480.64,Ипотека,Google Pay,0
user_384,2024-02-24 20:18:00,1750.41,Дебетовая карта,банковский перевод,0
user_478,2023-07-05 17:27:00,1785.91,Инвестиции,карта,0
user_998,2023-11-21 12:57:00,7368.31,Дебетовая карта,карта,0
user_1289,2023-11-14 10:14:00,2034.51,Ипотека,Apple Pay,0
user_785,2023-10-08 12:24:00,2199.94,Ипотека,карта,0
user_914,2023-10-22 13:54:00,1918.58,Дебетовая карта,Google Pay,0
user_1980,2023-10-08 14:16:00,1247.8,Дебетовая карта,Google Pay,0
user_1292,2023-05-15 09:05:00,5011.39,Вклад,карта,0
user_91,2023-12-20 18:05:00,1767.82,Дебетовая карта,карта,0
user_722,2023-09-09 12:41:00,794.74,Вклад,карта,0
user_108,2023-09-28 18:37:00,3267.33,Дебетовая карта,Google Pay,0
user_1751,2023-04-01 16:50:00,8546.55,Дебетовая карта,Apple Pay,0
user_1650,2024-03-28 17:24:00,3605.43,Дебетовая карта,банковский перевод,0
user_932,2023-08-20 10:38:00,2068.05,Страхование,карта,0
user_533,2023-03-04 12:30:00,1820.02,Вклад,Apple Pay,0
user_1439,2023-08-06 13:38:00,2933.37,Вклад,Apple Pay,0
user_368,2024-02-20 20:30:00,3805.5,Инвестиции,Apple Pay,0
user_1541,2023-09-09 14:53:00,5323.94,Страхование,карта,0
user_1749,2024-01-28 09:47:00,1736.83,Дебетовая карта,карта,1
user_360,2023-01-14 17:20:00,907.83,Кредит,карта,0
user_1066,2023-08-28 18:14:00,2772.68,Дебетовая карта,Apple Pay,0
user_310,2023-03-02 15:50:00,2390.52,Вклад,Google Pay,0
user_1232,2023-02-22 13:32:00,99499.83,Кредит,Apple Pay,0
user_1350,2023-04-14 19:35:00,862.57,Страхование,банковский перевод,0
user_16,2023-08-23 10:04:00,3068.17,Кредит,карта,0
user_1890,2023-03-17 09:32:00,1003.06,Дебетовая карта,карта,0
user_522,2024-01-27 18:13:00,543.69,Вклад,карта,0
user_928,2023-03-31 15:46:00,2057.22,Вклад,карта,0
user_519,2023-12-20 15:15:00,2765.35,Дебетовая карта,карта,0
user_1811,2023-08-08 17:52:00,7736.14,Страхование,карта,0
user_1522,2023-02-04 18:44:00,895.11,Ипотека,криптовалюта,0
user_1980,2023-04-08 09:18:00,3795.59,Кредит,карта,1
user_772,2023-05-07 10:15:00,1310.99,Ипотека,криптовалюта,1
user_1126,2023-03-30 19:05:00,7496.23,Дебетовая карта,карта,0
user_1155,2023-09-01 12:50:00,4894.54,Дебетовая карта,Apple Pay,0
user_461,2023-08-04 15:23:00,639.91,Страхование,Apple Pay,0
user_1864,2024-01-03 17:33:00,1044.31,Страхование,карта,0
user_1729,2023-06-30 14:15:00,610.57,Вклад,карта,0
user_1970,2023-10-27 12:17:00,1995.48,Дебетовая карта,Apple Pay,0
user_915,2023-08-01 20:26:00,2087.67,Кредит,криптовалюта,1
user_255,2024-02-18 15:04:00,2937.81,Дебетовая карта,Google Pay,0
user_318,2023-09-23 20:52:00,502.56,Вклад,карта,0
user_1112,2023-03-24 12:40:00,6391.93,Вклад,Google Pay,0
user_1637,2023-07-18 18:31:00,3407.15,Ипотека,Apple Pay,0
user_1399,2023-04-20 12:06:00,3724.81,Дебетовая карта,Apple Pay,0
user_1466,2023-05-11 18:13:00,1890.09,Вклад,криптовалюта,0
user_1565,2023-07-21 11:29:00,4429.02,Вклад,Apple Pay,0
user_1686,2024-03-15 18:45:00,2573.77,Страхование,карта,0
user_1841,2023-04-26 12:05:00,4470.26,Ипотека,Apple Pay,0
user_727,2024-02-24 20:20:00,6532.93,Инвестиции,карта,0
user_1457,2023-11-15 11:39:00,5239.82,Кредит,карта,0
user_558,2023-02-13 12:23:00,1828.07,Инвестиции,Apple Pay,0
user_1380,2024-03-29 14:13:00,539.99,Ипотека,криптовалюта,0
user_111,2023-01-22 11:14:00,771.4,Кредит,Apple Pay,0
user_109,2023-05-25 10:44:00,2616.25,Вклад,банковский перевод,0
user_400,2023-06-26 11:31:00,9681.72,Вклад,Google Pay,0
user_1090,2023-05-23 17:31:00,1898.71,Дебетовая карта,карта,1
user_1822,2024-02-29 16:22:00,623.73,Инвестиции,карта,0
user_1198,2023-03-09 10:39:00,3125.17,Инвестиции,Apple Pay,0
user_1123,2023-01-16 13:01:00,1727.52,Кредит,банковский перевод,0
user_1393,2023-06-07 19:04:00,3906.63,Кредит,карта,0
user_1773,2024-03-19 20:51:00,670.79,Кредит,карта,0
user_1167,2023-11-12 11:05:00,810.68,Инвестиции,карта,0
user_1476,2024-02-23 13:26:00,7387.15,Кредит,Apple Pay,0
user_819,2023-02-06 09:32:00,905.95,Вклад,карта,0
user_1991,2023-07-04 17:50:00,1029.48,Вклад,Apple Pay,0
user_975,2023-01-26 20:55:00,1584.18,Кредит,карта,0
user_1786,2023-09-18 13:09:00,3567.36,Кредит,Apple Pay,0
user_1935,2023-04-17 17:07:00,1450.82,Инвестиции,карта,0
user_1766,2024-03-15 10:45:00,4077.0,Дебетовая карта,карта,0
user_659,2024-01-22 12:28:00,2702.96,Дебетовая карта,карта,0
user_747,2023-09-20 18:03:00,2817.46,Дебетовая карта,Apple Pay,0
user_1569,2023-04-14 10:19:00,1070.79,Кредит,карта,0
user_1858,2023-11-03 13:29:00,4956.79,Дебетовая карта,Apple Pay,0
user_1215,2023-07-26 09:05:00,824.98,Кредит,Google Pay,0
user_1555,2023-04-14 09:49:00,502.08,Дебетовая карта,карта,0
user_888,2024-03-29 14:39:00,1818.73,Кредит,Google Pay,0
user_1715,2023-01-26 09:36:00,1676.17,Вклад,криптовалюта,0
user_829,2023-12-18 20:21:00,3077.19,Кредит,Google Pay,0
user_1244,2023-07-10 18:08:00,635.77,Кредит,Google Pay,0
user_1075,2024-03-08 12:01:00,683.96,Инвестиции,Google Pay,0
user_1673,2023-12-26 20:28:00,3363.77,Вклад,карта,0
user_1600,2023-03-17 10:17:00,1191.06,Инвестиции,банковский перевод,0
user_1679,2023-08-31 16:41:00,23044.73,Страхование,карта,0
user_245,2023-11-22 11:10:00,2287.82,Дебетовая карта,карта,0
user_492,2024-03-08 10:30:00,822.45,Вклад,карта,0
user_1822,2023-05-11 17:19:00,2970.75,Ипотека,карта,0
user_261,2023-02-15 12:06:00,1785.85,Дебетовая карта,Google Pay,0
user_1549,2023-03-19 14:58:00,6986.95,Кредит,карта,0
user_1269,2023-04-03 18:31:00,1525.07,Кредит,банковский перевод,0
user_699,2024-03-21 15:06:00,1578.28,Ипотека,Apple Pay,0
user_76,2023-07-06 09:13:00,74514.94,Кредит,криптовалюта,0
user_21,2023-09-01 19:36:00,2205.87,Ипотека,Apple Pay,0
user_1785,2023-06-15 16:14:00,725.7,Вклад,Apple Pay,0
user_211,2023-02-12 17:50:00,3957.92,Вклад,банковский перевод,0
user_1490,2023-10-06 14:27:00,4477.07,Дебетовая карта,криптовалюта,0
user_289,2023-06-17 20:30:00,945.93,Дебетовая карта,Apple Pay,0
user_794,2024-02-01 09:21:00,5469.24,Дебетовая карта,карта,0
user_208,2023-04-08 10:59:00,1131.9,Страхование,карта,0
user_1274,2023-01-24 15:13:00,5840.66,Страхование,карта,0
user_206,2023-02-05 20:17:00,1707.93,Дебетовая карта,карта,1
user_1253,2023-06-09 11:41:00,3496.71,Дебетовая карта,Apple Pay,0
user_1921,2024-02-25 13:48:00,4670.89,Вклад,карта,1
user_1484,2023-07-06 15:48:00,807.19,Дебетовая карта,Apple Pay,0
user_1317,2024-03-09 16:22:00,647.81,Инвестиции,криптовалюта,0
user_1813,2023-08-02 19:21:00,99414.49,Кредит,карта,0
user_1642,2023-08-01 18:50:00,3403.71,Ипотека,криптовалюта,0
user_1466,2023-07-23 19:51:00,2501.03,Дебетовая карта,криптовалюта,0
user_1126,2023-07-30 12:10:00,1538.99,Дебетовая карта,Apple Pay,0
user_781,2023-02-24 11:04:00,792.57,Дебетовая карта,Google Pay,0
user_1239,2023-05-12 20:13:00,7015.27,Дебетовая карта,криптовалюта,0
user_214,2023-06-25 13:31:00,5658.18,Кредит,карта,0
user_1762,2023-08-19 15:05:00,1008.76,Дебетовая карта,Apple Pay,0
user_1771,2023-05-27 19:58:00,4337.57,Дебетовая карта,Apple Pay,1
user_524,2023-01-02 16:08:00,717.18,Кредит,карта,0
user_1515,2023-09-01 09:45:00,3341.68,Кредит,криптовалюта,1
user_1390,2024-03-24 10:24:00,2818.44,Инвестиции,карта,0
user_1708,2023-03-30 11:47:00,17686.8,Инвестиции,карта,0
user_1799,2023-02-23 10:22:00,2758.53,Дебетовая карта,криптовалюта,0
user_1488,2023-05-21 20:23:00,622.03,Кредит,Google Pay,0
user_1873,2023-09-07 10:21:00,4724.93,Дебетовая карта,карта,0
user_651,2023-04-04 13:18:00,2010.55,Ипотека,Apple Pay,0
user_889,2023-02-23 15:31:00,1965.27,Страхование,карта,0
user_299,2023-08-25 14:31:00,919.99,Инвестиции,Apple Pay,0
user_1714,2023-11-28 12:11:00,530.74,Страхование,криптовалюта,0
user_555,2023-11-05 10:21:00,6588.99,Страхование,Apple Pay,0
user_1008,2023-09-22 16:44:00,808.93,Кредит,криптовалюта,0
user_326,2023-08-03 14:02:00,953.03,Дебетовая карта,карта,0
user_516,2023-12-26 11:50:00,9164.82,Инвестиции,Apple Pay,0
user_1351,2023-10-21 19:52:00,6251.43,Кредит,Apple Pay,0
user_502,2023-06-22 13:54:00,792.9,Кредит,карта,0
user_1032,2024-02-06 17:55:00,6714.57,Инвестиции,криптовалюта,0
user_904,2023-10-12 09:33:00,3953.89,Страхование,карта,0
user_1230,2023-06-18 09:33:00,1243.59,Кредит,криптовалюта,0
user_516,2023-09-12 17:46:00,1230.33,Дебетовая карта,карта,0
user_970,2023-05-27 20:26:00,5443.58,Кредит,банковский перевод,0
user_60,2023-07-17 11:59:00,1837.97,Кредит,криптовалюта,0
user_1037,2023-06-29 11:50:00,4627.92,Кредит,криптовалюта,0
user_212,2024-03-11 11:35:00,5069.91,Страхование,Apple Pay,0
user_1457,2024-02-16 16:26:00,1529.81,Дебетовая карта,карта,0
user_1699,2023-09-19 10:58:00,5158.55,Инвестиции,карта,0
user_804,2023-08-22 09:20:00,16910.31,Кредит,Apple Pay,1
user_1766,2023-07-06 20:52:00,713.32,Кредит,карта,0
user_785,2023-05-19 11:02:00,891.82,Кредит,карта,0
user_1747,2023-09-17 14:31:00,3848.74,Страхование,карта,0
user_1040,2023-05-05 18:30:00,1518.57,Ипотека,Apple Pay,0
user_1108,2024-02-22 11:15:00,8405.76,Дебетовая карта,Google Pay,0
user_818,2023-09-24 17:17:00,4635.9,Вклад,Google Pay,0
user_1871,2023-09-07 15:39:00,1528.53,Кредит,Apple Pay,0
user_1413,2023-10-17 11:06:00,2375.54,Кредит,Apple Pay,0
user_999,2023-05-05 10:32:00,2260.05,Кредит,криптовалюта,0
user_1592,2023-08-22 09:49:00,7746.45,Кредит,карта,0
user_926,2023-11-22 14:09:00,9619.7,Инвестиции,Apple Pay,1
user_1753,2023-03-15 20:14:00,894.54,Вклад,карта,0
user_949,2024-01-27 16:37:00,3345.82,Инвестиции,карта,0
user_1620,2024-01-16 19:16:00,1306.66,Инвестиции,карта,0
user_509,2024-03-25 10:46:00,1971.41,Страхование,карта,0
user_1133,2023-06-25 16:50:00,1382.27,Дебетовая карта,Google Pay,0
user_1228,2023-07-24 09:48:00,3496.38,Кредит,Google Pay,0
user_1055,2023-03-01 17:26:00,807.96,Кредит,Google Pay,0
user_898,2023-08-04 12:30:00,2472.14,Кредит,Apple Pay,0
user_3,2023-03-27 11:28:00,4984.43,Кредит,карта,0
user_1950,2023-12-25 15:52:00,1634.98,Кредит,карта,0
user_432,2023-05-05 09:18:00,4408.58,Вклад,карта,0
user_344,2023-02-20 15:59:00,2504.63,Дебетовая карта,карта,0
user_1623,2023-08-11 11:35:00,6138.44,Дебетовая карта,карта,0
user_154,2023-12-02 19:28:00,1298.61,Дебетовая карта,карта,0
user_1527,2023-07-13 15:12:00,2820.76,Кредит,карта,0
user_703,2023-02-19 18:08:00,1013.76,Кредит,карта,0
user_1441,2023-11-10 15:28:00,9141.3,Дебетовая карта,карта,0
user_432,2023-06-21 20:47:00,998.44,Инвестиции,карта,0
user_1406,2023-03-16 20:07:00,796.76,Страхование,карта,0
user_1984,2024-01-05 14:24:00,1004.03,Ипотека,карта,0
user_1009,2023-08-18 14:07:00,2412.89,Дебетовая карта,карта,0
user_1118,2023-03-13 17:41:00,5010.75,Инвестиции,Apple Pay,0
user_1226,2023-06-28 14:22:00,4758.18,Страхование,карта,0
user_720,2024-01-26 09:39:00,4238.92,Ипотека,карта,0
user_1102,2023-05-21 11:09:00,4355.99,Кредит,Apple Pay,0
user_1286,2023-07-06 10:40:00,2577.82,Инвестиции,Apple Pay,0
user_50,2023-05-30 19:08:00,966.02,Дебетовая карта,Google Pay,0
user_907,2023-06-09 13:40:00,7795.47,Дебетовая карта,карта,0
user_1054,2023-05-15 11:24:00,6750.71,Дебетовая карта,банковский перевод,0
user_418,2024-02-16 18:34:00,1185.16,Дебетовая карта,карта,0
user_942,2024-03-29 18:45:00,3596.75,Инвестиции,банковский перевод,0
user_790,2023-06-30 14:56:00,1817.02,Ипотека,Apple Pay,0
user_1109,2024-02-26 17:05:00,3013.72,Вклад,карта,0
user_573,2023-03-11 14:33:00,4532.95,Кредит,карта,0
user_1797,2023-10-11 12:46:00,747.03,Дебетовая карта,карта,0
user_1276,2024-01-15 11:46:00,11039.34,Дебетовая карта,Apple Pay,0
user_1254,2023-03-10 14:52:00,2743.64,Вклад,банковский перевод,0
user_1634,2023-05-18 17:51:00,780.19,Кредит,криптовалюта,0
user_43,2023-08-12 19:38:00,3672.73,Вклад,банковский перевод,0
user_526,2023-08-18 10:43:00,5025.39,Дебетовая карта,карта,0
user_362,2023-05-22 12:55:00,11152.38,Кредит,карта,0
user_1243,2023-06-08 13:56:00,1071.92,Кредит,Google Pay,0
user_685,2023-05-12 17:31:00,917.67,Кредит,карта,0
user_1417,2023-02-02 15:27:00,3648.75,Инвестиции,карта,0
user_1885,2023-11-27 13:14:00,1859.95,Вклад,карта,0
user_741,2023-04-16 15:59:00,1425.08,Вклад,карта,0
user_662,2023-07-25 10:49:00,59637.55,Кредит,Google Pay,0
user_976,2023-05-23 14:50:00,1426.55,Страхование,карта,0
user_979,2023-02-20 10:12:00,2436.85,Кредит,карта,0
user_718,2023-06-21 19:38:00,1713.0,Дебетовая карта,карта,0
user_693,2023-12-19 13:24:00,92645.43,Вклад,Apple Pay,0
user_746,2023-07-06 10:33:00,2250.19,Кредит,карта,0
user_975,2023-06-01 20:41:00,7222.67,Страхование,карта,0
user_893,2024-02-01 11:06:00,1107.91,Инвестиции,карта,0
user_914,2023-07-18 15:33:00,2722.04,Дебетовая карта,карта,0
user_591,2023-10-25 18:19:00,1277.4,Дебетовая карта,Google Pay,0
user_1268,2023-05-13 12:21:00,1148.36,Кредит,карта,0
user_977,2023-09-29 18:24:00,2389.49,Страхование,Apple Pay,0
user_459,2023-07-10 19:20:00,887.15,Дебетовая карта,Google Pay,0
user_1505,2023-03-16 13:02:00,1283.45,Инвестиции,карта,0
user_1762,2023-06-16 19:48:00,6170.32,Страхование,Google Pay,0
user_789,2024-02-12 12:25:00,986.0,Дебетовая карта,карта,0
user_1046,2024-01-22 18:11:00,933.78,Кредит,Apple Pay,0
user_1891,2024-01-20 10:15:00,8898.46,Дебетовая карта,Google Pay,0
user_632,2023-08-31 16:47:00,12780.68,Дебетовая карта,карта,1
user_436,2023-12-02 12:21:00,2964.81,Ипотека,Apple Pay,0
user_693,2023-11-25 20:52:00,709.85,Вклад,карта,0
user_900,2024-03-16 17:29:00,1670.97,Вклад,карта,0
user_888,2023-12-15 09:56:00,2696.32,Кредит,карта,0
user_1204,2024-02-23 15:31:00,3490.83,Дебетовая карта,карта,0
user_553,2023-08-30 10:12:00,2542.23,Дебетовая карта,карта,1
user_1087,2023-11-30 09:41:00,1589.36,Ипотека,карта,0
user_216,2023-05-19 10:35:00,2285.32,Вклад,Google Pay,0
user_1894,2023-05-06 14:51:00,3673.08,Кредит,криптовалюта,0
user_590,2023-11-14 20:23:00,709.65,Ипотека,криптовалюта,0
user_649,2023-07-04 17:08:00,1860.76,Кредит,банковский перевод,0
user_323,2024-01-25 13:28:00,2434.74,Вклад,Apple Pay,0
user_756,2023-08-19 09:18:00,547.13,Инвестиции,Apple Pay,0
user_1949,2023-03-05 16:42:00,737.43,Вклад,карта,0
user_1192,2023-01-04 09:48:00,560.22,Ипотека,криптовалюта,0
user_1335,2023-06-02 19:39:00,6018.59,Инвестиции,карта,0
user_1193,2023-12-23 13:18:00,1763.95,Кредит,Google Pay,0
user_669,2023-11-25 16:34:00,952.3,Вклад,Google Pay,0
user_1575,2023-06-16 16:23:00,2335.87,Страхование,банковский перевод,0
user_686,2024-02-10 17:23:00,2362.22,Дебетовая карта,карта,0
user_1590,2024-01-19 09:49:00,1069.73,Ипотека,карта,0
user_1972,2023-07-08 11:49:00,1944.61,Инвестиции,карта,0
user_22,2023-10-27 09:16:00,4354.71,Дебетовая карта,Google Pay,0
user_335,2023-07-25 16:48:00,2641.12,Кредит,Google Pay,0
user_1529,2023-06-17 18:47:00,4692.98,Кредит,карта,0
user_243,2023-06-22 20:56:00,2507.18,Кредит,криптовалюта,0
user_1436,2023-05-12 15:52:00,1196.25,Вклад,карта,0
user_493,2023-09-03 17:47:00,3037.36,Вклад,криптовалюта,0
user_1172,2023-09-15 13:31:00,5081.03,Кредит,криптовалюта,0
user_1305,2024-01-14 12:50:00,892.39,Дебетовая карта,криптовалюта,0
user_634,2023-04-03 14:05:00,1572.25,Кредит,Google Pay,0
user_1716,2024-01-24 17:07:00,3030.21,Ипотека,Google Pay,0
user_1815,2023-04-12 15:29:00,3200.55,Инвестиции,Apple Pay,0
user_438,2023-02-21 19:27:00,2937.97,Кредит,Apple Pay,0
user_1477,2023-11-02 18:10:00,1207.64,Кредит,Apple Pay,0
user_1347,2023-06-01 17:46:00,13013.72,Ипотека,Apple Pay,0
user_515,2023-04-08 12:46:00,2710.33,Кредит,карта,0
user_1632,2023-06-06 09:29:00,8141.9,Инвестиции,карта,0
user_611,2023-03-06 16:56:00,82844.45,Кредит,карта,0
user_512,2023-02-15 12:33:00,605.2,Дебетовая карта,Google Pay,0
user_1421,2023-03-10 15:12:00,4169.36,Вклад,карта,0
user_239,2023-10-17 13:55:00,1602.71,Дебетовая карта,карта,0
user_1836,2024-01-17 20:09:00,5875.48,Страхование,Google Pay,0
user_770,2024-03-07 09:13:00,1736.95,Ипотека,криптовалюта,0
user_982,2024-01-29 19:17:00,1436.3,Дебетовая карта,карта,0
user_1359,2024-01-18 09:20:00,798.57,Дебетовая карта,криптовалюта,0
user_1759,2023-01-13 15:53:00,50978.98,Страхование,карта,0
user_1541,2023-10-07 15:11:00,2185.61,Страхование,Google Pay,0
user_765,2023-10-05 12:36:00,1100.42,Кредит,криптовалюта,0
user_1500,2023-03-01 15:29:00,1188.93,Дебетовая карта,карта,0
user_791,2023-12-17 19:54:00,4904.09,Дебетовая карта,криптовалюта,0
user_1034,2023-06-05 16:39:00,4613.25,Дебетовая карта,Google Pay,0
user_1372,2024-01-19 18:00:00,864.87,Страхование,банковский перевод,0
user_1102,2023-12-31 14:57:00,710.16,Инвестиции,карта,0
user_102,2023-10-02 13:12:00,544.28,Инвестиции,карта,1
user_90,2024-03-07 10:05:00,90954.99,Вклад,Apple Pay,0
user_278,2023-03-03 15:17:00,1768.58,Страхование,Apple Pay,0
user_168,2023-09-22 18:17:00,1707.32,Кредит,Google Pay,0
user_1457,2023-01-13 13:36:00,2493.6,Кредит,карта,0
user_385,2023-11-28 09:52:00,4902.59,Дебетовая карта,карта,0
user_485,2023-09-27 14:15:00,947.51,Дебетовая карта,карта,0
user_629,2024-03-12 10:26:00,1873.31,Инвестиции,Apple Pay,0
user_351,2023-07-31 15:13:00,661.64,Страхование,карта,0
user_1736,2024-03-05 13:42:00,1240.51,Дебетовая карта,Apple Pay,0
user_179,2023-10-16 11:56:00,2258.93,Кредит,Apple Pay,0
user_384,2023-07-29 16:38:00,1678.73,Кредит,Google Pay,0
user_450,2023-08-19 16:33:00,1028.38,Дебетовая карта,карта,0
user_169,2023-12-03 14:48:00,1000.86,Вклад,карта,0
user_501,2023-09-14 20:34:00,9675.8,Ипотека,Apple Pay,0
user_373,2023-09-26 14:23:00,587.06,Кредит,карта,0
user_683,2023-12-25 16:23:00,44669.37,Страхование,Google Pay,0
user_307,2024-01-03 10:03:00,3256.65,Страхование,карта,0
user_1877,2023-10-20 14:47:00,1534.58,Дебетовая карта,Google Pay,0
user_1573,2023-10-30 18:15:00,75881.08,Кредит,карта,0
user_1290,2023-04-25 12:38:00,5392.85,Кредит,карта,0
user_1186,2023-11-03 20:13:00,2063.46,Вклад,карта,0
user_1387,2023-02-17 20:31:00,3222.53,Инвестиции,Apple Pay,0
user_1883,2023-06-16 12:53:00,2765.66,Вклад,Google Pay,0
user_266,2023-12-27 11:19:00,909.93,Страхование,Apple Pay,0
user_1063,2024-01-31 17:48:00,601.68,Дебетовая карта,карта,0
user_386,2023-03-15 15:04:00,6245.15,Кредит,криптовалюта,0
user_905,2023-07-24 10:16:00,891.44,Кредит,карта,0
user_1798,2023-04-29 11:50:00,3272.03,Инвестиции,Google Pay,0
user_1263,2023-06-18 10:59:00,6262.08,Дебетовая карта,Google Pay,0
user_1269,2023-01-16 10:51:00,76479.62,Инвестиции,криптовалюта,0
user_192,2023-07-25 13:18:00,3629.1,Дебетовая карта,криптовалюта,0
user_1620,2023-09-25 13:05:00,2050.05,Кредит,карта,0
user_1430,2024-03-14 19:10:00,3233.67,Вклад,криптовалюта,0
user_715,2023-08-18 14:05:00,3026.0,Вклад,карта,0
user_668,2023-07-01 16:06:00,2291.47,Страхование,Apple Pay,0
user_1155,2023-06-16 12:21:00,603.22,Кредит,карта,0
user_1518,2023-10-14 13:46:00,4860.02,Кредит,карта,0
user_1005,2023-08-20 17:37:00,718.43,Вклад,Google Pay,0
user_1713,2024-01-07 10:59:00,59483.33,Дебетовая карта,криптовалюта,0
user_411,2023-12-10 11:01:00,876.79,Кредит,карта,0
user_1381,2023-01-12 17:25:00,1601.27,Дебетовая карта,карта,0
user_1650,2023-03-25 12:26:00,52669.4,Вклад,Google Pay,0
user_1415,2023-01-19 15:02:00,579.25,Дебетовая карта,Apple Pay,0
user_668,2023-10-22 09:47:00,2081.71,Кредит,криптовалюта,0
user_928,2023-04-26 15:23:00,7669.13,Ипотека,карта,0
user_934,2024-02-05 18:57:00,8600.81,Кредит,карта,0
user_618,2023-11-22 20:13:00,1794.82,Кредит,Apple Pay,0
user_266,2023-05-26 18:01:00,3714.16,Кредит,карта,0
user_374,2023-03-23 17:23:00,3059.93,Кредит,криптовалюта,0
user_1277,2023-04-25 12:46:00,2742.9,Вклад,карта,0
user_450,2023-08-07 09:30:00,9198.68,Кредит,карта,0
user_1583,2023-12-20 10:04:00,2413.99,Кредит,карта,0
user_1586,2023-10-13 19:04:00,4082.22,Кредит,Apple Pay,0
user_821,2023-10-24 18:09:00,2681.01,Кредит,карта,0
user_730,2023-04-29 15:36:00,2622.18,Дебетовая карта,карта,0
user_1957,2023-08-18 11:52:00,4307.7,Кредит,криптовалюта,0
user_26,2023-07-11 15:32:00,2883.64,Дебетовая карта,Google Pay,0
user_516,2023-09-08 12:19:00,1234.41,Инвестиции,криптовалюта,0
user_1382,2023-03-05 17:18:00,2766.59,Дебетовая карта,карта,0
user_1747,2023-01-23 09:58:00,3678.55,Кредит,карта,0
user_919,2023-07-14 16:32:00,10274.14,Дебетовая карта,Apple Pay,0
user_1443,2024-01-20 19:46:00,5360.6,Кредит,карта,0
user_436,2024-03-22 11:26:00,2487.36,Кредит,банковский перевод,0
user_1855,2023-05-12 18:16:00,1555.48,Дебетовая карта,банковский перевод,0
user_1165,2023-12-28 11:41:00,612.49,Кредит,Apple Pay,1
user_1482,2023-01-08 18:49:00,2334.37,Кредит,банковский перевод,0
user_353,2023-09-14 15:27:00,1054.72,Кредит,криптовалюта,0
user_990,2023-09-26 15:29:00,2059.67,Дебетовая карта,Apple Pay,0
user_1457,2023-08-25 10:27:00,3933.07,Кредит,карта,0
user_827,2023-07-18 19:17:00,5425.32,Кредит,карта,1
user_1921,2024-03-16 19:46:00,3546.44,Инвестиции,карта,0
user_1659,2023-11-16 12:09:00,13727.39,Вклад,Google Pay,0
user_258,2023-12-26 17:49:00,3638.43,Страхование,Apple Pay,0
user_1681,2023-09-07 19:04:00,2803.38,Дебетовая карта,Google Pay,0
user_766,2023-02-19 09:19:00,1060.22,Вклад,Google Pay,0
user_1178,2023-03-09 09:48:00,4131.49,Страхование,Google Pay,0
user_818,2023-03-12 18:38:00,549.02,Дебетовая карта,карта,0
user_1405,2023-10-04 10:00:00,5829.19,Инвестиции,Google Pay,0
user_859,2023-03-05 12:57:00,9460.98,Страхование,карта,0
user_926,2023-07-02 11:17:00,2765.37,Кредит,Apple Pay,0
user_1166,2023-06-02 15:48:00,6859.7,Дебетовая карта,карта,0
user_437,2023-01-29 18:01:00,2037.39,Кредит,карта,0
user_854,2023-05-27 16:06:00,740.06,Дебетовая карта,Apple Pay,0
user_100,2023-05-01 16:41:00,1056.23,Инвестиции,карта,0
user_118,2023-02-07 18:24:00,1078.18,Вклад,Google Pay,0
user_1308,2023-10-06 11:59:00,4190.7,Дебетовая карта,Apple Pay,0
user_557,2023-12-13 16:11:00,2381.4,Дебетовая карта,карта,0
user_1339,2023-12-18 13:38:00,3369.04,Вклад,Apple Pay,0
user_1520,2023-10-23 18:50:00,5757.75,Дебетовая карта,карта,0
user_1331,2023-06-27 09:26:00,815.59,Вклад,Apple Pay,0
user_842,2023-07-02 13:29:00,668.4,Вклад,карта,0
user_1125,2023-09-20 16:22:00,3374.94,Страхование,криптовалюта,1
user_1566,2023-10-08 20:39:00,1091.82,Вклад,Google Pay,0
user_685,2023-10-02 12:20:00,3959.13,Вклад,криптовалюта,0
user_835,2023-01-24 15:04:00,3940.92,Вклад,Google Pay,0
user_485,2023-12-22 20:48:00,4785.49,Ипотека,карта,0
user_403,2023-03-13 16:25:00,5111.66,Страхование,Apple Pay,0
user_132,2023-01-02 17:52:00,5151.54,Дебетовая карта,Google Pay,0
user_142,2023-07-30 19:03:00,5162.56,Инвестиции,Apple Pay,0
user_297,2024-02-01 17:40:00,5981.18,Ипотека,Apple Pay,0
user_1538,2023-08-17 09:27:00,96210.96,Дебетовая карта,Apple Pay,0
user_1257,2024-03-08 14:04:00,1588.24,Инвестиции,Apple Pay,0
user_177,2023-08-13 10:25:00,8010.94,Ипотека,Apple Pay,1
user_1537,2023-10-13 09:27:00,3256.59,Кредит,карта,0
user_1501,2023-08-19 18:04:00,889.27,Дебетовая карта,Apple Pay,0
user_1816,2023-10-16 16:00:00,1411.78,Дебетовая карта,карта,0
user_1938,2023-02-24 16:51:00,1410.79,Вклад,Apple Pay,0
user_168,2024-01-26 18:51:00,92723.11,Ипотека,карта,0
user_1047,2023-10-04 10:31:00,2814.86,Дебетовая карта,криптовалюта,0
user_1629,2023-06-08 12:07:00,5382.46,Страхование,Google Pay,0
user_479,2023-01-10 18:10:00,846.8,Страхование,карта,0
user_1195,2023-10-13 12:29:00,10716.73,Вклад,криптовалюта,0
user_182,2023-06-30 12:28:00,42436.32,Вклад,Google Pay,0
user_603,2023-12-25 15:47:00,2547.64,Вклад,Google Pay,0
user_1960,2024-02-19 14:48:00,2261.83,Кредит,криптовалюта,0
user_1452,2023-02-26 15:27:00,2131.11,Кредит,Apple Pay,0
user_523,2023-01-03 19:44:00,1024.62,Дебетовая карта,карта,0
user_1979,2023-09-23 17:45:00,3739.63,Кредит,карта,0
user_406,2023-12-20 12:25:00,1652.23,Вклад,карта,1
user_759,2023-06-06 19:07:00,760.45,Инвестиции,карта,0
user_889,2024-02-17 13:46:00,31549.07,Кредит,карта,0
user_1255,2023-03-19 19:32:00,934.9,Вклад,карта,0
user_525,2024-03-24 13:59:00,11284.73,Кредит,Apple Pay,0
user_522,2024-01-16 09:22:00,2367.49,Дебетовая карта,карта,0
user_1342,2023-07-04 11:52:00,1120.08,Кредит,карта,0
user_411,2023-02-08 12:15:00,7025.35,Кредит,Google Pay,0
user_285,2023-07-10 17:00:00,3106.74,Инвестиции,Apple Pay,0
user_299,2023-10-12 13:37:00,60206.11,Дебетовая карта,Apple Pay,0
user_657,2023-01-29 19:34:00,1735.44,Кредит,карта,0
user_65,2023-04-26 18:28:00,3185.55,Кредит,Google Pay,0
user_71,2023-06-27 11:29:00,4348.96,Инвестиции,карта,0
user_1448,2023-04-10 17:22:00,5748.2,Дебетовая карта,карта,0
user_1083,2023-02-23 17:50:00,738.52,Ипотека,карта,0
user_292,2024-01-15 14:18:00,2477.68,Вклад,Google Pay,0
user_511,2023-04-11 13:06:00,7914.35,Дебетовая карта,карта,0
user_1353,2024-02-08 11:46:00,74667.89,Дебетовая карта,банковский перевод,0
user_1605,2023-06-25 17:54:00,1044.32,Страхование,карта,0
user_1740,2023-07-05 20:20:00,7304.44,Инвестиции,карта,0
user_435,2023-04-26 17:08:00,3875.36,Кредит,Apple Pay,0
user_1694,2023-02-12 13:32:00,4833.39,Дебетовая карта,карта,0
user_854,2023-08-01 09:32:00,3393.59,Кредит,криптовалюта,0
user_598,2023-10-11 12:34:00,26916.01,Инвестиции,Apple Pay,0
user_1154,2023-06-11 09:44:00,3152.82,Страхование,Apple Pay,0
user_249,2023-07-11 20:11:00,1044.77,Кредит,криптовалюта,0
user_927,2023-01-04 18:51:00,2518.0,Дебетовая карта,карта,0
user_887,2024-02-20 20:18:00,2911.57,Дебетовая карта,карта,0
user_1192,2023-11-05 09:25:00,893.93,Ипотека,карта,0
user_363,2024-02-13 16:50:00,824.07,Дебетовая карта,Google Pay,0
user_124,2024-03-06 18:41:00,1257.79,Кредит,Google Pay,0
user_748,2023-06-12 15:04:00,1176.6,Страхование,карта,0
user_1967,2023-09-20 20:08:00,3764.25,Кредит,карта,0
user_1138,2023-08-13 19:21:00,2920.83,Вклад,Google Pay,1
user_1096,2023-09-26 18:47:00,1153.48,Дебетовая карта,Google Pay,0
user_1289,2023-11-02 09:02:00,1482.62,Страхование,карта,0
user_1017,2023-12-10 20:16:00,2183.59,Вклад,карта,0
user_437,2023-09-11 09:11:00,599.07,Кредит,карта,0
user_1970,2023-08-09 09:35:00,4247.89,Инвестиции,карта,0
user_455,2023-09-09 10:35:00,1121.85,Ипотека,карта,0
user_1281,2023-07-27 10:13:00,1015.49,Дебетовая карта,Google Pay,0
user_1732,2023-09-05 18:25:00,2359.78,Вклад,карта,0
user_1317,2023-10-15 14:51:00,1976.64,Вклад,Google Pay,0
user_1890,2024-03-19 14:17:00,2922.55,Дебетовая карта,карта,0
user_356,2023-09-20 19:35:00,8045.7,Кредит,Google Pay,0
user_1285,2023-06-06 18:10:00,1612.53,Дебетовая карта,карта,0
user_185,2023-05-05 10:54:00,6434.81,Кредит,карта,0
user_1114,2024-03-03 20:01:00,828.86,Страхование,карта,0
user_368,2024-02-14 11:57:00,10027.28,Инвестиции,Apple Pay,0
user_1317,2023-06-04 12:39:00,625.31,Кредит,Apple Pay,0
user_653,2023-12-26 13:49:00,864.64,Страхование,Apple Pay,0
user_258,2023-01-10 19:31:00,48358.62,Кредит,карта,0
user_1733,2023-09-02 19:03:00,2964.55,Кредит,Apple Pay,0
user_1795,2024-02-08 11:59:00,2609.82,Кредит,криптовалюта,0
user_342,2023-11-24 13:03:00,4733.77,Дебетовая карта,карта,0
user_418,2023-02-25 10:04:00,10225.34,Инвестиции,карта,0
user_76,2023-10-08 19:47:00,633.61,Дебетовая карта,карта,0
user_1340,2023-12-07 20:37:00,751.03,Ипотека,Google Pay,0
user_1787,2023-02-13 14:45:00,509.37,Дебетовая карта,криптовалюта,0
user_444,2023-07-28 12:29:00,977.3,Кредит,Google Pay,0
user_903,2023-12-22 13:21:00,1098.59,Дебетовая карта,карта,0
user_1412,2023-08-04 14:12:00,5427.93,Вклад,Google Pay,0
user_885,2023-05-08 10:45:00,584.62,Дебетовая карта,карта,0
user_1507,2023-04-07 20:58:00,1685.34,Дебетовая карта,карта,1
user_1509,2023-11-02 20:51:00,1447.68,Кредит,карта,1
user_1483,2023-12-08 13:50:00,2304.52,Вклад,банковский перевод,0
user_1430,2023-06-05 10:33:00,816.48,Дебетовая карта,Google Pay,0
user_858,2023-02-25 10:05:00,2306.71,Ипотека,карта,0
user_788,2024-02-19 09:23:00,47919.79,Дебетовая карта,карта,0
user_1215,2023-12-07 18:03:00,3778.38,Кредит,криптовалюта,0
user_215,2024-02-11 20:58:00,3386.19,Инвестиции,Google Pay,0
user_1196,2023-10-25 15:10:00,9550.5,Кредит,карта,0
user_65,2023-02-26 18:51:00,1604.95,Кредит,банковский перевод,0
user_1441,2024-01-10 16:33:00,4517.09,Страхование,Apple Pay,0
user_1211,2023-03-30 10:12:00,561.67,Кредит,Apple Pay,0
user_999,2023-07-02 12:32:00,871.55,Дебетовая карта,Apple Pay,0
user_606,2023-12-22 17:49:00,788.62,Дебетовая карта,Google Pay,1
user_1015,2023-05-16 20:52:00,12328.89,Страхование,карта,0
user_1271,2023-06-08 12:53:00,633.34,Вклад,карта,0
user_1369,2024-03-30 14:06:00,1081.76,Страхование,Apple Pay,0
user_1846,2023-10-03 18:28:00,2379.84,Ипотека,карта,0
user_341,2023-03-02 17:45:00,2003.35,Страхование,Google Pay,0
user_89,2024-02-03 19:28:00,960.87,Кредит,криптовалюта,0
user_1305,2023-05-23 10:06:00,9967.05,Страхование,Apple Pay,0
user_326,2024-01-12 20:38:00,679.43,Инвестиции,Apple Pay,0
user_297,2024-03-17 12:45:00,1744.12,Дебетовая карта,Apple Pay,0
user_550,2023-06-30 13:38:00,68677.03,Вклад,карта,0
user_1450,2023-03-03 13:25:00,1296.14,Дебетовая карта,карта,0
user_126,2023-07-15 17:16:00,3128.81,Кредит,Apple Pay,0
user_778,2023-03-11 16:01:00,76139.38,Страхование,Apple Pay,0
user_212,2024-03-25 19:22:00,1276.26,Дебетовая карта,Google Pay,0
user_1680,2023-11-15 15:41:00,572.73,Дебетовая карта,карта,0
user_1525,2023-04-10 20:52:00,1552.78,Дебетовая карта,Apple Pay,0
user_177,2023-08-25 19:19:00,75838.69,Вклад,Google Pay,0
user_548,2023-12-24 19:41:00,4723.71,Страхование,Apple Pay,0
user_922,2024-03-24 11:01:00,1077.67,Ипотека,карта,0
user_915,2023-08-28 12:38:00,684.96,Вклад,Apple Pay,0
user_335,2023-06-14 19:06:00,1017.9,Ипотека,криптовалюта,1
user_934,2024-03-14 11:19:00,3102.88,Кредит,карта,0
user_1738,2023-01-12 17:41:00,1707.01,Кредит,Apple Pay,0
user_442,2024-02-27 10:28:00,7974.86,Страхование,карта,0
user_251,2024-02-08 09:35:00,89058.74,Вклад,карта,0
user_772,2023-04-15 13:45:00,2697.34,Инвестиции,карта,0
user_971,2024-01-04 09:39:00,1160.36,Вклад,карта,0
user_570,2023-06-29 18:50:00,6024.73,Кредит,Apple Pay,0
user_211,2024-02-04 10:48:00,2630.67,Вклад,Google Pay,0
user_171,2024-03-14 18:22:00,7074.28,Кредит,карта,0
user_1596,2023-11-29 09:22:00,567.12,Дебетовая карта,карта,0
user_264,2024-01-11 16:15:00,1280.29,Вклад,Apple Pay,0
user_565,2023-09-15 09:57:00,2722.24,Вклад,карта,0
user_1525,2023-09-08 15:20:00,11715.81,Дебетовая карта,Apple Pay,0
user_1189,2023-04-11 12:27:00,1287.81,Страхование,Apple Pay,0
user_50,2023-07-13 13:30:00,7627.52,Ипотека,карта,0
user_341,2023-08-02 12:34:00,2120.31,Кредит,банковский перевод,0
user_943,2023-04-23 20:40:00,2395.14,Кредит,карта,0
user_704,2023-05-08 17:58:00,4554.63,Кредит,банковский перевод,0
user_1978,2023-12-15 18:13:00,1971.84,Дебетовая карта,карта,0
user_228,2023-03-25 15:16:00,1877.93,Кредит,криптовалюта,0
user_53,2023-02-24 19:20:00,1654.3,Дебетовая карта,Apple Pay,0
user_1102,2023-12-31 17:08:00,1893.75,Кредит,банковский перевод,0
user_1918,2023-03-27 16:37:00,3676.32,Кредит,Apple Pay,0
user_7,2023-05-07 10:37:00,764.74,Дебетовая карта,криптовалюта,0
user_1658,2023-04-18 11:22:00,767.76,Ипотека,карта,0
user_1987,2023-06-10 13:23:00,91300.25,Кредит,Apple Pay,0
user_833,2023-09-15 15:02:00,3182.08,Кредит,карта,1
user_833,2023-04-19 15:43:00,1015.39,Дебетовая карта,Apple Pay,0
user_1986,2023-01-14 18:05:00,5689.29,Ипотека,карта,0
user_1259,2023-10-19 11:54:00,775.92,Дебетовая карта,Google Pay,0
user_1094,2023-11-12 18:48:00,5239.48,Инвестиции,карта,0
user_574,2023-01-21 19:05:00,2849.05,Кредит,Apple Pay,1
user_1864,2023-09-04 16:53:00,3417.16,Кредит,банковский перевод,0
user_507,2023-11-25 17:58:00,98358.59,Дебетовая карта,криптовалюта,0
user_786,2023-01-08 09:11:00,1528.12,Страхование,криптовалюта,0
user_1693,2023-04-18 14:49:00,1623.53,Инвестиции,карта,0
user_1022,2023-06-28 19:38:00,3388.53,Кредит,криптовалюта,0
user_1517,2023-07-31 18:29:00,4957.65,Ипотека,карта,0
user_1990,2023-01-20 19:07:00,876.54,Дебетовая карта,криптовалюта,1
user_1287,2023-07-29 10:47:00,967.68,Дебетовая карта,Apple Pay,0
user_326,2023-10-17 20:51:00,1126.59,Инвестиции,Apple Pay,0
user_1505,2023-04-30 12:16:00,1676.03,Дебетовая карта,карта,0
user_1200,2023-03-11 20:04:00,3525.34,Страхование,карта,0
user_351,2023-07-13 12:00:00,1065.26,Вклад,Apple Pay,0
user_222,2024-01-14 15:52:00,2598.63,Кредит,карта,0
user_1869,2023-10-08 14:14:00,3409.31,Кредит,Apple Pay,0
user_212,2023-09-26 17:01:00,2561.1,Ипотека,карта,0
user_910,2023-04-16 13:07:00,1381.79,Инвестиции,карта,0
user_1971,2023-02-08 11:20:00,1258.78,Ипотека,карта,0
user_1738,2023-08-31 18:51:00,2695.76,Вклад,карта,0
user_1679,2023-06-23 15:00:00,3881.17,Вклад,карта,0
user_1473,2024-01-22 11:03:00,1232.55,Кредит,Google Pay,0
user_955,2023-10-02 13:24:00,7614.23,Вклад,карта,0
user_572,2023-07-18 16:48:00,2120.71,Дебетовая карта,карта,0
user_1795,2023-09-18 16:48:00,2252.29,Дебетовая карта,карта,0
user_1139,2023-12-24 11:20:00,8279.5,Вклад,Google Pay,0
user_792,2023-08-13 20:36:00,3717.11,Кредит,карта,0
user_1934,2024-01-06 18:54:00,7489.22,Дебетовая карта,Google Pay,0
user_740,2023-08-24 12:24:00,2719.75,Страхование,Google Pay,1
user_75,2023-01-03 17:36:00,819.32,Инвестиции,карта,0
user_1202,2023-03-17 14:42:00,640.71,Дебетовая карта,криптовалюта,0
user_853,2023-12-21 18:05:00,3285.72,Дебетовая карта,Apple Pay,0
user_1246,2023-06-20 16:06:00,2467.73,Вклад,Google Pay,0
user_1242,2023-04-01 20:30:00,9157.36,Кредит,карта,0
user_1260,2023-09-21 10:38:00,8772.5,Кредит,Apple Pay,0
user_680,2024-02-20 20:10:00,7934.77,Инвестиции,Apple Pay,1
user_505,2023-04-11 15:53:00,3007.99,Кредит,карта,0
user_636,2023-01-03 11:09:00,3152.18,Дебетовая карта,криптовалюта,0
user_1931,2023-12-26 14:42:00,1777.59,Дебетовая карта,Google Pay,0
user_1498,2023-01-19 10:32:00,3857.72,Ипотека,Apple Pay,0
user_786,2023-07-11 11:15:00,2528.73,Страхование,криптовалюта,0
user_1833,2023-11-27 09:52:00,1317.85,Страхование,карта,0
user_1530,2023-03-14 18:37:00,2292.4,Вклад,Google Pay,0
user_1076,2023-01-29 18:29:00,1763.69,Кредит,карта,0
user_1601,2023-05-17 10:06:00,2016.27,Дебетовая карта,криптовалюта,0
user_1897,2023-07-06 12:50:00,829.85,Кредит,Apple Pay,0
user_1136,2023-09-05 09:52:00,1997.86,Дебетовая карта,Google Pay,0
user_203,2023-04-25 16:49:00,880.42,Кредит,карта,0
user_862,2023-10-31 13:00:00,2332.18,Ипотека,карта,0
user_455,2023-04-18 15:56:00,847.48,Кредит,Google Pay,0
user_1399,2023-01-17 10:21:00,3146.4,Кредит,карта,0
user_176,2023-12-25 20:10:00,2069.41,Дебетовая карта,карта,0
user_936,2023-09-22 20:59:00,3640.09,Дебетовая карта,Apple Pay,0
user_872,2023-12-24 18:16:00,2366.28,Кредит,карта,1
user_772,2023-05-21 20:37:00,3481.84,Ипотека,Apple Pay,0
user_1254,2023-02-22 09:51:00,1453.25,Кредит,Google Pay,0
user_1091,2023-03-01 17:19:00,1804.38,Страхование,Apple Pay,0
user_401,2023-03-21 10:32:00,1382.57,Страхование,Apple Pay,0
user_1601,2024-01-01 09:42:00,941.01,Кредит,карта,1
user_898,2023-09-18 18:34:00,663.18,Кредит,карта,0
user_314,2023-02-27 13:59:00,3309.55,Дебетовая карта,карта,0
user_1369,2024-01-11 13:55:00,1102.41,Инвестиции,Google Pay,0
user_786,2023-01-04 15:46:00,3695.3,Страхование,карта,0
user_1279,2023-11-03 11:08:00,904.05,Дебетовая карта,криптовалюта,0
user_1510,2023-12-05 20:45:00,1575.81,Кредит,карта,0
user_1259,2024-01-26 19:56:00,2505.39,Вклад,криптовалюта,1
user_1883,2023-12-26 18:47:00,1651.34,Дебетовая карта,карта,0
user_1213,2023-05-27 15:13:00,4801.28,Дебетовая карта,Google Pay,0
user_763,2023-08-30 15:04:00,2789.66,Вклад,криптовалюта,0
user_1974,2023-02-07 20:33:00,1225.34,Ипотека,карта,0
user_1030,2023-01-15 13:53:00,1631.25,Ипотека,банковский перевод,0
user_1428,2023-11-28 18:37:00,6217.42,Вклад,карта,0
user_663,2023-11-15 11:50:00,89442.99,Ипотека,карта,0
user_1816,2023-11-30 11:18:00,1566.45,Дебетовая карта,банковский перевод,0
user_1880,2023-12-16 11:40:00,3069.21,Кредит,карта,0
user_1904,2023-07-10 12:09:00,8056.8,Дебетовая карта,карта,1
user_777,2023-11-25 12:33:00,2313.09,Вклад,карта,0
user_1720,2023-04-29 10:01:00,1034.34,Инвестиции,банковский перевод,0
user_1345,2024-03-03 12:34:00,26731.37,Ипотека,Google Pay,0
user_191,2023-08-01 13:49:00,973.49,Дебетовая карта,карта,0
user_1835,2024-02-19 11:01:00,3433.67,Дебетовая карта,карта,0
user_1059,2023-05-29 10:01:00,1218.56,Кредит,Apple Pay,0
user_1066,2024-01-02 09:04:00,6373.96,Вклад,Google Pay,0
user_764,2023-06-12 15:29:00,3767.7,Вклад,карта,0
user_1707,2023-12-06 17:00:00,1147.88,Вклад,карта,0
user_195,2023-12-14 09:54:00,644.59,Кредит,Google Pay,0
user_769,2023-05-20 19:59:00,7693.77,Дебетовая карта,карта,0
user_1129,2023-02-16 13:06:00,2584.92,Кредит,Apple Pay,0
user_393,2024-03-16 14:50:00,2194.72,Дебетовая карта,Google Pay,0
user_426,2023-09-26 19:35:00,9665.49,Кредит,Apple Pay,0
user_1232,2023-01-23 14:39:00,5776.05,Инвестиции,Apple Pay,0
user_1164,2024-03-22 18:30:00,1142.01,Инвестиции,Google Pay,0
user_1636,2024-01-02 20:52:00,1688.59,Страхование,Apple Pay,0
user_1635,2024-03-25 13:26:00,1167.58,Кредит,Google Pay,0
user_37,2023-01-07 10:48:00,6015.67,Дебетовая карта,Apple Pay,0
user_788,2023-05-29 14:21:00,6202.88,Кредит,карта,0
user_1694,2024-02-26 19:44:00,10950.57,Кредит,Apple Pay,0
user_1900,2024-03-13 15:10:00,2084.1,Дебетовая карта,карта,0
user_190,2023-10-16 09:25:00,1340.4,Дебетовая карта,карта,0
user_1533,2024-01-13 11:33:00,1159.11,Ипотека,карта,0
user_465,2023-12-20 18:35:00,8330.53,Ипотека,криптовалюта,0
user_1609,2023-05-31 11:09:00,4157.19,Ипотека,Apple Pay,0
user_893,2023-12-02 12:38:00,5198.28,Кредит,Google Pay,0
user_225,2023-01-23 12:23:00,4829.28,Дебетовая карта,Apple Pay,0
user_409,2023-12-18 10:28:00,1526.88,Кредит,карта,0
user_1884,2023-07-31 12:47:00,4779.32,Вклад,карта,0
user_1536,2024-03-22 09:55:00,967.26,Дебетовая карта,карта,0
user_70,2024-02-13 19:07:00,3424.64,Дебетовая карта,карта,0
user_1897,2023-06-26 16:12:00,1893.89,Кредит,криптовалюта,0
user_1688,2023-04-20 15:50:00,4736.7,Кредит,карта,0
user_1091,2023-03-16 09:59:00,923.45,Дебетовая карта,Apple Pay,0
user_60,2023-07-11 09:57:00,3766.1,Кредит,карта,0
user_870,2023-05-05 10:40:00,1507.42,Кредит,карта,0
user_325,2023-12-13 10:43:00,4009.8,Инвестиции,карта,0
user_732,2023-06-21 12:40:00,5627.14,Кредит,криптовалюта,0
user_631,2023-01-28 11:49:00,1815.31,Кредит,карта,0
user_1426,2024-03-24 19:46:00,2682.82,Ипотека,карта,0
user_1476,2023-02-28 12:50:00,1842.88,Инвестиции,карта,0
user_346,2023-11-21 18:24:00,1617.01,Дебетовая карта,карта,0
user_1799,2023-09-20 17:47:00,52863.18,Инвестиции,Google Pay,0
user_1341,2023-11-27 09:12:00,2320.52,Кредит,криптовалюта,0
user_1333,2023-08-14 17:58:00,7708.1,Вклад,карта,0
user_1553,2023-05-17 18:39:00,2073.96,Инвестиции,карта,0
user_1456,2023-05-03 11:37:00,3706.36,Дебетовая карта,Apple Pay,0
user_1578,2023-05-30 11:13:00,5241.74,Кредит,карта,0
user_580,2023-04-12 10:11:00,2197.29,Вклад,карта,0
user_1374,2024-03-19 11:24:00,6485.57,Страхование,карта,0
user_1951,2023-08-16 17:18:00,660.89,Инвестиции,Apple Pay,0
user_1509,2024-01-12 18:30:00,15742.61,Дебетовая карта,банковский перевод,0
user_816,2024-02-11 13:29:00,1950.86,Кредит,карта,0
user_1265,2023-09-30 11:04:00,11796.93,Вклад,карта,0
user_1826,2024-03-30 09:02:00,4596.31,Кредит,Apple Pay,0
user_1312,2023-02-16 15:16:00,1372.24,Кредит,карта,0
user_1559,2023-04-10 19:56:00,2678.2,Кредит,карта,0
user_1780,2024-02-03 12:05:00,555.99,Дебетовая карта,карта,0
user_735,2024-03-11 15:58:00,3287.72,Дебетовая карта,карта,0
user_671,2023-03-18 20:18:00,4263.58,Страхование,карта,0
user_687,2023-12-27 10:44:00,904.69,Кредит,карта,0
user_738,2023-08-04 20:08:00,1747.14,Дебетовая карта,криптовалюта,0
user_1359,2023-04-12 16:48:00,79946.47,Вклад,карта,0
user_972,2024-02-09 10:00:00,1952.68,Дебетовая карта,Apple Pay,0
user_1881,2023-06-14 10:24:00,18419.75,Страхование,Apple Pay,0
user_1374,2023-08-05 20:02:00,32195.93,Инвестиции,банковский перевод,0
user_1345,2023-05-27 13:33:00,1060.84,Кредит,Apple Pay,1
user_1901,2023-05-26 16:50:00,3377.37,Ипотека,Google Pay,0
user_1715,2023-11-05 16:07:00,2667.68,Инвестиции,карта,0
user_66,2024-02-08 15:09:00,7167.19,Дебетовая карта,карта,0
user_1933,2023-10-16 14:54:00,3618.41,Инвестиции,карта,0
user_1764,2023-10-22 20:58:00,1039.26,Дебетовая карта,Apple Pay,0
user_661,2023-04-17 12:12:00,2573.39,Инвестиции,карта,0
user_472,2023-04-15 17:56:00,4911.5,Страхование,карта,0
user_1077,2023-08-11 18:44:00,15135.54,Ипотека,карта,0
user_1999,2023-04-29 19:28:00,555.02,Кредит,Apple Pay,0
user_1219,2023-01-05 17:52:00,2464.13,Страхование,карта,0
user_1158,2023-04-22 12:43:00,1575.9,Кредит,Google Pay,0
user_435,2024-03-17 12:25:00,1319.82,Ипотека,Apple Pay,0
user_1796,2023-11-06 19:02:00,2779.43,Кредит,криптовалюта,0
user_1596,2023-04-01 19:31:00,2586.13,Дебетовая карта,банковский перевод,0
user_114,2023-12-11 09:05:00,4522.26,Инвестиции,карта,0
user_524,2023-12-01 13:56:00,1527.95,Дебетовая карта,карта,0
user_1763,2023-07-16 19:32:00,1173.95,Вклад,карта,0
user_1414,2023-11-06 16:07:00,3123.24,Дебетовая карта,криптовалюта,0
user_808,2023-12-28 20:23:00,966.15,Вклад,карта,0
user_1048,2023-06-06 16:37:00,4623.16,Инвестиции,карта,0
user_253,2023-06-24 12:58:00,54348.01,Инвестиции,карта,0
user_1674,2024-01-12 15:22:00,8652.96,Дебетовая карта,карта,0
user_1263,2023-06-10 13:35:00,943.1,Страхование,карта,0
user_1024,2023-01-03 16:34:00,2694.28,Дебетовая карта,Google Pay,0
user_1224,2023-03-07 12:16:00,4227.46,Ипотека,Apple Pay,0
user_1174,2024-02-24 20:46:00,7496.22,Страхование,банковский перевод,0
user_869,2023-11-07 20:44:00,3457.29,Дебетовая карта,банковский перевод,0
user_363,2023-06-27 13:39:00,2184.69,Дебетовая карта,Google Pay,0
user_962,2023-07-05 14:58:00,2421.96,Кредит,карта,0
user_1617,2024-02-18 16:19:00,950.87,Ипотека,карта,0
user_108,2023-07-21 12:25:00,9097.56,Кредит,карта,0
user_805,2023-06-16 14:29:00,2344.28,Кредит,Apple Pay,0
user_1642,2023-10-20 19:31:00,2387.58,Дебетовая карта,карта,0
user_1160,2023-04-05 11:39:00,814.32,Страхование,карта,0
user_50,2024-03-30 12:05:00,5656.62,Вклад,карта,0
user_1693,2023-02-07 12:57:00,3050.64,Кредит,карта,0
user_108,2023-12-22 18:19:00,14527.0,Кредит,карта,0
user_959,2024-03-09 13:24:00,2399.51,Кредит,карта,0
user_229,2024-03-02 18:17:00,5013.92,Вклад,карта,0
user_549,2023-10-24 13:37:00,9386.89,Ипотека,криптовалюта,0
user_787,2023-03-04 09:57:00,579.07,Инвестиции,Apple Pay,1
user_531,2023-02-02 13:11:00,546.95,Дебетовая карта,карта,0
user_1752,2023-01-07 17:16:00,841.73,Дебетовая карта,Google Pay,0
user_1133,2023-12-30 15:38:00,4815.19,Дебетовая карта,Apple Pay,0
user_723,2023-11-01 11:27:00,2169.93,Инвестиции,карта,1
user_583,2023-12-20 11:06:00,2299.93,Вклад,Google Pay,0
user_996,2023-07-08 19:19:00,1468.07,Кредит,карта,0
user_678,2023-06-25 10:43:00,10425.64,Кредит,Google Pay,0
user_1613,2023-06-03 11:06:00,13085.11,Дебетовая карта,карта,0
user_470,2023-05-23 11:29:00,34864.9,Дебетовая карта,карта,0
user_1380,2023-07-14 14:22:00,3667.79,Ипотека,Apple Pay,0
user_893,2023-02-14 18:32:00,964.97,Кредит,Google Pay,0
user_528,2023-03-25 09:56:00,5664.54,Инвестиции,Google Pay,0
user_933,2024-02-25 11:25:00,3093.67,Инвестиции,криптовалюта,0
user_240,2023-09-22 14:50:00,2843.5,Дебетовая карта,карта,0
user_1052,2023-09-20 12:46:00,3107.39,Кредит,криптовалюта,0
user_1435,2024-02-03 09:51:00,935.28,Кредит,карта,0
user_1186,2023-11-16 20:54:00,1592.71,Вклад,карта,0
user_31,2023-01-23 14:04:00,1319.85,Кредит,карта,1
user_1176,2023-01-07 20:14:00,1544.22,Инвестиции,карта,0
user_52,2023-01-28 20:24:00,1121.97,Страхование,карта,0
user_735,2023-02-23 12:00:00,692.55,Страхование,Apple Pay,0
user_1270,2023-11-05 20:23:00,1014.28,Страхование,карта,0
user_1802,2024-01-28 13:27:00,995.44,Кредит,криптовалюта,0
user_1954,2023-04-08 09:09:00,4068.07,Страхование,банковский перевод,0
user_1024,2023-09-23 10:49:00,3667.59,Вклад,криптовалюта,0
user_427,2024-02-22 12:16:00,8883.11,Кредит,Apple Pay,0
user_1665,2023-03-20 13:54:00,2933.67,Кредит,карта,0
user_712,2023-06-27 18:19:00,1442.23,Дебетовая карта,банковский перевод,0
user_1115,2023-07-23 14:54:00,3936.35,Дебетовая карта,карта,0
user_397,2023-08-15 16:51:00,6687.73,Кредит,карта,0
user_742,2024-03-05 19:06:00,915.24,Дебетовая карта,Apple Pay,0
user_960,2023-02-20 14:21:00,4711.24,Ипотека,Apple Pay,0
user_1478,2023-11-06 14:24:00,1648.95,Дебетовая карта,карта,0
user_1800,2023-02-11 13:34:00,4860.57,Кредит,карта,0
user_354,2023-11-13 11:36:00,505.24,Дебетовая карта,карта,0
user_1119,2023-09-18 12:53:00,2921.3,Дебетовая карта,карта,0
user_1940,2023-07-22 12:42:00,940.87,Ипотека,карта,0
user_34,2023-03-27 16:40:00,1330.89,Дебетовая карта,криптовалюта,0
user_1145,2023-07-26 11:15:00,920.46,Кредит,Google Pay,1
user_1536,2023-04-11 10:59:00,4345.76,Кредит,карта,0
user_209,2024-01-18 15:49:00,582.84,Кредит,карта,0
user_1337,2023-10-27 16:43:00,5452.94,Страхование,банковский перевод,0
user_843,2023-09-17 15:08:00,42455.65,Кредит,Google Pay,0
user_1203,2023-10-05 14:14:00,62995.61,Страхование,Apple Pay,0
user_1426,2023-08-09 19:27:00,923.58,Вклад,банковский перевод,0
user_289,2023-08-05 11:48:00,4363.99,Страхование,банковский перевод,0
user_137,2023-02-26 19:55:00,64778.8,Кредит,карта,1
user_633,2023-03-22 15:35:00,791.2,Кредит,Apple Pay,0
user_523,2024-01-28 12:40:00,746.8,Дебетовая карта,Apple Pay,0
user_578,2023-02-15 18:45:00,1314.28,Дебетовая карта,криптовалюта,0
user_1849,2023-04-09 10:06:00,1169.97,Дебетовая карта,карта,0
user_1375,2024-01-13 16:22:00,1017.41,Страхование,Apple Pay,1
user_713,2023-09-07 15:05:00,19632.3,Ипотека,карта,0
user_1211,2023-07-20 16:36:00,1017.95,Вклад,карта,0
user_319,2023-03-24 20:06:00,2285.02,Кредит,Apple Pay,1
user_367,2024-01-28 20:45:00,2200.45,Кредит,карта,0
user_197,2023-09-10 11:19:00,3377.44,Ипотека,Google Pay,0
user_853,2023-09-07 10:42:00,2845.38,Кредит,карта,0
user_1239,2024-02-22 17:56:00,4351.09,Кредит,криптовалюта,1
user_1018,2023-08-04 12:01:00,1095.05,Ипотека,Google Pay,0
user_1117,2023-07-17 10:38:00,6746.02,Кредит,Apple Pay,0
user_327,2024-01-01 10:30:00,1089.39,Страхование,Apple Pay,0
user_1296,2023-09-02 12:13:00,3263.24,Кредит,Google Pay,0
user_1106,2023-11-21 11:01:00,4902.96,Вклад,карта,0
user_1917,2023-10-02 09:18:00,2941.04,Кредит,Google Pay,0
user_495,2023-02-09 15:13:00,1079.11,Инвестиции,криптовалюта,0
user_121,2023-04-30 13:29:00,1532.4,Кредит,карта,0
user_911,2023-11-24 20:36:00,4536.6,Дебетовая карта,карта,1
user_396,2023-08-09 16:30:00,6314.32,Страхование,карта,0
user_350,2023-01-03 14:44:00,512.46,Вклад,карта,0
user_468,2024-01-25 10:40:00,4057.6,Дебетовая карта,Google Pay,0
user_1360,2023-02-20 09:02:00,7965.24,Дебетовая карта,карта,0
user_855,2023-02-23 10:34:00,1033.87,Дебетовая карта,карта,0
user_1749,2024-02-23 18:43:00,1403.37,Ипотека,карта,0
user_243,2023-02-23 20:30:00,4242.88,Вклад,Google Pay,0
user_1864,2023-01-15 16:42:00,1237.94,Дебетовая карта,карта,0
user_820,2023-07-02 17:41:00,1179.2,Дебетовая карта,Apple Pay,0
user_1068,2023-09-22 13:59:00,1652.62,Дебетовая карта,Google Pay,1
user_1633,2023-10-11 14:45:00,734.39,Ипотека,Apple Pay,0
user_984,2023-04-21 20:44:00,3336.99,Кредит,криптовалюта,0
user_328,2023-10-18 12:21:00,4536.53,Дебетовая карта,Google Pay,0
user_482,2024-03-08 17:06:00,4578.2,Кредит,карта,0
user_1834,2024-01-02 10:24:00,3809.26,Вклад,криптовалюта,0
user_140,2023-07-09 13:29:00,2271.16,Страхование,Apple Pay,0
user_1823,2023-03-11 16:40:00,10637.99,Вклад,банковский перевод,1
user_1351,2024-01-23 14:31:00,6328.2,Инвестиции,банковский перевод,0
user_1026,2023-03-02 13:33:00,2430.83,Страхование,карта,0
user_633,2023-07-09 20:16:00,1356.41,Ипотека,карта,0
user_1721,2023-01-24 19:30:00,2937.92,Дебетовая карта,Apple Pay,0
user_66,2023-02-02 20:12:00,578.15,Кредит,карта,0
user_1424,2024-03-12 13:20:00,4350.84,Дебетовая карта,карта,0
user_420,2023-04-07 11:48:00,2386.43,Страхование,банковский перевод,0
user_714,2023-07-11 15:19:00,900.83,Дебетовая карта,Apple Pay,0
user_128,2023-07-12 14:18:00,3391.84,Дебетовая карта,карта,0
user_1124,2023-09-29 14:46:00,682.68,Страхование,карта,0
user_296,2023-12-20 16:06:00,12184.75,Кредит,Google Pay,0
user_234,2024-02-10 17:44:00,1033.43,Вклад,криптовалюта,0
user_658,2023-10-23 15:33:00,7723.97,Страхование,криптовалюта,0
user_992,2023-02-24 20:48:00,3677.66,Ипотека,карта,0
user_1890,2024-02-18 17:15:00,1487.76,Страхование,карта,1
user_1660,2023-06-02 19:13:00,7046.56,Кредит,банковский перевод,0
user_801,2023-10-07 16:10:00,690.84,Дебетовая карта,банковский перевод,0
user_1171,2023-02-08 09:47:00,2078.35,Дебетовая карта,карта,0
user_1541,2023-05-13 11:54:00,1972.47,Дебетовая карта,карта,0
user_765,2023-09-28 09:18:00,4630.9,Страхование,Apple Pay,0
user_1536,2023-08-05 14:47:00,71696.08,Вклад,карта,0
user_1328,2023-12-31 09:17:00,542.23,Страхование,Google Pay,0
user_1407,2023-10-01 09:34:00,3380.31,Страхование,карта,0
user_1954,2023-02-05 15:04:00,2887.15,Вклад,Google Pay,0
user_754,2023-12-03 14:57:00,1573.33,Страхование,карта,0
user_135,2023-02-07 19:24:00,1544.91,Кредит,карта,0
user_1073,2023-08-10 17:37:00,3501.32,Кредит,карта,0
user_661,2024-02-05 18:13:00,2753.88,Кредит,карта,0
user_118,2023-05-05 19:48:00,2762.09,Инвестиции,Apple Pay,0
user_312,2024-03-21 19:37:00,3535.05,Ипотека,карта,0
user_1068,2024-03-13 17:53:00,4378.8,Ипотека,карта,0
user_1914,2023-08-08 20:04:00,1556.95,Кредит,Google Pay,0
user_677,2024-02-17 20:47:00,2135.77,Ипотека,Apple Pay,1
user_1092,2024-03-06 14:19:00,2530.95,Инвестиции,Apple Pay,0
user_355,2023-03-02 11:51:00,4183.34,Кредит,карта,0
user_260,2023-01-30 11:29:00,729.56,Вклад,банковский перевод,0
user_1565,2023-06-13 20:01:00,2879.12,Ипотека,банковский перевод,0
user_1225,2023-01-19 12:36:00,1445.64,Дебетовая карта,карта,0
user_380,2023-06-11 19:05:00,4563.29,Ипотека,Google Pay,1
user_1001,2023-06-22 16:36:00,1248.58,Дебетовая карта,Google Pay,0
user_1161,2023-08-24 14:05:00,1054.6,Дебетовая карта,криптовалюта,0
user_119,2023-01-30 09:30:00,7084.79,Кредит,криптовалюта,0
user_601,2024-02-07 10:03:00,618.76,Кредит,карта,0
user_1730,2023-11-08 15:18:00,2837.11,Страхование,карта,0
user_726,2023-01-09 18:39:00,1838.57,Дебетовая карта,криптовалюта,0
user_1419,2023-09-25 11:56:00,2716.51,Дебетовая карта,карта,0
user_1211,2023-01-29 17:43:00,3043.74,Ипотека,Apple Pay,0
user_11,2023-11-26 16:18:00,2341.2,Кредит,карта,0
user_1896,2023-07-27 14:51:00,2883.69,Дебетовая карта,карта,0
user_1920,2023-12-06 14:43:00,1320.33,Ипотека,карта,0
user_1337,2024-03-17 17:21:00,772.15,Ипотека,карта,0
user_319,2023-01-04 19:01:00,1082.14,Инвестиции,карта,0
user_1689,2023-08-20 09:52:00,2700.77,Дебетовая карта,Apple Pay,0
user_1,2023-01-15 17:46:00,591.54,Кредит,Google Pay,0
user_1020,2023-11-30 15:35:00,1679.55,Страхование,Apple Pay,0
user_855,2023-08-18 18:05:00,2250.56,Инвестиции,Google Pay,0
user_1396,2024-02-10 18:58:00,3948.52,Страхование,карта,0
user_282,2023-02-12 11:13:00,4208.97,Дебетовая карта,Google Pay,0
user_1751,2023-07-07 18:47:00,4600.13,Вклад,карта,0
user_1141,2023-11-12 13:05:00,1351.52,Страхование,карта,0
user_521,2023-11-12 09:12:00,1094.72,Инвестиции,карта,0
user_623,2023-07-04 18:36:00,1691.18,Кредит,банковский перевод,0
user_1373,2023-02-17 11:50:00,3876.49,Кредит,карта,0
user_371,2023-09-24 16:21:00,5459.87,Дебетовая карта,карта,0
user_594,2024-01-06 16:04:00,2340.31,Инвестиции,карта,0
user_1971,2023-11-27 12:50:00,7177.49,Инвестиции,карта,1
user_1760,2023-10-18 11:01:00,528.81,Кредит,карта,0
user_666,2023-02-08 11:07:00,5485.22,Дебетовая карта,карта,0
user_1112,2023-10-27 10:26:00,848.44,Вклад,карта,0
user_830,2023-05-28 16:01:00,2021.59,Кредит,карта,0
user_402,2023-07-03 18:14:00,24018.28,Страхование,Apple Pay,0
user_589,2024-01-22 11:42:00,549.67,Дебетовая карта,Google Pay,0
user_217,2023-05-09 13:31:00,6202.05,Инвестиции,банковский перевод,1
user_1674,2023-11-18 15:34:00,3417.41,Дебетовая карта,карта,0
user_493,2023-05-12 16:04:00,77569.34,Инвестиции,карта,0
user_394,2023-02-09 10:52:00,1169.55,Кредит,банковский перевод,0
user_1276,2023-10-06 13:37:00,3275.5,Дебетовая карта,Apple Pay,0
user_256,2023-05-03 17:23:00,1104.68,Дебетовая карта,карта,0
user_1913,2023-10-09 11:02:00,4977.28,Кредит,карта,0
user_1763,2024-03-28 16:38:00,829.65,Вклад,Google Pay,0
user_826,2023-10-02 19:01:00,1856.68,Страхование,криптовалюта,0
user_367,2024-03-08 14:34:00,1896.79,Дебетовая карта,карта,0
user_281,2024-03-02 18:21:00,1921.36,Инвестиции,карта,0
user_1716,2024-02-16 09:09:00,545.46,Кредит,Apple Pay,0
user_882,2023-04-14 12:40:00,12444.87,Кредит,карта,0
user_1157,2023-07-02 19:37:00,6731.07,Кредит,Google Pay,0
user_249,2023-10-03 18:24:00,4121.75,Страхование,карта,0
user_1647,2023-06-06 10:50:00,1099.78,Кредит,карта,0
user_1036,2023-04-16 16:47:00,1954.51,Кредит,Google Pay,0
user_141,2023-06-19 10:40:00,1838.0,Кредит,криптовалюта,0
user_153,2023-05-28 19:26:00,2429.05,Дебетовая карта,Apple Pay,0
user_1928,2023-06-02 17:23:00,1018.18,Дебетовая карта,Apple Pay,0
user_114,2023-12-29 17:53:00,1606.04,Дебетовая карта,Apple Pay,0
user_600,2023-07-15 10:10:00,720.77,Страхование,Google Pay,0
user_26,2023-01-03 19:14:00,10287.16,Дебетовая карта,карта,0
user_118,2023-04-02 16:14:00,1029.33,Кредит,Apple Pay,0
user_1626,2024-03-21 19:27:00,1440.34,Вклад,Google Pay,0
user_1530,2023-10-20 13:25:00,1829.93,Кредит,криптовалюта,0
user_663,2023-08-07 13:26:00,1032.58,Кредит,карта,0
user_357,2023-03-25 16:04:00,6275.81,Страхование,криптовалюта,0
user_498,2024-02-18 19:12:00,8061.68,Кредит,Apple Pay,0
user_703,2023-01-21 14:03:00,6573.86,Страхование,карта,1
user_1554,2023-07-03 18:18:00,3978.46,Вклад,банковский перевод,0
user_1190,2024-02-11 09:42:00,3878.18,Инвестиции,карта,0
user_889,2023-08-18 11:25:00,2646.41,Дебетовая карта,криптовалюта,0
user_138,2023-05-04 16:57:00,545.13,Вклад,Apple Pay,0
user_232,2023-08-17 17:36:00,2295.29,Вклад,Apple Pay,0
user_404,2024-01-12 15:26:00,55060.94,Страхование,Google Pay,0
user_425,2023-02-24 18:53:00,523.05,Дебетовая карта,криптовалюта,0
user_979,2024-03-22 17:21:00,1709.52,Вклад,криптовалюта,0
user_1726,2023-11-17 12:53:00,523.13,Дебетовая карта,карта,0
user_844,2023-01-20 19:44:00,1264.39,Кредит,Google Pay,1
user_658,2024-02-09 11:30:00,87620.22,Кредит,Google Pay,0
user_1116,2023-04-26 17:37:00,3496.05,Ипотека,карта,0
user_152,2023-11-11 17:02:00,1106.46,Вклад,карта,0
user_1458,2023-07-05 12:56:00,7213.75,Вклад,Google Pay,0
user_112,2023-08-29 10:23:00,1091.15,Страхование,Apple Pay,0
user_706,2023-08-28 12:37:00,7282.04,Кредит,карта,0
user_1906,2023-12-17 16:34:00,3046.93,Кредит,криптовалюта,0
user_809,2023-10-26 12:38:00,2106.47,Вклад,карта,0
user_1496,2023-01-24 18:22:00,1844.81,Страхование,криптовалюта,0
user_545,2024-01-06 12:58:00,1307.85,Вклад,карта,0
user_1705,2023-08-25 20:17:00,3527.99,Дебетовая карта,криптовалюта,0
user_680,2023-08-25 17:42:00,1556.78,Вклад,карта,0
user_455,2023-04-26 13:13:00,1366.61,Вклад,карта,0
user_103,2023-10-24 13:00:00,683.45,Дебетовая карта,карта,0
user_614,2023-05-14 13:33:00,2223.42,Вклад,Apple Pay,0
user_1161,2024-02-21 20:40:00,2195.98,Кредит,карта,0
user_127,2024-02-16 09:51:00,4353.06,Кредит,Apple Pay,0
user_346,2023-08-26 13:21:00,2970.18,Страхование,Apple Pay,0
user_694,2023-06-08 18:27:00,22012.0,Дебетовая карта,Apple Pay,0
user_1433,2023-02-22 19:36:00,2328.75,Страхование,карта,0
user_1194,2023-06-27 17:21:00,6399.53,Вклад,карта,0
user_85,2023-09-28 09:16:00,36762.13,Дебетовая карта,Apple Pay,0
user_74,2023-06-05 18:45:00,1037.92,Страхование,Apple Pay,0
user_120,2023-12-28 14:21:00,1488.91,Кредит,карта,0
user_662,2023-08-29 12:31:00,4046.24,Кредит,Apple Pay,0
user_570,2023-10-30 20:22:00,5012.52,Дебетовая карта,карта,0
user_234,2023-02-21 13:49:00,3539.24,Вклад,карта,0
user_877,2023-07-25 13:27:00,2965.06,Кредит,криптовалюта,0
user_1183,2023-04-26 18:40:00,50754.14,Дебетовая карта,карта,0
user_1388,2024-03-09 10:42:00,9770.3,Инвестиции,карта,0
user_1991,2023-02-06 10:50:00,680.39,Инвестиции,карта,0
user_1385,2023-06-03 12:11:00,2422.74,Ипотека,карта,0
user_1972,2023-02-19 16:31:00,72739.08,Кредит,криптовалюта,0
user_1947,2023-09-30 10:58:00,4651.16,Страхование,Apple Pay,0
user_1694,2023-01-04 14:31:00,7690.63,Страхование,криптовалюта,0
user_704,2023-02-17 15:35:00,4477.34,Кредит,Apple Pay,0
user_87,2023-08-30 13:55:00,3750.72,Кредит,карта,0
user_119,2023-03-22 17:22:00,4423.52,Кредит,Apple Pay,0
user_1742,2023-06-26 11:40:00,529.59,Инвестиции,карта,1
user_1723,2023-03-31 13:29:00,13871.79,Вклад,карта,0
user_619,2023-01-05 18:19:00,2633.71,Кредит,карта,0
user_1462,2024-02-07 16:15:00,2527.73,Кредит,карта,0
user_909,2023-10-29 14:29:00,28588.7,Инвестиции,карта,0
user_137,2024-01-19 16:59:00,3676.12,Вклад,карта,0
user_1309,2024-02-27 19:27:00,2511.97,Инвестиции,Google Pay,0
user_167,2023-08-13 19:52:00,2569.98,Кредит,Google Pay,0
user_262,2023-06-18 17:35:00,69099.09,Ипотека,карта,0
user_954,2023-02-21 10:05:00,2176.75,Кредит,Google Pay,0
user_141,2023-04-27 20:19:00,772.58,Дебетовая карта,карта,0
user_684,2024-02-25 14:27:00,2033.47,Ипотека,карта,0
user_1506,2023-04-27 16:35:00,1196.3,Дебетовая карта,Google Pay,0
user_1193,2023-05-19 18:42:00,6526.31,Вклад,карта,0
user_111,2023-11-20 14:38:00,3990.24,Дебетовая карта,карта,0
user_439,2023-06-08 20:26:00,1130.53,Страхование,карта,0
user_1988,2023-05-05 14:56:00,1202.75,Дебетовая карта,Apple Pay,0
user_1919,2024-03-04 13:53:00,870.71,Дебетовая карта,Apple Pay,0
user_1839,2023-05-20 11:13:00,4407.88,Кредит,Apple Pay,0
user_1025,2023-05-07 12:17:00,5557.3,Ипотека,карта,0
user_861,2023-06-24 09:22:00,1419.81,Ипотека,карта,0
user_1502,2023-08-30 13:28:00,3460.4,Инвестиции,карта,0
user_1914,2023-04-13 10:54:00,849.1,Инвестиции,криптовалюта,0
user_252,2024-03-26 13:45:00,891.8,Вклад,Google Pay,0
user_1791,2023-03-05 11:31:00,1260.28,Кредит,карта,0
user_1234,2023-11-17 17:20:00,1052.94,Кредит,карта,0
user_282,2024-02-03 16:19:00,4783.32,Страхование,карта,0
user_1731,2023-08-03 12:08:00,638.69,Дебетовая карта,криптовалюта,0
user_65,2023-01-03 14:00:00,32348.21,Кредит,банковский перевод,0
user_46,2024-03-13 19:44:00,1167.6,Кредит,карта,0
user_736,2023-12-08 16:43:00,1504.04,Ипотека,карта,0
user_1080,2024-01-19 15:49:00,958.93,Кредит,карта,0
user_856,2023-04-18 19:42:00,682.08,Дебетовая карта,карта,0
user_494,2023-02-19 11:07:00,5452.35,Вклад,карта,0
user_1315,2023-04-21 18:49:00,1592.72,Вклад,Google Pay,0
user_957,2024-03-28 10:33:00,2036.21,Кредит,Apple Pay,0
user_240,2024-01-09 20:05:00,1463.21,Вклад,карта,0
user_1632,2023-10-29 09:05:00,1533.32,Дебетовая карта,Google Pay,0
user_619,2024-01-15 20:11:00,1395.14,Кредит,карта,0
user_1381,2024-01-17 19:32:00,2289.93,Вклад,Apple Pay,1
user_703,2023-03-19 17:32:00,1834.78,Ипотека,карта,0
user_1509,2023-06-09 19:36:00,1591.63,Страхование,карта,0
user_565,2023-05-01 13:18:00,727.88,Кредит,Apple Pay,0
user_424,2023-08-28 12:38:00,1224.41,Кредит,криптовалюта,0
user_149,2023-07-23 09:00:00,5734.51,Дебетовая карта,карта,0
user_1666,2023-02-13 10:04:00,3682.06,Кредит,Google Pay,0
user_1443,2023-10-28 16:01:00,906.13,Кредит,карта,0
user_1228,2023-07-07 12:30:00,2221.08,Кредит,Google Pay,0
user_1216,2023-09-24 15:23:00,6265.47,Кредит,карта,0
user_139,2023-01-19 18:47:00,2758.22,Дебетовая карта,Apple Pay,0
user_825,2024-01-27 17:19:00,5561.03,Кредит,карта,0
user_1726,2023-11-09 19:02:00,5601.42,Кредит,карта,0
user_579,2023-08-19 16:59:00,813.93,Кредит,карта,0
user_112,2023-08-16 19:45:00,3455.89,Дебетовая карта,Apple Pay,1
user_1679,2023-12-26 10:30:00,1953.94,Дебетовая карта,карта,0
user_58,2023-12-06 10:57:00,1211.45,Кредит,криптовалюта,0
user_1378,2023-11-08 19:37:00,1294.81,Дебетовая карта,Google Pay,0
user_1668,2024-02-11 19:04:00,3339.75,Кредит,карта,0
user_1491,2024-03-02 15:29:00,17142.21,Инвестиции,карта,0
user_27,2023-04-23 13:32:00,1647.67,Дебетовая карта,карта,0
user_1793,2023-08-31 17:40:00,4150.0,Вклад,Apple Pay,0
user_177,2023-12-06 15:59:00,2566.81,Страхование,Apple Pay,0
user_1704,2024-02-04 20:43:00,1662.33,Вклад,карта,0
user_34,2023-04-23 20:54:00,937.12,Вклад,карта,0
user_982,2023-05-16 19:31:00,11266.77,Дебетовая карта,карта,0
user_1761,2023-11-26 13:15:00,1928.37,Дебетовая карта,карта,0
user_527,2023-07-02 11:08:00,662.72,Дебетовая карта,карта,0
user_90,2023-07-18 20:02:00,1698.31,Кредит,Google Pay,0
user_178,2023-05-29 12:12:00,7821.07,Дебетовая карта,банковский перевод,0
user_746,2023-02-03 11:31:00,2379.23,Дебетовая карта,Google Pay,0
user_721,2023-07-14 16:51:00,502.86,Кредит,карта,0
user_434,2023-02-20 12:52:00,609.96,Ипотека,криптовалюта,0
user_915,2023-04-18 10:14:00,1562.73,Кредит,карта,0
user_684,2023-06-30 12:30:00,3677.46,Кредит,карта,1
user_1181,2023-04-03 15:51:00,1651.51,Вклад,Google Pay,0
user_582,2023-05-26 15:42:00,5895.49,Инвестиции,карта,0
user_629,2023-01-31 13:38:00,1238.53,Дебетовая карта,карта,0
user_1776,2023-04-25 13:27:00,4449.07,Вклад,Google Pay,1
user_1570,2024-03-02 10:38:00,3143.57,Кредит,карта,0
user_1538,2024-03-15 19:33:00,1860.74,Ипотека,карта,0
user_760,2023-06-26 10:15:00,2759.16,Вклад,Apple Pay,0
user_1771,2023-12-29 09:43:00,5094.87,Кредит,банковский перевод,0
user_683,2024-02-27 14:48:00,1483.45,Страхование,карта,0
user_1441,2024-03-23 18:30:00,3493.03,Кредит,карта,0
user_1503,2023-09-14 11:07:00,1592.69,Дебетовая карта,карта,0
user_661,2023-12-27 15:55:00,3653.52,Дебетовая карта,карта,0
user_1232,2023-12-05 12:57:00,1267.67,Страхование,Apple Pay,0
user_372,2023-01-04 10:36:00,3223.94,Ипотека,криптовалюта,0
user_769,2023-10-02 17:38:00,2449.19,Дебетовая карта,Google Pay,0
user_1060,2023-04-29 10:57:00,1379.74,Вклад,криптовалюта,0
user_1332,2023-06-03 11:04:00,8772.59,Вклад,карта,0
user_714,2023-12-31 19:52:00,3170.33,Кредит,Google Pay,0
user_1424,2024-01-23 11:00:00,5280.7,Вклад,банковский перевод,0
user_1287,2023-08-17 15:01:00,12640.8,Инвестиции,карта,0
user_1728,2024-02-03 16:40:00,6258.45,Вклад,карта,0
user_78,2023-09-06 20:46:00,6906.4,Дебетовая карта,Apple Pay,0
user_1027,2023-09-21 15:50:00,2116.72,Вклад,Apple Pay,0
user_1426,2023-06-11 19:08:00,1308.32,Инвестиции,Apple Pay,0
user_845,2023-01-17 09:21:00,2196.19,Кредит,Google Pay,1
user_600,2023-08-29 19:55:00,1227.83,Кредит,карта,0
user_1164,2023-01-15 18:12:00,3724.11,Вклад,банковский перевод,0
user_925,2023-06-28 19:59:00,4185.54,Кредит,Google Pay,0
user_860,2023-12-28 11:02:00,2015.4,Инвестиции,карта,0
user_1958,2024-03-29 11:13:00,2885.16,Дебетовая карта,карта,0
user_846,2023-08-26 11:39:00,948.51,Кредит,Google Pay,0
user_432,2024-01-26 13:28:00,2430.13,Страхование,карта,0
user_34,2024-02-14 19:05:00,687.7,Кредит,карта,0
user_236,2023-12-07 09:09:00,3459.39,Дебетовая карта,Apple Pay,0
user_1074,2023-10-13 10:11:00,887.63,Дебетовая карта,банковский перевод,0
user_420,2023-07-23 13:33:00,5248.68,Инвестиции,карта,0
user_220,2024-02-23 14:18:00,3632.47,Кредит,Google Pay,0
user_704,2023-04-07 19:13:00,912.1,Вклад,банковский перевод,0
user_481,2023-01-02 15:43:00,1846.05,Ипотека,карта,0
user_1073,2023-01-07 16:26:00,1154.32,Вклад,карта,0
user_113,2023-12-20 09:53:00,504.58,Кредит,карта,0
user_1961,2024-02-02 17:37:00,6868.44,Кредит,карта,0
user_1823,2023-11-17 10:53:00,559.75,Дебетовая карта,карта,0
user_1740,2023-12-16 18:29:00,1616.38,Дебетовая карта,карта,0
user_343,2023-03-06 15:32:00,2494.48,Дебетовая карта,карта,0
user_1430,2023-04-27 20:23:00,2331.48,Дебетовая карта,Apple Pay,0
user_28,2024-03-10 19:04:00,1486.73,Страхование,карта,0
user_1442,2023-03-08 13:37:00,78875.64,Вклад,карта,0
user_1596,2023-02-21 11:51:00,6483.31,Вклад,Apple Pay,0
user_568,2023-07-22 15:31:00,1074.53,Кредит,Apple Pay,0
user_928,2024-03-16 10:31:00,971.24,Дебетовая карта,Google Pay,0
user_1856,2023-02-05 09:29:00,623.49,Инвестиции,карта,0
user_397,2024-02-16 13:43:00,861.52,Страхование,карта,0
user_1080,2024-02-24 09:41:00,1106.04,Кредит,Apple Pay,0
user_608,2024-02-13 19:44:00,622.29,Кредит,криптовалюта,0
user_326,2024-02-27 16:01:00,3138.91,Вклад,Apple Pay,0
user_1364,2024-03-22 19:11:00,3000.53,Дебетовая карта,карта,0
user_1901,2024-03-12 16:27:00,1082.71,Дебетовая карта,карта,0
user_1131,2024-01-08 16:47:00,2803.37,Кредит,Apple Pay,0
user_1014,2023-06-07 13:05:00,1883.95,Дебетовая карта,банковский перевод,0
user_1068,2024-02-09 12:08:00,3579.99,Кредит,Apple Pay,0
user_312,2023-02-06 13:29:00,876.33,Кредит,карта,1
user_403,2024-01-15 16:48:00,5649.54,Дебетовая карта,карта,0
user_1471,2023-01-03 09:13:00,2274.99,Инвестиции,карта,0
user_1172,2023-06-25 09:52:00,1874.91,Инвестиции,Google Pay,0
user_468,2024-03-15 14:48:00,2638.08,Кредит,карта,0
user_39,2023-03-28 09:53:00,6000.1,Кредит,карта,0
user_376,2024-01-06 18:49:00,2129.18,Кредит,карта,0
user_1011,2023-11-20 18:58:00,48851.39,Ипотека,криптовалюта,1
user_536,2024-02-04 19:28:00,4838.2,Кредит,карта,1
user_1462,2024-01-08 11:18:00,1766.06,Ипотека,карта,0
user_1157,2024-02-01 13:50:00,1996.37,Вклад,карта,0
user_295,2023-08-14 12:24:00,5163.09,Страхование,Google Pay,0
user_586,2023-09-22 09:33:00,4009.63,Кредит,карта,0
user_72,2023-02-17 14:19:00,1315.37,Вклад,Google Pay,0
user_82,2023-10-04 19:05:00,1556.0,Кредит,Apple Pay,0
user_1505,2023-02-08 14:45:00,5794.76,Вклад,карта,0
user_775,2023-05-08 18:00:00,846.15,Вклад,криптовалюта,0
user_1764,2023-05-15 15:37:00,1945.74,Инвестиции,карта,0
user_469,2023-06-15 19:25:00,3125.26,Вклад,Google Pay,0
user_644,2023-10-17 10:55:00,94473.71,Ипотека,Apple Pay,0
user_1023,2023-08-19 14:16:00,2046.46,Дебетовая карта,карта,0
user_562,2023-10-04 09:27:00,5583.27,Вклад,карта,1
user_920,2023-12-21 18:37:00,2095.35,Кредит,Apple Pay,0
user_245,2023-06-20 15:10:00,3473.74,Кредит,карта,0
user_157,2023-10-11 11:19:00,5744.42,Кредит,Apple Pay,0
user_1722,2023-12-01 10:19:00,702.84,Кредит,Apple Pay,0
user_491,2023-06-12 20:47:00,5673.55,Кредит,Google Pay,0
user_205,2023-06-19 16:14:00,532.32,Кредит,карта,0
user_563,2023-12-27 13:54:00,4026.08,Кредит,карта,0
user_840,2024-02-10 11:24:00,3255.76,Вклад,Apple Pay,0
user_970,2024-02-21 10:39:00,839.56,Дебетовая карта,Google Pay,0
user_1532,2023-08-23 15:34:00,3402.85,Ипотека,карта,0
user_1645,2023-08-17 13:28:00,3721.52,Дебетовая карта,карта,0
user_584,2024-03-21 09:09:00,2671.0,Кредит,криптовалюта,0
user_438,2023-01-25 16:19:00,5205.26,Инвестиции,карта,0
user_248,2023-01-21 11:15:00,1729.53,Инвестиции,Google Pay,0
user_317,2023-02-09 18:01:00,505.62,Дебетовая карта,Google Pay,0
user_57,2024-02-06 20:55:00,861.44,Кредит,карта,0
user_3,2023-04-07 11:59:00,43888.19,Инвестиции,карта,0
user_837,2023-10-11 15:51:00,8908.75,Ипотека,Apple Pay,0
user_1214,2023-03-29 13:08:00,9468.37,Ипотека,Google Pay,0
user_1639,2023-12-30 11:07:00,6199.55,Дебетовая карта,криптовалюта,1
user_652,2023-06-15 15:12:00,1246.21,Кредит,карта,0
user_579,2024-02-14 18:55:00,2402.96,Дебетовая карта,карта,0
user_1341,2023-06-16 13:31:00,1302.3,Вклад,карта,0
user_1274,2024-02-18 15:23:00,1594.94,Кредит,карта,0
user_1381,2023-10-28 10:59:00,1815.31,Кредит,карта,0
user_341,2023-11-10 14:05:00,5710.81,Ипотека,криптовалюта,0
user_90,2023-05-27 15:58:00,5042.72,Кредит,карта,0
user_1090,2023-08-10 20:31:00,6712.67,Кредит,карта,1
user_837,2023-12-22 10:47:00,799.92,Вклад,карта,0
user_517,2023-04-21 13:19:00,1816.88,Ипотека,криптовалюта,0
user_1936,2023-09-03 16:21:00,1475.54,Ипотека,карта,0
user_319,2023-01-27 16:25:00,1194.72,Кредит,Apple Pay,0
user_551,2024-01-11 17:22:00,859.97,Вклад,Google Pay,0
user_1500,2023-01-24 15:47:00,2760.95,Ипотека,Google Pay,0
user_1060,2023-12-19 13:12:00,1015.37,Вклад,карта,0
user_463,2023-02-03 16:15:00,2389.59,Кредит,Apple Pay,0
user_1076,2023-12-19 16:03:00,1514.94,Вклад,карта,0
user_839,2023-11-11 12:52:00,709.09,Дебетовая карта,карта,0
user_522,2023-01-12 13:00:00,1733.33,Дебетовая карта,Google Pay,0
user_1343,2023-10-16 14:31:00,1286.69,Дебетовая карта,Apple Pay,0
user_1559,2023-11-15 19:22:00,17402.33,Кредит,карта,0
user_137,2023-09-17 16:52:00,3483.13,Страхование,Apple Pay,0
user_8,2023-03-29 15:50:00,1529.7,Дебетовая карта,Google Pay,0
user_1807,2023-05-09 13:26:00,2342.47,Кредит,криптовалюта,0
user_454,2023-11-18 17:07:00,7733.93,Дебетовая карта,Google Pay,0
user_173,2023-04-04 18:40:00,2585.35,Вклад,карта,0
user_1186,2023-08-24 14:58:00,6341.84,Вклад,карта,0
user_646,2024-02-06 13:21:00,1127.07,Инвестиции,карта,0
user_1835,2024-02-02 13:24:00,5132.0,Инвестиции,карта,0
user_1921,2024-02-22 10:42:00,7121.34,Вклад,Apple Pay,0
user_20,2023-11-09 13:10:00,1889.15,Вклад,Apple Pay,1
user_384,2024-01-27 18:51:00,2018.35,Вклад,карта,0
user_1202,2023-06-02 20:45:00,2761.22,Дебетовая карта,Google Pay,0
user_673,2023-04-20 14:18:00,3242.41,Дебетовая карта,карта,0
user_7,2023-09-02 11:44:00,2139.29,Дебетовая карта,Google Pay,0
user_925,2023-07-29 16:38:00,966.9,Инвестиции,карта,0
user_1246,2023-10-30 18:39:00,791.97,Страхование,Google Pay,0
user_1980,2023-08-23 16:37:00,4712.42,Кредит,Apple Pay,0
user_824,2024-01-03 14:18:00,1022.22,Ипотека,карта,0
user_1579,2023-04-25 11:36:00,625.91,Ипотека,карта,0
user_869,2023-12-01 12:32:00,1898.6,Кредит,криптовалюта,0
user_1343,2023-06-19 19:54:00,1752.2,Ипотека,карта,0
user_1936,2024-03-15 19:52:00,5559.29,Дебетовая карта,карта,0
user_1625,2023-09-11 15:18:00,658.84,Кредит,Google Pay,0
user_1365,2023-12-10 12:20:00,3953.9,Страхование,Apple Pay,0
user_1655,2024-03-06 09:07:00,2253.92,Кредит,Google Pay,0
user_393,2023-12-22 17:46:00,1821.57,Вклад,банковский перевод,0
user_1593,2023-08-01 09:17:00,2445.99,Инвестиции,карта,0
user_1995,2024-01-28 16:52:00,2094.58,Дебетовая карта,Google Pay,0
user_1947,2023-01-05 12:41:00,897.62,Дебетовая карта,карта,0
user_514,2023-01-08 14:52:00,1020.3,Кредит,криптовалюта,0
user_855,2023-03-15 09:38:00,3535.15,Дебетовая карта,Apple Pay,0
user_1372,2023-04-16 11:32:00,726.92,Вклад,криптовалюта,0
user_148,2023-10-03 18:06:00,1613.01,Страхование,Apple Pay,0
user_1361,2023-12-22 17:40:00,1332.98,Инвестиции,Apple Pay,0
user_552,2023-04-19 18:07:00,926.66,Дебетовая карта,криптовалюта,0
user_1700,2023-11-08 10:38:00,3232.82,Дебетовая карта,карта,0
user_1228,2023-07-25 11:11:00,75940.74,Дебетовая карта,карта,0
user_798,2023-07-20 13:27:00,5337.16,Вклад,криптовалюта,0
user_101,2023-07-17 09:25:00,3998.41,Кредит,банковский перевод,0
user_1392,2023-07-04 13:13:00,37573.03,Дебетовая карта,Apple Pay,0
user_1073,2023-03-29 10:37:00,32575.17,Дебетовая карта,карта,0
user_1252,2023-09-06 18:14:00,1389.53,Вклад,карта,0
user_36,2023-07-05 11:56:00,2042.73,Кредит,Apple Pay,0
user_873,2023-12-24 10:48:00,695.11,Дебетовая карта,Google Pay,0
user_1513,2024-02-25 16:59:00,5359.19,Страхование,карта,0
user_1832,2023-03-28 12:37:00,4917.14,Страхование,карта,0
user_703,2023-09-02 17:57:00,1029.12,Дебетовая карта,карта,0
user_504,2023-04-17 19:07:00,1503.81,Инвестиции,карта,0
user_1413,2023-07-29 14:48:00,1528.07,Страхование,Apple Pay,0
user_449,2023-07-13 18:09:00,771.29,Страхование,карта,0
user_1777,2024-03-27 11:35:00,1683.34,Страхование,карта,0
user_1261,2023-08-16 10:31:00,2740.69,Страхование,карта,0
user_1851,2024-02-02 15:42:00,640.33,Инвестиции,Google Pay,0
user_381,2024-03-22 12:02:00,4477.43,Кредит,Apple Pay,0
user_168,2023-11-10 18:08:00,5835.69,Дебетовая карта,Apple Pay,0
user_1660,2023-06-10 13:45:00,5866.64,Инвестиции,Google Pay,0
user_578,2024-02-03 17:17:00,3563.81,Кредит,карта,0
user_680,2023-10-10 12:37:00,1399.93,Кредит,банковский перевод,0
user_537,2024-03-15 16:47:00,915.36,Дебетовая карта,карта,0
user_843,2023-12-07 14:07:00,1789.61,Вклад,карта,0
user_1798,2024-03-19 13:53:00,3032.43,Страхование,карта,0
user_1365,2024-01-19 17:32:00,575.49,Вклад,криптовалюта,0
user_145,2023-05-05 10:52:00,9045.57,Кредит,карта,0
user_1771,2024-03-13 17:59:00,5469.41,Инвестиции,карта,0
user_883,2023-04-09 15:10:00,4299.54,Кредит,карта,0
user_1380,2023-08-31 19:17:00,99705.41,Инвестиции,банковский перевод,0
user_731,2023-07-11 15:27:00,1480.97,Дебетовая карта,карта,0
user_189,2024-03-16 14:15:00,1984.11,Кредит,карта,0
user_840,2023-05-30 12:18:00,607.94,Дебетовая карта,карта,0
user_677,2024-02-13 15:23:00,2610.78,Вклад,карта,0
user_36,2023-03-06 20:09:00,790.61,Инвестиции,криптовалюта,0
user_1501,2023-06-09 17:00:00,503.26,Вклад,карта,0
user_1724,2023-05-24 20:01:00,866.76,Ипотека,карта,0
user_1816,2023-04-18 10:41:00,1972.83,Дебетовая карта,Google Pay,0
user_489,2023-01-06 09:28:00,2410.37,Кредит,Google Pay,0
user_1268,2023-12-07 19:13:00,2445.82,Дебетовая карта,банковский перевод,0
user_1065,2023-09-18 18:43:00,3767.44,Вклад,карта,0
user_1193,2024-03-15 09:02:00,1260.14,Кредит,карта,0
user_1596,2023-11-09 13:44:00,1341.14,Кредит,криптовалюта,0
user_759,2023-11-22 14:59:00,6207.95,Вклад,карта,0
user_550,2024-02-06 13:00:00,3745.17,Дебетовая карта,карта,0
user_957,2024-03-28 20:53:00,4349.08,Страхование,криптовалюта,0
user_1332,2023-01-26 17:57:00,16346.94,Кредит,карта,0
user_865,2023-06-23 18:32:00,7436.34,Дебетовая карта,Google Pay,0
user_607,2023-07-30 17:34:00,8182.76,Дебетовая карта,криптовалюта,0
user_111,2023-11-09 11:17:00,11185.85,Ипотека,Apple Pay,0
user_1147,2023-10-19 15:22:00,2595.03,Кредит,криптовалюта,0
user_44,2024-01-15 13:28:00,2051.39,Кредит,Google Pay,0
user_942,2023-05-24 15:33:00,552.16,Кредит,Google Pay,0
user_1235,2023-05-30 18:09:00,4469.84,Ипотека,Apple Pay,0
user_923,2023-12-17 09:15:00,7652.78,Кредит,карта,0
user_1020,2023-07-04 14:37:00,2461.26,Инвестиции,карта,0
user_555,2024-03-03 18:32:00,679.35,Дебетовая карта,Google Pay,0
user_490,2023-02-08 20:19:00,1003.29,Страхование,карта,0
user_1690,2023-10-10 18:41:00,704.69,Дебетовая карта,карта,0
user_1786,2023-02-21 12:59:00,29612.24,Дебетовая карта,Apple Pay,0
user_321,2023-12-16 16:26:00,3836.89,Ипотека,карта,0
user_414,2024-03-03 17:43:00,5161.4,Кредит,Google Pay,0
user_715,2024-02-21 20:51:00,17069.37,Вклад,банковский перевод,0
user_1401,2023-10-30 11:16:00,631.64,Ипотека,карта,0
user_124,2023-03-12 18:20:00,1327.97,Кредит,карта,0
user_1577,2023-04-13 17:33:00,857.61,Инвестиции,Google Pay,0
user_14,2023-04-22 13:28:00,2030.85,Кредит,карта,0
user_1681,2023-12-30 09:45:00,5570.76,Кредит,карта,0
user_82,2023-02-05 19:07:00,799.0,Кредит,карта,0
user_1680,2023-04-23 13:59:00,41649.91,Страхование,карта,0
user_1888,2023-07-01 18:15:00,3054.78,Кредит,Apple Pay,0
user_1589,2023-06-25 15:07:00,843.06,Дебетовая карта,карта,0
user_1969,2023-01-14 13:47:00,786.23,Вклад,Apple Pay,0
user_916,2023-02-18 18:36:00,669.43,Кредит,Apple Pay,0
user_1284,2023-05-05 10:33:00,532.18,Кредит,карта,0
user_1248,2023-07-15 10:40:00,9153.22,Кредит,карта,0
user_24,2024-01-16 14:27:00,42399.9,Кредит,карта,0
user_1716,2024-02-06 13:14:00,3879.29,Дебетовая карта,Google Pay,0
user_1411,2024-01-21 15:56:00,3445.14,Дебетовая карта,карта,0
user_841,2024-02-20 18:21:00,7416.1,Ипотека,криптовалюта,0
user_430,2023-11-23 14:45:00,19892.59,Страхование,Google Pay,0
user_1342,2024-02-29 17:29:00,683.13,Ипотека,Apple Pay,0
user_1964,2024-03-27 19:14:00,2869.09,Страхование,криптовалюта,0
user_320,2024-03-03 14:15:00,5039.13,Ипотека,карта,0
user_1841,2023-05-15 18:23:00,3378.09,Кредит,карта,0
user_1130,2023-10-25 14:59:00,2514.91,Кредит,карта,0
user_1578,2023-03-04 16:21:00,5573.61,Дебетовая карта,Google Pay,0
user_283,2023-12-27 20:20:00,597.07,Дебетовая карта,карта,0
user_210,2024-02-18 16:03:00,7640.3,Инвестиции,банковский перевод,0
user_1321,2023-12-21 15:58:00,4696.52,Дебетовая карта,криптовалюта,0
user_568,2023-07-28 12:10:00,518.37,Ипотека,Apple Pay,0
user_754,2023-02-05 17:58:00,7078.28,Кредит,карта,0
user_1245,2023-10-22 16:01:00,2296.53,Вклад,карта,0
user_456,2023-01-08 14:31:00,4243.54,Вклад,карта,0
user_684,2023-07-13 20:19:00,9346.44,Кредит,карта,0
user_722,2024-03-23 12:19:00,604.53,Страхование,Apple Pay,0
user_706,2023-05-17 18:19:00,701.76,Вклад,карта,0
user_1403,2023-07-28 10:23:00,953.07,Кредит,криптовалюта,0
user_304,2023-04-01 18:48:00,679.59,Дебетовая карта,банковский перевод,0
user_1817,2023-05-03 20:25:00,3694.79,Вклад,карта,0
user_1433,2024-01-15 11:51:00,1551.04,Страхование,Apple Pay,0
user_23,2023-03-06 13:22:00,2650.63,Дебетовая карта,карта,0
user_1131,2023-03-26 20:17:00,4676.51,Страхование,Apple Pay,0
user_336,2023-07-10 09:40:00,20366.56,Кредит,Google Pay,0
user_306,2023-03-23 12:55:00,807.68,Дебетовая карта,Apple Pay,0
user_1412,2024-01-29 10:37:00,2146.27,Кредит,Apple Pay,0
user_499,2023-12-07 20:14:00,2061.22,Дебетовая карта,карта,0
user_1138,2023-05-29 11:32:00,1804.11,Кредит,карта,1
user_569,2023-10-02 11:01:00,39104.94,Вклад,криптовалюта,0
user_639,2023-03-03 11:35:00,2138.05,Ипотека,банковский перевод,0
user_1342,2023-04-02 18:38:00,1620.97,Ипотека,Apple Pay,0
user_1304,2023-04-01 20:42:00,93554.12,Дебетовая карта,карта,0
user_44,2024-01-31 17:39:00,1312.81,Страхование,Apple Pay,0
user_1735,2023-08-08 16:46:00,1776.29,Ипотека,карта,0
user_1174,2024-03-24 16:45:00,1024.9,Дебетовая карта,Apple Pay,0
user_516,2024-03-06 16:45:00,1101.63,Дебетовая карта,карта,0
user_226,2023-03-27 19:58:00,1118.41,Кредит,криптовалюта,0
user_972,2023-06-14 19:48:00,2368.24,Кредит,банковский перевод,0
user_1392,2023-04-17 20:35:00,1132.35,Инвестиции,криптовалюта,0
user_42,2023-03-16 10:30:00,1184.5,Кредит,банковский перевод,0
user_580,2023-08-25 19:30:00,4525.48,Кредит,карта,0
user_1892,2023-06-30 12:30:00,5310.38,Страхование,карта,0
user_201,2023-05-02 17:08:00,1197.19,Инвестиции,Google Pay,0
user_1604,2024-01-11 11:11:00,2641.23,Кредит,карта,0
user_477,2024-03-19 13:40:00,2814.84,Вклад,банковский перевод,0
user_1011,2023-06-29 20:09:00,580.41,Дебетовая карта,карта,0
user_1527,2023-07-31 10:34:00,610.75,Кредит,карта,0
user_1984,2023-12-05 14:51:00,3229.68,Дебетовая карта,Apple Pay,0
user_1207,2023-12-16 20:59:00,845.88,Страхование,карта,0
user_441,2024-03-11 14:59:00,44581.32,Кредит,карта,0
user_164,2023-10-28 09:04:00,1669.12,Кредит,Apple Pay,0
user_1488,2023-06-30 15:04:00,844.32,Ипотека,Google Pay,0
user_1157,2023-09-20 17:41:00,5555.45,Ипотека,карта,0
user_1540,2024-03-18 13:02:00,1581.77,Дебетовая карта,карта,0
user_1975,2024-03-11 15:37:00,1315.73,Кредит,Google Pay,0
user_1662,2023-08-31 14:09:00,2657.05,Кредит,Google Pay,0
user_1004,2023-09-14 19:06:00,3523.62,Кредит,Apple Pay,0
user_1371,2023-06-29 20:25:00,1114.19,Кредит,Apple Pay,0
user_1251,2023-03-15 20:08:00,3795.46,Вклад,карта,1
user_382,2023-04-23 14:23:00,643.78,Кредит,карта,0
user_618,2023-07-09 18:33:00,2549.6,Кредит,Google Pay,0
user_183,2023-08-07 17:36:00,2326.59,Страхование,карта,1
user_737,2023-10-14 14:33:00,2973.43,Кредит,банковский перевод,0
user_361,2023-05-09 13:09:00,4987.69,Кредит,банковский перевод,0
user_1794,2023-02-07 19:48:00,5630.55,Вклад,карта,0
user_1717,2023-05-06 14:59:00,17260.72,Кредит,карта,0
user_1456,2023-08-30 09:34:00,4067.79,Вклад,Google Pay,0
user_804,2024-02-06 11:56:00,49557.59,Кредит,Google Pay,1
user_16,2023-12-14 09:59:00,4636.18,Кредит,карта,0
user_1093,2023-10-13 11:46:00,5037.31,Дебетовая карта,Apple Pay,0
user_50,2024-01-09 16:57:00,5034.69,Вклад,карта,0
user_51,2024-02-05 12:07:00,708.73,Кредит,карта,0
user_310,2024-01-03 20:17:00,7039.98,Инвестиции,карта,0
user_983,2023-09-08 15:20:00,2167.81,Ипотека,карта,0
user_1499,2023-09-02 15:59:00,3440.52,Дебетовая карта,карта,1
user_819,2023-06-04 10:27:00,6866.6,Кредит,Apple Pay,0
user_1551,2023-03-06 10:38:00,3222.69,Кредит,карта,0
user_1070,2024-01-20 10:23:00,1801.25,Ипотека,карта,0
user_1788,2023-03-25 14:35:00,3082.83,Кредит,Google Pay,0
user_751,2024-02-18 19:54:00,5788.51,Кредит,Google Pay,0
user_601,2023-07-12 18:17:00,1570.16,Дебетовая карта,карта,0
user_151,2023-01-14 20:54:00,817.3,Кредит,Apple Pay,1
user_439,2023-03-24 11:54:00,1108.72,Кредит,карта,0
user_88,2023-07-19 18:54:00,7309.77,Кредит,криптовалюта,0
user_348,2023-09-06 10:36:00,1444.58,Страхование,карта,0
user_1900,2023-03-02 17:34:00,1361.98,Кредит,карта,0
user_1089,2023-07-18 14:57:00,2819.15,Страхование,карта,0
user_1208,2023-06-27 19:48:00,1282.93,Дебетовая карта,карта,0
user_770,2024-03-29 19:37:00,3607.48,Кредит,Apple Pay,0
user_1287,2024-03-27 17:07:00,3762.79,Инвестиции,банковский перевод,0
user_1125,2023-02-13 17:31:00,4589.43,Вклад,Apple Pay,0
user_1831,2024-02-01 15:14:00,1082.33,Вклад,карта,0
user_1592,2024-01-25 14:57:00,1293.22,Кредит,Google Pay,0
user_1102,2023-01-04 09:08:00,3253.07,Вклад,карта,0
user_1564,2024-03-11 10:42:00,2161.14,Страхование,Apple Pay,0
user_1232,2023-11-18 19:37:00,1846.33,Ипотека,карта,0
user_1990,2023-01-10 09:00:00,548.14,Вклад,Apple Pay,0
user_1047,2023-09-29 14:04:00,886.2,Дебетовая карта,карта,0
user_1703,2023-01-10 11:28:00,1977.39,Инвестиции,криптовалюта,0
user_352,2024-02-15 18:26:00,5498.22,Кредит,карта,0
user_337,2023-05-11 18:56:00,6166.59,Дебетовая карта,Apple Pay,0
user_624,2023-05-24 14:06:00,1893.65,Страхование,карта,0
user_1647,2023-03-01 19:13:00,2637.43,Дебетовая карта,карта,0
user_1769,2023-03-16 12:20:00,2899.45,Кредит,Google Pay,0
user_803,2023-04-03 17:34:00,1244.54,Кредит,Apple Pay,0
user_888,2023-09-27 20:55:00,737.02,Кредит,карта,0
user_979,2023-05-09 20:40:00,1427.04,Инвестиции,Apple Pay,0
user_409,2023-03-08 12:13:00,1168.19,Страхование,Google Pay,0
user_1075,2023-12-30 16:46:00,2550.17,Страхование,карта,0
user_1657,2023-03-08 15:32:00,2900.41,Ипотека,карта,0
user_1503,2023-11-06 13:03:00,1727.63,Дебетовая карта,карта,0
user_175,2024-02-09 14:55:00,2498.94,Страхование,карта,0
user_708,2023-07-08 12:27:00,1759.75,Дебетовая карта,карта,1
user_1280,2023-02-13 15:59:00,1626.05,Страхование,Apple Pay,0
user_1187,2023-04-27 10:08:00,1485.73,Вклад,Apple Pay,0
user_1401,2023-03-20 13:15:00,7954.86,Ипотека,карта,0
user_1495,2023-11-21 13:21:00,1128.55,Страхование,карта,0
user_608,2023-03-09 15:19:00,1803.01,Кредит,карта,0
user_940,2023-11-18 09:38:00,3147.7,Вклад,карта,0
user_334,2023-12-31 17:15:00,629.92,Кредит,криптовалюта,0
user_1435,2023-11-14 18:31:00,1395.97,Дебетовая карта,карта,0
user_897,2023-10-22 18:28:00,632.48,Кредит,карта,0
user_698,2023-03-09 20:19:00,565.32,Дебетовая карта,Google Pay,0
user_1511,2023-06-25 16:10:00,1016.46,Страхование,карта,0
user_1876,2023-06-07 15:44:00,1820.97,Кредит,Google Pay,0
user_1774,2023-03-05 18:16:00,3950.92,Кредит,Apple Pay,0
user_270,2024-02-20 19:42:00,1699.13,Дебетовая карта,криптовалюта,0
user_1631,2024-02-10 10:27:00,1443.8,Кредит,карта,0
user_1135,2023-03-06 14:34:00,2849.78,Кредит,Apple Pay,0
user_220,2023-09-15 09:05:00,6579.1,Вклад,карта,0
user_776,2024-03-30 12:29:00,1003.35,Страхование,карта,0
user_446,2023-09-21 10:19:00,2131.52,Дебетовая карта,карта,0
user_517,2023-10-01 11:47:00,606.59,Кредит,карта,0
user_1234,2023-10-22 20:33:00,5242.74,Дебетовая карта,карта,0
user_808,2023-12-31 12:41:00,2042.95,Ипотека,карта,0
user_1420,2024-03-02 18:46:00,903.62,Дебетовая карта,карта,0
user_1613,2023-07-24 16:35:00,1515.95,Дебетовая карта,Apple Pay,0
user_18,2023-04-06 12:38:00,1999.07,Дебетовая карта,Google Pay,0
user_1650,2023-10-17 17:36:00,1341.59,Кредит,Apple Pay,0
user_286,2023-09-22 15:38:00,2887.92,Кредит,Google Pay,0
user_12,2023-06-14 10:40:00,3609.93,Вклад,карта,0
user_189,2023-06-02 18:53:00,542.73,Кредит,карта,1
user_102,2023-06-28 10:00:00,1668.97,Вклад,Apple Pay,0
user_683,2023-09-26 19:53:00,3569.57,Дебетовая карта,карта,0
user_1680,2024-02-13 09:03:00,3349.2,Дебетовая карта,Apple Pay,0
user_1362,2024-03-16 17:53:00,2648.6,Дебетовая карта,карта,0
user_885,2024-03-21 17:24:00,4310.42,Кредит,Apple Pay,0
user_1887,2023-11-19 16:52:00,67831.37,Дебетовая карта,Google Pay,1
user_975,2024-01-27 11:52:00,5462.57,Дебетовая карта,карта,0
user_180,2023-11-15 17:20:00,662.65,Вклад,криптовалюта,0
user_40,2023-08-10 19:08:00,1071.61,Инвестиции,карта,0
user_1013,2023-08-31 20:45:00,626.65,Инвестиции,карта,0
user_450,2023-03-09 11:30:00,2240.05,Дебетовая карта,Apple Pay,0
user_745,2023-04-21 19:50:00,3511.44,Кредит,Google Pay,0
user_620,2024-03-10 13:17:00,1677.24,Кредит,карта,0
user_797,2023-08-29 10:43:00,1208.74,Кредит,карта,0
user_1925,2024-01-31 11:11:00,1136.88,Кредит,карта,0
user_137,2023-05-18 18:19:00,2841.46,Кредит,карта,0
user_219,2023-11-28 20:26:00,1827.23,Страхование,Apple Pay,0
user_577,2023-03-04 19:22:00,8372.17,Дебетовая карта,Google Pay,0
user_1486,2023-09-30 20:53:00,2648.93,Кредит,карта,0
user_505,2024-01-15 13:40:00,3184.75,Вклад,карта,1
user_499,2023-06-01 15:20:00,642.27,Инвестиции,Apple Pay,0
user_1437,2024-01-17 18:56:00,9442.14,Кредит,Apple Pay,0
user_1204,2023-05-02 20:14:00,1501.41,Кредит,Apple Pay,0
user_1284,2023-10-18 11:43:00,10506.74,Дебетовая карта,Google Pay,0
user_1319,2023-12-19 18:16:00,1514.85,Кредит,Google Pay,1
user_1273,2024-01-04 10:43:00,4578.16,Кредит,карта,0
user_1112,2023-08-02 11:58:00,515.08,Вклад,Google Pay,0
user_1039,2023-12-12 10:23:00,1710.19,Вклад,Apple Pay,1
user_1535,2023-12-02 11:28:00,1269.17,Инвестиции,криптовалюта,0
user_685,2023-02-16 09:14:00,1128.75,Кредит,Apple Pay,0
user_645,2023-11-20 15:18:00,1404.07,Инвестиции,криптовалюта,0
user_488,2023-04-23 18:39:00,1382.86,Кредит,Google Pay,0
user_1661,2024-01-28 20:37:00,2530.91,Дебетовая карта,карта,0
user_23,2023-01-21 20:07:00,1064.93,Кредит,Apple Pay,0
user_419,2023-11-19 11:46:00,1671.48,Кредит,Apple Pay,0
user_296,2024-01-01 18:16:00,984.6,Инвестиции,Apple Pay,1
user_748,2023-10-19 11:53:00,1230.19,Кредит,карта,0
user_440,2023-03-11 19:08:00,4124.5,Кредит,карта,0
user_1011,2023-05-12 17:57:00,71186.52,Вклад,карта,0
user_1952,2023-11-19 13:18:00,6520.39,Кредит,карта,1
user_855,2023-10-14 14:12:00,1504.98,Вклад,Apple Pay,0
user_1941,2023-10-13 14:58:00,1651.12,Инвестиции,Apple Pay,0
user_618,2023-01-14 17:47:00,6946.35,Кредит,карта,0
user_1536,2024-01-01 17:58:00,2112.21,Кредит,Google Pay,0
user_277,2023-05-21 13:56:00,7201.8,Дебетовая карта,Google Pay,1
user_1221,2023-02-01 18:44:00,1869.08,Инвестиции,криптовалюта,0
user_1503,2023-09-25 10:36:00,609.43,Ипотека,криптовалюта,0
user_1338,2023-07-19 10:44:00,1583.93,Инвестиции,Google Pay,0
user_1876,2024-01-05 15:09:00,2041.56,Вклад,Apple Pay,0
user_1202,2023-06-17 15:30:00,6174.92,Дебетовая карта,карта,0
user_1173,2023-09-27 11:47:00,4581.04,Страхование,Apple Pay,0
user_1294,2023-02-03 20:24:00,621.92,Страхование,карта,0
user_708,2024-01-13 09:40:00,2110.86,Кредит,криптовалюта,0
user_439,2024-03-21 20:26:00,5374.39,Страхование,Apple Pay,0
user_1811,2023-06-20 19:38:00,4295.89,Страхование,Apple Pay,0
user_1954,2024-03-09 11:26:00,776.09,Ипотека,Apple Pay,0
user_1863,2023-05-23 14:52:00,3375.39,Страхование,Apple Pay,0
user_1514,2024-02-11 16:02:00,6853.61,Страхование,Apple Pay,0
user_448,2023-07-20 14:42:00,3542.22,Ипотека,карта,0
user_469,2023-05-03 15:45:00,5775.88,Кредит,карта,0
user_620,2023-09-17 19:15:00,4539.11,Вклад,банковский перевод,0
user_1028,2023-10-10 14:24:00,2276.84,Инвестиции,Google Pay,0
user_472,2023-07-13 15:30:00,1642.75,Вклад,карта,0
user_1579,2023-09-19 20:38:00,60529.34,Ипотека,карта,0
user_169,2023-09-06 20:14:00,910.84,Кредит,карта,1
user_1823,2023-04-24 10:12:00,1048.45,Кредит,банковский перевод,0
user_906,2023-02-05 11:39:00,4653.73,Кредит,банковский перевод,0
user_768,2023-11-14 16:54:00,1484.39,Кредит,карта,0
user_901,2024-01-26 12:11:00,4140.16,Вклад,карта,0
user_968,2023-07-11 20:58:00,4118.8,Дебетовая карта,карта,0
user_1104,2023-04-04 10:44:00,2303.49,Кредит,карта,0
user_620,2024-02-05 20:57:00,5209.92,Страхование,карта,0
user_609,2023-05-09 18:40:00,1877.07,Вклад,Apple Pay,0
user_754,2023-06-03 09:39:00,3854.12,Кредит,Google Pay,0
user_313,2023-06-14 12:00:00,6848.36,Дебетовая карта,карта,0
user_456,2023-02-24 11:06:00,2572.7,Страхование,карта,1
user_838,2024-03-08 09:23:00,2075.79,Кредит,Apple Pay,0
user_60,2024-03-21 10:39:00,8522.89,Страхование,карта,0
user_840,2023-04-24 12:26:00,7077.5,Вклад,карта,0
user_833,2023-09-21 18:37:00,16298.05,Страхование,карта,0
user_6,2023-01-10 11:37:00,2068.47,Кредит,Google Pay,0
user_942,2023-05-12 09:32:00,2867.41,Страхование,карта,0
user_1324,2023-05-25 19:53:00,6206.75,Кредит,Apple Pay,0
user_1560,2023-02-28 18:51:00,815.07,Инвестиции,криптовалюта,0
user_775,2023-10-19 16:27:00,2545.67,Кредит,карта,0
user_1046,2023-08-11 09:08:00,3371.87,Кредит,Google Pay,0
user_157,2023-11-08 15:10:00,2732.06,Вклад,Google Pay,1
user_653,2023-06-10 16:11:00,2252.71,Дебетовая карта,Apple Pay,0
user_1328,2023-04-06 19:27:00,5091.39,Дебетовая карта,карта,0
user_927,2023-07-29 09:04:00,956.54,Кредит,карта,0
user_1909,2023-10-23 12:16:00,1318.53,Инвестиции,Google Pay,0
user_1593,2023-03-24 18:56:00,4868.34,Дебетовая карта,карта,0
user_1815,2023-04-29 11:46:00,1471.89,Дебетовая карта,Google Pay,0
user_962,2023-08-19 18:44:00,5117.77,Кредит,Google Pay,0
user_154,2023-12-28 10:32:00,522.86,Вклад,криптовалюта,0
user_1111,2023-07-19 19:39:00,1910.03,Вклад,Google Pay,0
user_1892,2023-12-05 19:41:00,1152.55,Кредит,криптовалюта,0
user_346,2023-10-25 15:04:00,1309.14,Кредит,криптовалюта,0
user_1921,2023-11-24 12:07:00,6989.65,Вклад,карта,0
user_16,2023-06-09 13:23:00,1533.73,Кредит,карта,0
user_1229,2023-05-08 20:53:00,742.7,Ипотека,карта,0
user_1860,2023-01-17 14:18:00,58736.89,Кредит,карта,0
user_423,2024-01-22 14:38:00,5753.38,Кредит,карта,0
user_536,2023-02-09 17:29:00,1859.21,Кредит,Google Pay,0
user_1615,2024-02-03 10:18:00,1275.48,Вклад,Google Pay,0
user_696,2024-01-17 11:16:00,610.14,Кредит,карта,0
user_1311,2023-05-18 15:03:00,4604.67,Кредит,Google Pay,0
user_230,2023-10-09 18:18:00,3520.81,Кредит,Apple Pay,0
user_1345,2023-03-19 13:38:00,2629.27,Кредит,Apple Pay,0
user_1026,2023-08-21 16:48:00,2511.83,Кредит,Google Pay,0
user_1002,2024-03-07 14:45:00,4827.64,Дебетовая карта,Google Pay,0
user_1475,2023-08-12 10:35:00,983.8,Вклад,Google Pay,0
user_896,2024-03-09 14:32:00,2102.18,Кредит,Apple Pay,0
user_1373,2023-11-27 18:00:00,3811.32,Дебетовая карта,карта,0
user_853,2023-01-26 14:06:00,1647.09,Ипотека,карта,0
user_1712,2024-02-24 17:36:00,4986.47,Вклад,Apple Pay,0
user_1112,2023-09-23 14:02:00,2077.75,Ипотека,криптовалюта,0
user_574,2023-12-18 14:23:00,2348.18,Кредит,Google Pay,0
user_1758,2023-07-18 14:56:00,77684.89,Дебетовая карта,Google Pay,0
user_630,2023-03-30 11:07:00,5315.01,Кредит,карта,0
user_1885,2023-10-10 09:47:00,667.47,Ипотека,карта,0
user_1932,2023-11-29 17:28:00,5165.97,Ипотека,Google Pay,0
user_1116,2023-07-06 20:49:00,523.15,Вклад,криптовалюта,0
user_914,2023-03-22 12:14:00,3966.31,Дебетовая карта,Apple Pay,0
user_532,2023-08-04 16:13:00,680.22,Дебетовая карта,карта,1
user_1670,2023-01-25 13:30:00,6238.65,Инвестиции,криптовалюта,0
user_538,2023-11-02 10:41:00,4440.97,Вклад,карта,0
user_1224,2023-03-15 12:30:00,1608.35,Страхование,Apple Pay,0
user_1609,2023-02-17 15:02:00,4784.19,Вклад,карта,0
user_362,2023-04-07 15:16:00,1631.41,Кредит,банковский перевод,0
user_346,2023-07-16 12:30:00,6078.55,Страхование,карта,0
user_1915,2023-03-06 10:57:00,6859.31,Кредит,Apple Pay,0
user_1975,2023-06-01 17:00:00,1558.58,Инвестиции,карта,0
user_649,2023-02-20 18:21:00,1406.8,Дебетовая карта,карта,0
user_465,2023-05-17 11:15:00,2511.32,Вклад,карта,0
user_1284,2023-04-17 18:56:00,750.34,Кредит,карта,0
user_1168,2023-01-16 10:37:00,7384.88,Кредит,криптовалюта,0
user_510,2024-02-05 12:50:00,4017.11,Страхование,Google Pay,0
user_432,2023-01-03 17:56:00,4258.66,Страхование,криптовалюта,0
user_1152,2023-08-15 16:15:00,3738.3,Ипотека,Google Pay,0
user_550,2023-12-24 18:49:00,505.65,Вклад,карта,0
user_1083,2024-01-15 09:31:00,4324.07,Кредит,карта,0
user_1375,2023-08-20 09:48:00,3071.6,Кредит,карта,0
user_523,2023-03-29 14:03:00,25071.32,Дебетовая карта,карта,0
user_1144,2023-12-26 11:30:00,3076.87,Дебетовая карта,карта,0
user_1978,2023-08-20 10:51:00,1236.72,Дебетовая карта,карта,0
user_1076,2023-01-03 16:10:00,34941.2,Кредит,карта,0
user_282,2023-10-01 11:44:00,2507.0,Ипотека,карта,0
user_1470,2023-09-14 16:59:00,2433.23,Кредит,карта,0
user_887,2023-07-21 18:48:00,1205.47,Страхование,карта,0
user_1434,2023-05-28 12:42:00,6819.51,Вклад,карта,0
user_63,2024-02-27 09:06:00,1710.71,Вклад,карта,1
user_1424,2023-03-18 16:25:00,667.66,Вклад,карта,0
user_1366,2023-08-16 12:25:00,1067.47,Ипотека,Google Pay,0
user_8,2023-12-19 14:23:00,899.34,Вклад,криптовалюта,0
user_925,2023-01-20 13:45:00,621.05,Кредит,карта,0
user_940,2023-03-04 13:17:00,770.38,Кредит,карта,0
user_1121,2023-08-05 18:50:00,1366.1,Инвестиции,карта,0
user_1233,2023-06-24 15:49:00,944.03,Дебетовая карта,карта,0
user_1398,2024-01-23 16:08:00,98165.63,Страхование,карта,0
user_1828,2023-06-21 12:40:00,7491.92,Дебетовая карта,карта,0
user_1529,2023-04-14 09:53:00,4146.02,Страхование,карта,0
user_622,2023-02-20 18:57:00,3807.33,Дебетовая карта,карта,1
user_1932,2024-01-15 14:34:00,730.44,Дебетовая карта,криптовалюта,0
user_957,2023-11-23 11:25:00,1996.2,Ипотека,карта,0
user_1728,2023-06-21 12:33:00,3008.18,Дебетовая карта,карта,0
user_971,2023-07-11 09:05:00,2400.73,Кредит,Google Pay,0
user_648,2023-10-19 15:51:00,2793.93,Дебетовая карта,карта,0
user_1446,2023-02-03 12:23:00,2490.24,Кредит,карта,0
user_1455,2023-11-06 14:29:00,3420.51,Кредит,карта,0
user_242,2024-02-23 09:53:00,7689.62,Вклад,Google Pay,0
user_152,2023-05-10 09:31:00,1348.21,Кредит,банковский перевод,0
user_1516,2023-04-07 17:45:00,1290.9,Дебетовая карта,Apple Pay,0
user_273,2023-07-02 18:11:00,1053.28,Вклад,криптовалюта,0
user_919,2023-06-02 09:38:00,48299.13,Кредит,Apple Pay,0
user_920,2023-11-22 18:21:00,1603.23,Кредит,карта,0
user_879,2024-01-17 16:34:00,3194.93,Вклад,Apple Pay,0
user_920,2023-04-11 19:45:00,2081.73,Ипотека,Google Pay,0
user_1902,2024-02-03 13:33:00,5804.97,Дебетовая карта,карта,0
user_1012,2023-01-24 16:30:00,1299.43,Кредит,карта,0
user_1736,2024-01-08 17:59:00,3803.25,Ипотека,карта,0
user_951,2024-02-29 11:58:00,2622.19,Инвестиции,карта,0
user_944,2023-01-14 14:55:00,896.19,Ипотека,Apple Pay,0
user_1283,2023-10-06 20:33:00,3483.11,Кредит,Google Pay,0
user_468,2023-11-07 15:55:00,2447.77,Ипотека,карта,0
user_1909,2023-02-22 13:40:00,64336.08,Инвестиции,карта,0
user_1864,2023-08-13 20:34:00,4812.83,Кредит,карта,0
user_346,2023-02-27 16:18:00,1185.09,Вклад,карта,0
user_294,2023-08-02 09:52:00,3597.33,Кредит,карта,0
user_715,2023-07-03 18:28:00,1940.15,Дебетовая карта,Google Pay,0
user_381,2024-03-07 13:06:00,566.61,Вклад,Apple Pay,0
user_149,2023-08-05 09:48:00,617.46,Кредит,Apple Pay,0
user_1617,2024-02-23 11:03:00,4281.13,Ипотека,карта,0
user_400,2023-12-11 17:47:00,4160.58,Ипотека,криптовалюта,0
user_738,2023-09-17 15:16:00,707.68,Инвестиции,криптовалюта,0
user_1975,2023-05-24 16:56:00,2354.25,Кредит,Google Pay,1
user_798,2023-05-21 13:35:00,2226.85,Вклад,карта,0
user_80,2023-01-23 16:08:00,6584.56,Инвестиции,карта,0
user_487,2023-11-07 19:54:00,3332.25,Кредит,карта,0
user_428,2023-03-10 16:26:00,5992.64,Вклад,карта,0
user_1113,2023-08-12 17:59:00,4522.17,Кредит,карта,0
user_854,2023-09-19 15:39:00,1569.47,Вклад,Google Pay,0
user_154,2023-08-18 13:49:00,1242.95,Вклад,криптовалюта,0
user_586,2023-10-29 15:00:00,806.18,Инвестиции,Apple Pay,0
user_937,2023-05-06 12:38:00,2439.39,Дебетовая карта,карта,0
user_1091,2023-02-26 13:27:00,655.0,Страхование,карта,0
user_835,2023-12-03 10:36:00,7675.42,Кредит,карта,0
user_1981,2023-09-07 17:10:00,4061.58,Вклад,карта,0
user_983,2023-09-30 13:15:00,2573.92,Инвестиции,карта,0
user_1408,2023-02-03 13:26:00,1145.23,Страхование,карта,0
user_1144,2023-01-24 18:41:00,5742.63,Инвестиции,карта,0
user_812,2023-05-25 09:42:00,4828.66,Вклад,карта,0
user_57,2023-01-11 14:12:00,595.6,Вклад,криптовалюта,0
user_1366,2023-04-17 18:18:00,3873.89,Ипотека,Apple Pay,0
user_1719,2023-04-22 12:08:00,1410.47,Дебетовая карта,криптовалюта,0
user_1745,2023-12-04 14:12:00,6123.17,Страхование,Apple Pay,0
user_1587,2023-05-21 20:34:00,673.74,Вклад,карта,0
user_459,2023-11-09 19:24:00,1186.44,Инвестиции,карта,0
user_904,2023-06-08 20:33:00,9022.38,Дебетовая карта,Google Pay,0
user_1434,2023-04-09 19:45:00,1616.82,Дебетовая карта,карта,0
user_1464,2023-07-02 12:39:00,1394.91,Кредит,Apple Pay,0
user_1228,2023-09-05 11:03:00,526.23,Ипотека,карта,0
user_99,2024-01-08 19:54:00,74840.68,Дебетовая карта,Google Pay,0
user_1468,2023-06-16 17:35:00,720.16,Вклад,карта,0
user_1132,2023-05-02 20:20:00,2948.22,Кредит,карта,0
user_169,2023-01-14 10:58:00,1615.37,Вклад,Google Pay,0
user_1078,2023-02-01 15:29:00,1891.71,Дебетовая карта,карта,0
user_1466,2023-12-22 18:28:00,91279.02,Вклад,банковский перевод,0
user_1872,2023-10-15 18:48:00,1918.02,Страхование,Apple Pay,0
user_1577,2024-02-05 17:22:00,3759.93,Вклад,Google Pay,0
user_524,2023-09-12 17:17:00,2280.99,Кредит,карта,0
user_1375,2024-03-30 14:45:00,7237.16,Инвестиции,Apple Pay,0
user_1351,2023-08-19 20:40:00,6199.43,Вклад,карта,0
user_395,2023-12-02 18:19:00,6352.23,Кредит,карта,0
user_1660,2023-06-08 18:27:00,8919.27,Дебетовая карта,Google Pay,0
user_323,2023-10-31 15:01:00,687.27,Инвестиции,карта,0
user_1501,2023-08-03 11:05:00,5017.26,Ипотека,Apple Pay,0
user_1477,2023-04-29 12:44:00,853.93,Инвестиции,Apple Pay,0
user_1923,2023-04-25 18:12:00,1353.28,Инвестиции,криптовалюта,0
user_1296,2024-01-12 15:04:00,897.85,Дебетовая карта,карта,0
user_145,2023-02-20 09:24:00,1419.25,Дебетовая карта,карта,0
user_1968,2023-05-17 09:40:00,923.55,Инвестиции,криптовалюта,0
user_768,2024-01-24 19:09:00,4230.13,Дебетовая карта,карта,0
user_910,2024-01-31 14:12:00,5468.11,Страхование,карта,0
user_1736,2023-03-02 18:15:00,5871.18,Вклад,карта,0
user_459,2023-10-19 15:55:00,2667.1,Кредит,карта,0
user_1325,2023-11-22 18:29:00,3418.27,Дебетовая карта,карта,0
user_1540,2023-08-29 10:46:00,3322.53,Кредит,Google Pay,0
user_1060,2023-12-09 12:08:00,2990.44,Кредит,Google Pay,0
user_1498,2023-12-24 18:46:00,15316.15,Дебетовая карта,карта,0
user_1427,2023-01-14 19:21:00,3657.77,Кредит,карта,0
user_1046,2023-04-21 15:50:00,549.66,Кредит,карта,0
user_184,2024-01-06 11:58:00,6369.29,Кредит,Apple Pay,0
user_1493,2023-12-18 20:55:00,609.75,Вклад,карта,0
user_1580,2023-08-28 09:04:00,5422.86,Инвестиции,карта,0
user_622,2023-10-12 10:39:00,5443.47,Дебетовая карта,Apple Pay,0
user_1638,2023-02-17 18:16:00,5851.65,Вклад,Apple Pay,0
user_432,2023-02-16 13:54:00,5631.27,Вклад,карта,0
user_343,2023-09-09 20:15:00,2443.11,Вклад,Apple Pay,0
user_253,2023-11-02 11:25:00,584.38,Ипотека,карта,0
user_1105,2023-06-21 16:40:00,8548.39,Вклад,Apple Pay,0
user_581,2023-01-25 17:45:00,688.7,Дебетовая карта,Apple Pay,0
user_1390,2023-06-23 09:25:00,2633.57,Инвестиции,карта,0
user_1310,2023-05-27 18:08:00,4362.51,Вклад,Google Pay,0
user_854,2023-05-16 17:56:00,1991.28,Дебетовая карта,Google Pay,0
user_517,2023-09-28 09:41:00,1459.7,Страхование,криптовалюта,0
user_1831,2023-01-15 09:40:00,1166.75,Кредит,карта,0
user_1767,2023-06-18 09:24:00,70925.25,Вклад,криптовалюта,0
user_695,2023-06-22 16:56:00,987.34,Страхование,карта,0
user_500,2023-02-16 16:38:00,8504.13,Вклад,карта,0
user_1608,2024-03-20 13:09:00,521.46,Кредит,Apple Pay,0
user_1369,2024-02-17 09:26:00,946.23,Дебетовая карта,криптовалюта,0
user_914,2023-10-25 10:17:00,2483.55,Инвестиции,криптовалюта,0
user_1056,2023-02-17 19:15:00,32489.95,Дебетовая карта,карта,0
user_1451,2023-10-02 11:41:00,4642.18,Ипотека,карта,0
user_424,2023-12-29 09:43:00,29863.13,Кредит,карта,0
user_1994,2023-10-28 09:15:00,1373.4,Вклад,криптовалюта,0
user_1113,2024-01-23 14:05:00,3649.88,Кредит,банковский перевод,0
user_255,2023-10-20 18:25:00,2418.4,Вклад,карта,0
user_1910,2023-02-20 10:22:00,2605.31,Ипотека,карта,0
user_1994,2023-08-09 18:40:00,1442.43,Вклад,Google Pay,1
user_1889,2023-04-26 17:06:00,3013.52,Дебетовая карта,карта,0
user_1398,2023-03-25 18:54:00,1341.55,Инвестиции,карта,0
user_584,2023-11-11 14:53:00,936.41,Дебетовая карта,Google Pay,0
user_1062,2023-06-10 16:41:00,1336.7,Вклад,карта,0
user_1073,2023-02-03 20:38:00,1264.16,Дебетовая карта,Google Pay,0
user_1019,2023-04-20 18:22:00,6546.69,Дебетовая карта,криптовалюта,0
user_302,2023-02-08 17:08:00,1097.46,Страхование,карта,0
user_623,2023-09-29 17:09:00,31704.01,Дебетовая карта,Apple Pay,0
user_939,2023-12-27 14:21:00,960.35,Кредит,Google Pay,1
user_1057,2023-02-16 17:09:00,1595.34,Кредит,Apple Pay,0
user_643,2023-03-18 12:26:00,4241.68,Кредит,криптовалюта,0
user_1461,2024-02-04 17:44:00,1343.08,Инвестиции,карта,0
user_1859,2023-04-01 16:20:00,1335.26,Ипотека,банковский перевод,0
user_934,2023-08-04 16:09:00,607.01,Вклад,Apple Pay,0
user_1266,2023-06-07 13:52:00,2102.02,Инвестиции,карта,0
user_385,2024-03-16 20:31:00,2132.82,Кредит,Apple Pay,0
user_370,2023-10-20 17:46:00,1411.85,Инвестиции,Apple Pay,0
user_146,2023-11-04 19:22:00,1292.8,Кредит,карта,0
user_1985,2023-11-16 16:46:00,4922.49,Кредит,Google Pay,0
user_604,2024-02-27 09:51:00,53785.49,Кредит,карта,0
user_1389,2024-01-10 19:16:00,1536.36,Дебетовая карта,карта,0
user_1248,2023-09-21 09:03:00,583.02,Вклад,Apple Pay,0
user_270,2023-09-26 20:13:00,833.17,Кредит,Google Pay,0
user_334,2023-12-26 09:03:00,3924.91,Дебетовая карта,Apple Pay,0
user_1600,2023-10-05 12:05:00,2437.26,Страхование,Apple Pay,0
user_1592,2024-02-21 19:00:00,4077.92,Страхование,карта,0
user_1116,2024-03-17 09:44:00,2867.36,Кредит,Apple Pay,0
user_689,2023-12-23 12:08:00,1044.68,Кредит,карта,0
user_801,2023-09-13 19:01:00,12118.04,Вклад,карта,0
user_1582,2024-01-23 16:59:00,1102.26,Вклад,карта,0
user_393,2023-05-01 16:27:00,3779.35,Дебетовая карта,криптовалюта,0
user_176,2023-10-16 11:29:00,1262.2,Дебетовая карта,карта,0
user_556,2024-03-24 19:12:00,3745.65,Дебетовая карта,Google Pay,0
user_380,2023-01-27 14:13:00,3698.41,Дебетовая карта,Apple Pay,0
user_335,2023-04-26 11:32:00,3272.87,Страхование,карта,0
user_928,2023-02-12 19:01:00,12617.13,Инвестиции,карта,0
user_1607,2023-03-16 15:08:00,1410.22,Вклад,карта,0
user_1384,2023-08-18 09:52:00,77770.9,Кредит,карта,0
user_546,2023-09-26 12:36:00,1376.47,Ипотека,карта,0
user_849,2023-09-04 18:43:00,77249.16,Кредит,карта,0
user_940,2024-01-16 19:06:00,1575.34,Ипотека,Google Pay,0
user_779,2023-12-16 19:11:00,6257.84,Вклад,карта,0
user_1936,2024-01-13 16:38:00,7267.79,Страхование,карта,0
user_1900,2023-11-21 13:53:00,2519.77,Дебетовая карта,карта,0
user_1990,2023-12-06 14:37:00,5781.49,Дебетовая карта,карта,0
user_839,2024-03-10 13:53:00,2529.89,Кредит,карта,0
user_1583,2023-01-07 18:35:00,4854.75,Кредит,карта,0
user_1472,2023-11-20 15:28:00,796.48,Дебетовая карта,криптовалюта,0
user_1598,2023-03-12 11:54:00,4943.17,Кредит,Apple Pay,0
user_324,2023-07-05 10:07:00,2349.11,Дебетовая карта,Google Pay,0
user_1890,2023-05-11 17:22:00,12351.12,Инвестиции,Google Pay,0
user_1878,2023-07-15 17:36:00,1043.6,Кредит,карта,0
user_1594,2023-02-07 13:42:00,4650.92,Страхование,Apple Pay,0
user_1146,2023-11-19 13:12:00,3373.07,Кредит,карта,0
user_902,2023-03-25 10:06:00,2562.86,Вклад,карта,0
user_497,2024-03-17 13:19:00,1180.53,Вклад,карта,0
user_121,2023-07-22 15:08:00,4321.45,Страхование,Google Pay,0
user_1923,2024-02-16 14:33:00,971.53,Кредит,Apple Pay,0
user_417,2023-08-17 20:58:00,58462.47,Кредит,Google Pay,0
user_684,2023-02-27 17:09:00,1266.76,Кредит,Apple Pay,0
user_890,2023-01-06 15:28:00,1069.72,Ипотека,карта,0
user_1353,2023-08-12 09:38:00,1197.01,Дебетовая карта,Apple Pay,0
user_531,2023-08-21 09:20:00,3642.55,Вклад,карта,0
user_432,2023-03-03 19:44:00,32485.53,Дебетовая карта,карта,0
user_659,2023-08-13 10:50:00,6779.29,Дебетовая карта,карта,0
user_660,2023-06-11 16:43:00,4089.5,Дебетовая карта,карта,0
user_118,2023-06-30 20:13:00,1236.79,Кредит,Google Pay,0
user_783,2023-06-06 11:20:00,1705.32,Дебетовая карта,Apple Pay,0
user_1105,2023-12-28 14:52:00,3194.73,Кредит,Apple Pay,0
user_895,2024-02-10 12:47:00,1004.95,Кредит,криптовалюта,0
user_704,2023-08-14 14:17:00,10863.53,Дебетовая карта,карта,0
user_1835,2023-01-31 14:40:00,1219.76,Страхование,Apple Pay,0
user_518,2024-01-31 13:08:00,727.15,Кредит,карта,0
user_1687,2023-08-02 12:55:00,9069.02,Кредит,карта,0
user_1221,2023-11-13 19:18:00,2804.89,Кредит,Google Pay,0
user_1305,2023-07-22 09:08:00,639.22,Страхование,Apple Pay,0
user_554,2023-06-20 13:40:00,4097.57,Кредит,Apple Pay,0
user_1933,2023-04-08 20:46:00,688.57,Инвестиции,карта,0
user_953,2024-02-10 12:33:00,904.54,Дебетовая карта,Google Pay,0
user_1014,2023-08-24 18:50:00,1070.49,Дебетовая карта,Apple Pay,0
user_493,2023-09-17 20:29:00,24003.62,Дебетовая карта,карта,0
user_958,2023-05-05 11:22:00,679.08,Дебетовая карта,карта,0
user_1362,2023-05-13 11:27:00,2108.82,Дебетовая карта,карта,0
user_1874,2023-04-29 20:18:00,2998.38,Дебетовая карта,карта,0
user_1709,2023-10-04 18:56:00,1662.97,Ипотека,карта,0
user_314,2023-11-09 12:33:00,506.24,Вклад,карта,0
user_164,2023-02-01 12:58:00,4324.56,Инвестиции,карта,0
user_1906,2023-01-03 12:03:00,1672.68,Инвестиции,карта,0
user_1640,2023-09-01 18:04:00,6157.4,Дебетовая карта,Apple Pay,1
user_303,2023-02-28 19:16:00,1646.27,Страхование,Apple Pay,0
user_1704,2023-01-01 10:54:00,625.71,Дебетовая карта,карта,0
user_1524,2024-02-25 10:16:00,2013.89,Вклад,банковский перевод,0
user_1930,2023-03-25 14:49:00,6461.76,Страхование,карта,0
user_322,2023-12-12 13:41:00,5651.29,Вклад,Apple Pay,0
user_1656,2023-04-27 19:35:00,4536.88,Дебетовая карта,Apple Pay,0
user_731,2024-02-22 12:57:00,2042.4,Кредит,Apple Pay,0
user_1105,2023-05-11 17:02:00,1029.67,Ипотека,карта,0
user_518,2023-04-15 15:30:00,1153.59,Кредит,Apple Pay,0
user_141,2023-02-28 09:50:00,501.3,Кредит,карта,0
user_1394,2023-04-22 18:10:00,1526.1,Кредит,карта,0
user_149,2023-05-10 09:32:00,599.86,Вклад,карта,0
user_931,2023-08-24 15:44:00,3289.26,Дебетовая карта,карта,0
user_394,2023-10-31 11:25:00,2402.32,Инвестиции,карта,0
user_1840,2023-02-04 16:23:00,1296.12,Вклад,карта,0
user_895,2023-03-19 19:28:00,4486.15,Страхование,карта,0
user_372,2023-01-24 10:17:00,718.6,Кредит,Apple Pay,0
user_1911,2024-03-04 10:24:00,3654.98,Дебетовая карта,Google Pay,0
user_1377,2023-06-30 16:35:00,3628.37,Вклад,Google Pay,0
user_351,2023-08-11 18:01:00,1897.49,Кредит,Apple Pay,0
user_710,2023-06-28 09:18:00,5940.48,Дебетовая карта,карта,0
user_1078,2023-05-01 19:40:00,3405.97,Страхование,карта,0
user_1556,2023-04-20 16:49:00,3612.46,Вклад,Google Pay,0
user_1997,2023-03-27 15:29:00,8841.41,Ипотека,карта,0
user_1682,2024-02-20 13:40:00,5551.31,Вклад,Apple Pay,0
user_28,2023-09-16 12:20:00,2375.0,Кредит,Apple Pay,0
user_953,2024-01-28 19:15:00,576.82,Инвестиции,Apple Pay,0
user_94,2023-08-03 10:25:00,500.66,Ипотека,карта,0
user_605,2024-01-30 17:29:00,5406.7,Дебетовая карта,карта,0
user_540,2023-12-22 15:26:00,3193.48,Кредит,Google Pay,0
user_533,2023-01-08 10:32:00,9048.51,Кредит,карта,0
user_451,2023-02-08 09:19:00,2750.93,Страхование,карта,0
user_801,2023-09-10 17:57:00,3840.03,Кредит,карта,0
user_998,2023-10-25 20:17:00,9327.34,Кредит,Google Pay,0
user_1910,2023-10-27 09:08:00,3493.41,Дебетовая карта,банковский перевод,0
user_841,2023-10-20 12:33:00,2458.22,Страхование,карта,0
user_48,2024-03-04 18:21:00,42760.89,Дебетовая карта,карта,0
user_1168,2023-11-09 20:14:00,5602.62,Дебетовая карта,Apple Pay,0
user_602,2023-09-10 17:39:00,1691.02,Вклад,карта,0
user_295,2023-08-10 14:34:00,3353.52,Страхование,карта,0
user_1342,2023-08-14 13:52:00,48856.73,Дебетовая карта,банковский перевод,0
user_1372,2023-12-26 16:11:00,9070.9,Кредит,криптовалюта,0
user_698,2023-08-22 11:09:00,1766.46,Кредит,Apple Pay,1
user_430,2023-04-19 10:47:00,3969.09,Кредит,карта,0
user_981,2023-08-22 17:58:00,7044.54,Кредит,карта,0
user_904,2023-05-03 11:08:00,3460.51,Дебетовая карта,карта,1
user_1939,2023-01-09 09:35:00,1016.37,Кредит,Apple Pay,0
user_67,2023-11-08 12:32:00,1100.71,Страхование,карта,0
user_359,2023-04-05 17:42:00,888.95,Кредит,карта,0
user_1596,2023-11-19 15:50:00,3060.75,Ипотека,криптовалюта,0
user_1897,2023-02-07 13:03:00,46453.26,Кредит,криптовалюта,0
user_1255,2024-01-12 09:26:00,60441.55,Дебетовая карта,карта,0
user_633,2023-03-26 17:24:00,3655.92,Страхование,Apple Pay,0
user_418,2023-09-08 20:55:00,849.36,Инвестиции,криптовалюта,0
user_1689,2023-07-14 13:17:00,4160.21,Кредит,банковский перевод,0
user_1204,2023-11-10 20:35:00,533.08,Инвестиции,Google Pay,0
user_817,2023-09-15 20:11:00,64622.14,Страхование,карта,0
user_875,2023-02-05 10:35:00,1192.34,Дебетовая карта,Apple Pay,0
user_298,2024-02-12 11:43:00,825.28,Вклад,карта,0
user_1653,2024-02-07 19:47:00,1395.07,Дебетовая карта,карта,0
user_98,2023-06-17 16:33:00,62903.4,Дебетовая карта,криптовалюта,0
user_1968,2023-08-07 17:40:00,8782.24,Кредит,Apple Pay,0
user_336,2024-01-03 15:39:00,981.53,Кредит,криптовалюта,0
user_250,2023-05-11 14:49:00,2462.76,Дебетовая карта,карта,0
user_145,2023-12-18 15:34:00,3826.27,Кредит,Google Pay,0
user_981,2023-04-27 13:39:00,865.99,Кредит,Apple Pay,0
user_113,2023-02-22 09:35:00,1424.43,Кредит,карта,0
user_517,2023-11-24 20:28:00,2564.89,Вклад,криптовалюта,0
user_1598,2023-02-26 16:18:00,561.14,Вклад,Google Pay,0
user_1500,2023-03-13 16:43:00,2118.45,Страхование,Apple Pay,0
user_686,2023-01-26 17:34:00,905.96,Ипотека,банковский перевод,0
user_69,2023-12-04 16:28:00,1837.4,Ипотека,Google Pay,0
user_317,2023-06-02 16:11:00,524.47,Кредит,карта,1
user_1090,2023-09-07 18:13:00,1644.96,Дебетовая карта,карта,0
user_934,2023-02-08 09:33:00,698.23,Вклад,Apple Pay,0
user_1715,2023-07-08 16:48:00,3893.22,Кредит,карта,0
user_967,2024-03-21 12:06:00,1404.27,Кредит,Apple Pay,0
user_779,2023-12-07 09:38:00,1025.43,Инвестиции,карта,0
user_1252,2023-05-06 13:07:00,2147.57,Дебетовая карта,Google Pay,0
user_1676,2023-01-01 11:25:00,4430.06,Дебетовая карта,Google Pay,0
user_1635,2023-05-14 13:06:00,587.4,Страхование,Google Pay,0
user_294,2023-03-05 17:49:00,1524.9,Инвестиции,Google Pay,0
user_838,2023-12-03 20:43:00,2701.2,Инвестиции,карта,0
user_1837,2023-02-25 17:13:00,1484.28,Инвестиции,Apple Pay,0
user_1617,2023-12-20 16:50:00,5651.54,Кредит,Google Pay,0
user_1583,2024-03-08 17:56:00,3240.74,Вклад,Apple Pay,0
user_231,2023-09-03 20:05:00,10994.1,Кредит,Apple Pay,0
user_783,2023-07-20 18:59:00,1777.08,Ипотека,карта,0
user_1665,2024-01-31 13:37:00,6458.71,Кредит,Apple Pay,0
user_262,2023-02-09 10:42:00,81119.37,Дебетовая карта,карта,0
user_1436,2023-05-23 15:12:00,4820.38,Ипотека,карта,0
user_1041,2023-12-30 10:37:00,1059.15,Вклад,карта,0
user_1458,2023-11-05 18:15:00,5881.3,Кредит,Apple Pay,0
user_1341,2023-06-06 15:17:00,1922.2,Кредит,карта,0
user_190,2023-12-02 18:45:00,1836.65,Дебетовая карта,Apple Pay,0
user_258,2023-08-15 16:10:00,1670.02,Вклад,криптовалюта,0
user_674,2023-03-31 13:12:00,3215.9,Вклад,карта,0
user_1867,2023-12-31 12:55:00,2150.43,Кредит,карта,0
user_1874,2023-07-06 18:04:00,8785.29,Страхование,криптовалюта,1
user_1526,2023-11-23 14:48:00,2342.91,Дебетовая карта,банковский перевод,0
user_480,2023-03-24 11:51:00,63150.53,Ипотека,карта,0
user_1904,2023-09-21 15:35:00,1882.72,Вклад,Google Pay,0
user_1435,2023-06-12 20:33:00,1087.56,Ипотека,карта,0
user_599,2023-01-07 12:58:00,3321.77,Кредит,Google Pay,0
user_1423,2023-08-10 17:01:00,1785.9,Ипотека,банковский перевод,0
user_867,2023-01-11 11:31:00,2349.04,Инвестиции,карта,0
user_957,2023-10-05 09:55:00,2196.53,Дебетовая карта,карта,0
user_481,2023-10-02 13:27:00,6148.81,Ипотека,карта,0
user_1287,2023-08-19 18:05:00,2724.19,Страхование,карта,0
user_548,2023-09-21 15:47:00,1167.23,Ипотека,карта,0
user_1847,2023-06-13 13:48:00,2317.28,Страхование,карта,0
user_291,2024-01-25 18:51:00,2619.46,Ипотека,Apple Pay,0
user_504,2023-02-16 16:41:00,2530.44,Кредит,криптовалюта,0
user_251,2023-04-30 14:59:00,4178.83,Кредит,криптовалюта,0
user_482,2023-03-05 18:19:00,538.24,Дебетовая карта,карта,0
user_1342,2024-01-23 15:00:00,574.38,Страхование,Google Pay,0
user_1892,2023-02-19 18:47:00,3311.81,Кредит,Apple Pay,0
user_314,2023-04-10 16:30:00,569.24,Дебетовая карта,Google Pay,1
user_446,2023-01-25 17:09:00,9343.89,Кредит,Google Pay,0
user_267,2023-07-06 09:14:00,4731.35,Ипотека,Google Pay,0
user_1617,2024-03-01 15:43:00,5236.87,Страхование,карта,0
user_1070,2023-05-17 09:36:00,655.46,Кредит,Google Pay,0
user_728,2023-04-20 10:29:00,3734.28,Кредит,карта,0
user_1408,2023-07-05 10:35:00,1855.08,Ипотека,Apple Pay,0
user_170,2023-07-22 20:05:00,2359.24,Дебетовая карта,банковский перевод,1
user_1557,2023-08-14 18:25:00,4834.34,Вклад,Apple Pay,0
user_190,2023-04-06 20:19:00,3034.6,Ипотека,криптовалюта,0
user_1161,2024-02-26 19:40:00,644.49,Ипотека,Google Pay,0
user_63,2023-12-18 15:40:00,81767.8,Кредит,Google Pay,0
user_404,2023-05-04 09:37:00,21343.52,Вклад,карта,0
user_1250,2024-01-01 19:45:00,572.51,Ипотека,карта,0
user_1147,2024-03-22 16:10:00,3512.54,Кредит,криптовалюта,0
user_896,2023-04-04 12:58:00,3456.22,Вклад,Apple Pay,0
user_1252,2024-02-07 17:51:00,855.26,Страхование,Apple Pay,0
user_1674,2023-06-05 17:10:00,3399.07,Кредит,карта,0
user_517,2023-02-17 16:42:00,1180.98,Дебетовая карта,карта,0
user_1945,2023-09-28 14:36:00,2315.17,Кредит,Apple Pay,0
user_289,2023-06-18 12:15:00,542.17,Кредит,карта,0
user_1957,2023-06-15 12:09:00,3187.06,Кредит,карта,0
user_1852,2023-09-01 13:09:00,5044.64,Дебетовая карта,Google Pay,0
user_856,2024-02-17 15:08:00,1976.91,Вклад,карта,0
user_192,2023-01-22 10:24:00,1028.66,Ипотека,Apple Pay,0
user_814,2023-04-21 20:28:00,746.87,Ипотека,карта,0
user_555,2023-12-03 11:04:00,745.37,Инвестиции,карта,0
user_1159,2023-06-02 17:45:00,2182.48,Страхование,Google Pay,0
user_463,2023-03-31 12:28:00,7466.11,Кредит,карта,0
user_136,2023-06-07 12:59:00,5663.22,Дебетовая карта,Apple Pay,0
user_1784,2024-03-01 13:03:00,4854.36,Страхование,Apple Pay,0
user_1733,2023-06-13 19:53:00,4172.91,Ипотека,Google Pay,0
user_1004,2023-11-16 17:21:00,1281.19,Дебетовая карта,карта,0
user_1703,2023-07-20 19:12:00,901.33,Страхование,криптовалюта,0
user_1914,2023-07-04 19:41:00,527.95,Ипотека,карта,0
user_1841,2023-02-19 18:04:00,3364.84,Вклад,карта,0
user_1657,2023-05-11 20:04:00,5776.74,Страхование,карта,0
user_88,2023-03-27 19:40:00,7153.31,Ипотека,криптовалюта,0
user_1510,2023-04-16 13:55:00,6706.54,Страхование,карта,0
user_1838,2023-10-03 12:08:00,3337.92,Кредит,Google Pay,0
user_354,2023-07-08 12:25:00,2232.3,Ипотека,банковский перевод,0
user_133,2023-01-23 14:14:00,840.66,Инвестиции,Google Pay,0
user_689,2024-03-14 12:14:00,4903.15,Кредит,карта,0
user_1647,2023-05-18 16:43:00,4645.73,Ипотека,карта,0
user_1641,2023-05-14 17:07:00,7486.86,Кредит,карта,0
user_1169,2023-03-29 12:41:00,5415.12,Ипотека,карта,0
user_1968,2023-09-09 14:36:00,3875.42,Инвестиции,карта,0
user_328,2023-03-31 12:42:00,1258.65,Кредит,карта,0
user_1756,2024-03-25 09:21:00,1169.69,Инвестиции,Apple Pay,1
user_1742,2024-02-06 18:15:00,2194.07,Кредит,Google Pay,0
user_1897,2023-01-16 15:41:00,7744.42,Ипотека,карта,0
user_585,2023-04-26 12:40:00,604.74,Вклад,карта,0
user_1284,2023-09-02 12:50:00,1610.52,Дебетовая карта,Google Pay,0
user_552,2024-02-16 17:56:00,4351.03,Ипотека,криптовалюта,0
user_966,2023-06-13 10:43:00,5397.86,Кредит,Google Pay,0
user_1921,2023-09-12 13:15:00,1664.1,Дебетовая карта,банковский перевод,0
user_1030,2023-01-29 11:39:00,4365.15,Страхование,Google Pay,1
user_1538,2023-04-14 20:28:00,1366.18,Кредит,банковский перевод,0
user_917,2023-02-08 16:41:00,1461.84,Кредит,криптовалюта,0
user_1,2023-03-23 19:44:00,2942.03,Вклад,Apple Pay,0
user_310,2023-09-29 10:29:00,3718.69,Дебетовая карта,Google Pay,0
user_1345,2024-03-17 11:56:00,6530.14,Дебетовая карта,карта,0
user_612,2023-03-30 16:23:00,9457.41,Вклад,криптовалюта,0
user_625,2023-01-31 16:28:00,1242.41,Дебетовая карта,Apple Pay,0
user_181,2023-05-24 11:29:00,1548.44,Кредит,криптовалюта,0
user_1643,2023-02-18 16:05:00,1309.99,Кредит,карта,0
user_178,2023-04-06 15:44:00,1220.08,Кредит,карта,0
user_1075,2023-06-30 16:55:00,7647.87,Страхование,карта,0
user_624,2023-09-27 18:28:00,1107.23,Кредит,криптовалюта,0
user_1813,2023-04-29 13:21:00,1645.81,Ипотека,Google Pay,0
user_1333,2023-09-07 10:45:00,1047.85,Кредит,Google Pay,0
user_137,2023-03-11 17:28:00,3469.22,Дебетовая карта,карта,0
user_1228,2023-12-02 11:12:00,4493.67,Инвестиции,карта,0
user_332,2023-04-25 18:15:00,3802.73,Кредит,банковский перевод,0
user_1119,2023-06-02 10:13:00,637.54,Вклад,карта,0
user_487,2024-01-25 10:54:00,82652.77,Кредит,карта,0
user_1498,2024-01-13 20:37:00,3283.07,Ипотека,криптовалюта,0
user_947,2023-11-08 19:42:00,1494.37,Кредит,карта,1
user_846,2023-09-13 14:51:00,6395.26,Кредит,карта,0
user_1757,2023-05-24 15:03:00,7771.13,Вклад,карта,0
user_885,2023-10-21 10:03:00,7052.08,Дебетовая карта,карта,0
user_471,2023-05-15 17:49:00,1985.1,Ипотека,криптовалюта,0
user_1037,2023-09-29 16:14:00,6894.08,Ипотека,банковский перевод,0
user_1620,2023-02-18 10:04:00,3781.38,Страхование,карта,0
user_134,2023-06-07 17:03:00,2599.97,Кредит,карта,0
user_565,2023-06-07 16:03:00,553.07,Вклад,карта,0
user_1164,2023-09-06 13:55:00,70671.76,Кредит,карта,0
user_483,2023-08-14 15:51:00,4361.22,Кредит,Google Pay,1
user_1501,2023-11-29 15:39:00,2076.06,Кредит,карта,0
user_114,2023-07-03 17:18:00,1705.99,Дебетовая карта,карта,0
user_528,2023-05-23 18:24:00,1110.59,Дебетовая карта,карта,0
user_1177,2023-08-30 10:20:00,3636.03,Страхование,карта,0
user_1710,2023-10-23 15:18:00,2682.52,Дебетовая карта,карта,0
user_707,2023-01-14 15:20:00,3895.66,Кредит,Apple Pay,0
user_533,2024-02-24 09:40:00,4561.28,Кредит,криптовалюта,0
user_1855,2023-06-24 12:42:00,1886.71,Вклад,Google Pay,0
user_1027,2023-08-23 09:36:00,2419.93,Вклад,карта,0
user_406,2023-03-23 19:14:00,840.75,Кредит,карта,0
user_1749,2023-12-28 12:18:00,3263.42,Вклад,Apple Pay,0
user_58,2023-01-01 20:33:00,1197.03,Инвестиции,карта,0
user_1477,2023-03-09 09:16:00,1150.5,Кредит,Apple Pay,0
user_1812,2023-08-13 09:21:00,2404.97,Инвестиции,Google Pay,1
user_1153,2023-05-22 19:24:00,4334.88,Ипотека,криптовалюта,0
user_1831,2023-02-17 11:49:00,1687.09,Ипотека,карта,0
user_1246,2023-01-06 10:00:00,3457.03,Кредит,карта,0
user_1196,2023-01-23 20:59:00,1550.87,Кредит,карта,0
user_218,2023-12-01 10:41:00,3673.47,Страхование,Apple Pay,0
user_357,2023-12-18 18:44:00,2433.42,Дебетовая карта,карта,0
user_1399,2023-11-12 14:03:00,612.93,Кредит,карта,0
user_1364,2024-01-10 20:30:00,1689.59,Дебетовая карта,карта,0
user_1224,2023-07-15 20:27:00,7097.08,Дебетовая карта,карта,0
user_419,2023-06-18 19:55:00,4837.55,Кредит,банковский перевод,0
user_170,2023-04-04 12:18:00,2426.14,Кредит,криптовалюта,0
user_171,2023-03-14 19:58:00,1198.89,Страхование,Apple Pay,0
user_249,2023-08-25 17:25:00,4377.22,Дебетовая карта,криптовалюта,0
user_437,2024-03-28 20:44:00,3312.22,Кредит,карта,0
user_1943,2024-02-09 10:53:00,3677.45,Ипотека,Google Pay,0
user_1560,2023-07-14 11:55:00,887.77,Страхование,Apple Pay,0
user_357,2024-01-19 10:39:00,2699.35,Дебетовая карта,карта,0
user_615,2024-02-06 17:28:00,6174.26,Кредит,Apple Pay,0
user_1792,2023-01-22 14:33:00,2070.91,Страхование,Apple Pay,0
user_900,2024-01-19 11:12:00,1276.08,Страхование,карта,0
user_552,2024-02-26 19:33:00,77819.06,Инвестиции,криптовалюта,0
user_657,2023-07-22 16:09:00,1362.04,Кредит,карта,0
user_793,2023-04-21 15:25:00,1467.18,Вклад,криптовалюта,0
user_1086,2023-03-23 15:39:00,3973.19,Кредит,Google Pay,0
user_1111,2024-01-05 16:36:00,2399.04,Ипотека,карта,0
user_1065,2023-09-11 10:23:00,1127.53,Кредит,Google Pay,0
user_1252,2023-07-25 15:17:00,1585.09,Дебетовая карта,карта,0
user_595,2023-12-05 15:18:00,3878.03,Страхование,Apple Pay,0
user_996,2023-08-02 17:01:00,4370.86,Страхование,карта,0
user_1659,2023-06-05 11:19:00,1334.21,Вклад,карта,0
user_697,2023-10-28 11:32:00,869.9,Дебетовая карта,карта,1
user_1965,2023-06-21 09:53:00,969.57,Ипотека,карта,0
user_998,2023-09-29 12:30:00,1718.06,Вклад,криптовалюта,0
user_752,2024-03-25 10:51:00,1580.81,Дебетовая карта,криптовалюта,0
user_1402,2023-01-01 19:20:00,2876.77,Инвестиции,карта,0
user_783,2023-05-15 18:09:00,1967.81,Дебетовая карта,карта,0
user_793,2023-03-02 14:56:00,1226.91,Вклад,криптовалюта,0
user_750,2023-05-31 15:23:00,6999.04,Дебетовая карта,карта,0
user_1091,2023-12-12 19:58:00,1216.01,Кредит,банковский перевод,0
user_84,2023-05-03 12:55:00,1608.73,Дебетовая карта,Apple Pay,0
user_759,2023-09-23 12:20:00,1311.73,Дебетовая карта,Apple Pay,1
user_1537,2023-03-22 10:20:00,1071.04,Кредит,карта,0
user_660,2023-12-28 16:00:00,1098.2,Дебетовая карта,карта,0
user_1079,2023-01-21 19:47:00,566.71,Вклад,Google Pay,0
user_598,2023-12-28 19:38:00,721.9,Кредит,карта,0
user_1883,2023-06-03 16:38:00,1335.52,Вклад,криптовалюта,1
user_448,2024-01-20 15:03:00,897.74,Дебетовая карта,Apple Pay,0
user_1555,2023-10-11 17:56:00,1477.88,Кредит,Google Pay,0
user_1522,2023-03-24 19:01:00,5787.27,Кредит,Google Pay,0
user_812,2023-11-29 12:07:00,730.38,Страхование,карта,0
user_1968,2023-05-29 15:11:00,1074.71,Дебетовая карта,Google Pay,0
user_1974,2023-09-08 17:52:00,11188.99,Ипотека,криптовалюта,0
user_58,2023-09-12 16:55:00,3887.39,Вклад,банковский перевод,0
user_1138,2023-01-16 18:58:00,5489.27,Ипотека,карта,0
user_393,2024-01-11 20:54:00,679.07,Кредит,Google Pay,0
user_1997,2023-09-25 18:21:00,660.0,Вклад,Apple Pay,0
user_1929,2023-02-23 10:11:00,5385.34,Вклад,Google Pay,0
user_847,2023-11-26 13:48:00,571.08,Дебетовая карта,криптовалюта,0
user_684,2023-06-01 18:53:00,4745.26,Инвестиции,карта,0
user_1638,2023-05-29 15:32:00,503.77,Дебетовая карта,Google Pay,0
user_778,2024-02-03 13:23:00,3713.6,Кредит,карта,0
user_1462,2023-12-19 19:01:00,2847.2,Страхование,Apple Pay,0
user_1326,2023-02-02 20:26:00,5383.28,Кредит,карта,0
user_569,2023-09-12 19:23:00,976.86,Кредит,карта,0
user_706,2023-07-24 19:43:00,695.26,Вклад,Apple Pay,0
user_1866,2023-11-12 13:42:00,1278.65,Кредит,карта,1
user_986,2024-01-13 19:37:00,1937.73,Страхование,карта,0
user_836,2024-02-01 18:43:00,520.76,Дебетовая карта,карта,0
user_1802,2023-09-02 14:38:00,3236.71,Инвестиции,карта,0
user_1145,2024-02-07 15:41:00,15338.6,Дебетовая карта,Apple Pay,0
user_1130,2023-09-16 16:41:00,2058.28,Дебетовая карта,карта,1
user_778,2023-01-24 10:02:00,1929.65,Дебетовая карта,карта,1
user_1334,2023-12-16 19:21:00,1517.08,Страхование,карта,0
user_89,2023-02-04 09:26:00,2155.73,Кредит,карта,0
user_435,2023-10-20 12:36:00,568.02,Дебетовая карта,карта,0
user_1641,2023-03-11 17:19:00,4310.14,Кредит,карта,0
user_523,2024-03-30 18:27:00,44490.93,Дебетовая карта,карта,0
user_1969,2024-03-06 20:11:00,35677.47,Ипотека,Apple Pay,0
user_1784,2023-09-20 16:21:00,621.75,Вклад,Google Pay,0
user_764,2024-03-30 17:45:00,3138.01,Дебетовая карта,карта,0
user_1836,2023-03-31 19:57:00,3448.69,Кредит,карта,0
user_1431,2024-02-16 14:56:00,937.96,Вклад,криптовалюта,0
user_1614,2023-01-05 11:39:00,9563.73,Страхование,банковский перевод,1
user_941,2023-12-18 10:17:00,5514.32,Дебетовая карта,Apple Pay,0
user_245,2023-02-10 10:01:00,3043.07,Ипотека,карта,0
user_1094,2024-03-27 19:36:00,7207.12,Дебетовая карта,банковский перевод,0
user_1638,2023-01-16 17:32:00,2787.76,Кредит,карта,0
user_181,2023-12-20 14:00:00,4172.33,Инвестиции,карта,0
user_39,2024-02-19 19:54:00,1125.23,Вклад,Apple Pay,0
user_1642,2023-10-29 20:04:00,738.14,Дебетовая карта,карта,0
user_1194,2023-07-02 12:28:00,6133.12,Ипотека,криптовалюта,0
user_1044,2023-01-19 18:17:00,1675.57,Инвестиции,Apple Pay,0
user_1351,2023-02-24 11:06:00,3504.13,Ипотека,криптовалюта,0
user_1369,2023-11-09 20:05:00,832.11,Вклад,карта,0
user_853,2023-01-14 19:22:00,1511.54,Вклад,карта,0
user_1222,2023-02-24 11:40:00,3554.76,Дебетовая карта,криптовалюта,0
user_959,2023-02-08 13:58:00,2505.57,Дебетовая карта,карта,0
user_414,2023-07-16 10:45:00,858.21,Кредит,Google Pay,0
user_1484,2023-07-16 13:15:00,2223.24,Инвестиции,карта,0
user_752,2023-12-09 14:29:00,3475.79,Кредит,карта,0
user_1790,2023-12-15 13:39:00,2353.62,Инвестиции,Apple Pay,0
user_795,2023-03-20 15:25:00,1804.34,Кредит,карта,0
user_379,2023-08-21 13:07:00,6164.45,Кредит,криптовалюта,0
user_1657,2024-02-23 13:44:00,518.33,Кредит,карта,0
user_277,2024-02-16 14:49:00,3876.46,Дебетовая карта,карта,0
user_1975,2023-07-19 09:52:00,1246.73,Кредит,Google Pay,0
user_1260,2024-01-18 15:49:00,1906.88,Кредит,карта,0
user_964,2023-11-01 18:03:00,10297.06,Вклад,карта,0
user_462,2024-01-06 11:58:00,768.13,Дебетовая карта,карта,0
user_404,2024-03-15 09:39:00,13532.71,Кредит,Apple Pay,0
user_389,2023-06-24 12:58:00,1643.29,Дебетовая карта,карта,0
user_1667,2023-07-02 15:18:00,770.35,Кредит,Apple Pay,0
user_407,2023-11-07 12:21:00,1028.58,Ипотека,криптовалюта,0
user_72,2023-11-17 11:47:00,1912.68,Инвестиции,карта,0
user_394,2024-03-21 17:21:00,513.62,Дебетовая карта,карта,0
user_1221,2023-03-24 15:26:00,3660.65,Кредит,карта,0
user_955,2023-04-21 13:58:00,2714.7,Кредит,Apple Pay,0
user_747,2023-03-18 12:20:00,1414.38,Страхование,Apple Pay,0
user_1929,2024-02-20 13:17:00,612.19,Кредит,банковский перевод,0
user_687,2023-05-16 20:21:00,2429.8,Вклад,банковский перевод,0
user_1657,2023-06-17 13:52:00,1005.15,Кредит,карта,0
user_249,2023-11-20 16:12:00,4569.34,Страхование,карта,0
user_1087,2023-02-21 10:17:00,4573.14,Дебетовая карта,карта,0
user_262,2023-12-27 18:46:00,6258.63,Кредит,Apple Pay,0
user_163,2023-10-31 15:21:00,576.59,Кредит,карта,0
user_1360,2023-11-27 11:04:00,2334.03,Вклад,Google Pay,1
user_1346,2024-01-13 14:37:00,5476.88,Вклад,карта,0
user_1149,2024-03-11 17:45:00,4672.73,Вклад,карта,0
user_903,2023-08-06 12:21:00,1786.65,Дебетовая карта,Google Pay,0
user_542,2024-02-14 13:56:00,761.34,Вклад,карта,0
user_1557,2023-01-15 12:56:00,1445.45,Кредит,банковский перевод,0
user_379,2023-09-21 13:10:00,3068.18,Вклад,Google Pay,1
user_988,2023-08-08 20:21:00,3723.04,Страхование,Apple Pay,0
user_1886,2023-08-08 13:51:00,1710.36,Кредит,карта,0
user_1337,2023-11-08 16:40:00,3026.09,Инвестиции,Apple Pay,0
user_1690,2023-07-07 18:36:00,6421.84,Ипотека,Apple Pay,0
user_401,2023-02-02 13:52:00,1213.89,Ипотека,криптовалюта,0
user_52,2023-04-26 20:48:00,780.51,Кредит,Google Pay,0
user_1667,2024-03-26 18:07:00,2858.62,Инвестиции,криптовалюта,0
user_1126,2023-03-28 14:21:00,960.58,Кредит,Google Pay,0
user_1559,2024-03-03 19:45:00,1127.49,Дебетовая карта,карта,0
user_1686,2024-03-04 09:42:00,1261.77,Дебетовая карта,карта,0
user_749,2024-01-31 20:50:00,3084.86,Кредит,карта,0
user_222,2024-01-04 18:07:00,1769.23,Дебетовая карта,карта,0
user_1928,2023-07-07 19:37:00,7886.95,Ипотека,карта,0
user_610,2023-04-29 17:01:00,846.04,Кредит,карта,0
user_321,2023-06-30 18:47:00,2407.64,Дебетовая карта,Apple Pay,0
user_1142,2023-08-20 12:29:00,2159.46,Инвестиции,карта,0
user_41,2023-03-25 20:51:00,3266.09,Кредит,карта,0
user_120,2023-11-25 13:08:00,1463.26,Ипотека,карта,0
user_1527,2023-01-26 13:49:00,3575.88,Ипотека,Apple Pay,0
user_177,2023-06-18 18:10:00,728.88,Кредит,карта,0
user_1202,2024-01-01 09:20:00,965.26,Дебетовая карта,Apple Pay,0
user_907,2023-03-10 16:11:00,3373.62,Кредит,Google Pay,0
user_222,2023-01-07 12:00:00,1673.61,Ипотека,Apple Pay,0
user_1886,2023-06-22 12:55:00,1644.9,Кредит,карта,0
user_320,2023-08-28 14:36:00,797.69,Дебетовая карта,Apple Pay,0
user_1302,2023-03-04 10:09:00,2441.86,Вклад,банковский перевод,0
user_262,2024-01-30 17:57:00,973.82,Вклад,Apple Pay,0
user_1181,2024-01-05 10:09:00,2800.29,Вклад,карта,0
user_334,2024-01-10 15:36:00,2168.9,Кредит,Google Pay,0
user_1777,2023-04-17 15:54:00,928.72,Страхование,Apple Pay,0
user_923,2023-08-11 17:44:00,3813.08,Страхование,банковский перевод,0
user_18,2024-02-25 11:54:00,1030.0,Дебетовая карта,карта,0
user_102,2023-10-05 18:15:00,1456.99,Страхование,банковский перевод,0
user_1086,2023-02-23 10:23:00,5379.32,Кредит,Apple Pay,0
user_1039,2023-09-09 12:16:00,2800.74,Кредит,Apple Pay,0
user_662,2024-01-07 17:38:00,3334.76,Кредит,Google Pay,0
user_1211,2023-10-23 19:13:00,1789.71,Дебетовая карта,карта,0
user_1595,2024-03-03 19:20:00,7451.19,Кредит,карта,1
user_1455,2023-06-07 11:42:00,6710.14,Кредит,карта,1
user_1499,2023-05-19 12:40:00,37301.75,Дебетовая карта,карта,0
user_1893,2023-03-31 10:51:00,1099.56,Вклад,Apple Pay,0
user_413,2023-01-19 20:41:00,1319.95,Дебетовая карта,криптовалюта,0
user_165,2023-06-10 15:18:00,2269.56,Инвестиции,карта,0
user_243,2023-07-06 17:54:00,1699.52,Дебетовая карта,Google Pay,0
user_71,2023-04-14 15:51:00,857.31,Дебетовая карта,карта,0
user_587,2023-01-07 09:36:00,2757.69,Кредит,Google Pay,0
user_279,2023-03-06 20:07:00,1830.34,Страхование,карта,0
user_1843,2023-12-02 12:55:00,41921.88,Вклад,карта,0
user_675,2024-01-30 18:38:00,1581.8,Кредит,карта,0
user_437,2023-04-09 10:15:00,2859.93,Кредит,банковский перевод,0
user_1051,2023-02-05 18:17:00,3394.75,Кредит,Apple Pay,0
user_862,2023-07-20 16:42:00,65462.62,Дебетовая карта,Apple Pay,0
user_9,2023-09-28 17:06:00,5599.5,Кредит,карта,0
user_1920,2023-05-08 18:43:00,1021.47,Страхование,карта,0
user_1385,2023-10-15 20:58:00,6501.27,Дебетовая карта,криптовалюта,0
user_1651,2023-02-08 15:54:00,3098.41,Ипотека,Apple Pay,0
user_1914,2023-05-29 09:07:00,2173.94,Кредит,карта,0
user_1772,2023-11-25 20:42:00,3002.44,Дебетовая карта,криптовалюта,0
user_500,2023-01-18 13:20:00,892.46,Ипотека,карта,0
user_1527,2024-02-19 15:14:00,1968.59,Кредит,Apple Pay,0
user_18,2023-09-17 17:34:00,2127.43,Инвестиции,карта,0
user_723,2023-07-09 17:18:00,733.69,Кредит,криптовалюта,0
user_1507,2023-02-28 19:43:00,2254.8,Дебетовая карта,банковский перевод,0
user_1400,2023-11-29 19:42:00,1528.29,Инвестиции,карта,0
user_1541,2023-01-14 19:02:00,768.97,Кредит,Google Pay,0
user_1515,2023-11-12 20:24:00,761.74,Кредит,криптовалюта,0
user_88,2023-05-22 20:27:00,1044.08,Кредит,Google Pay,0
user_1167,2024-02-24 12:11:00,611.1,Кредит,Google Pay,0
user_1235,2023-09-11 13:42:00,2160.66,Дебетовая карта,Google Pay,0
user_311,2023-05-16 18:21:00,712.36,Страхование,карта,0
user_486,2023-06-11 17:15:00,86923.39,Кредит,карта,0
user_975,2023-05-10 15:19:00,971.73,Вклад,карта,0
user_1266,2023-06-24 13:37:00,5066.86,Страхование,карта,0
user_1701,2023-06-02 16:14:00,5785.74,Инвестиции,карта,0
user_1453,2024-02-11 20:00:00,1863.36,Ипотека,карта,0
user_1952,2023-02-17 10:10:00,2504.61,Инвестиции,Apple Pay,0
user_446,2023-12-24 11:35:00,3930.26,Кредит,карта,0
user_785,2023-04-25 09:05:00,6498.15,Кредит,карта,0
user_522,2024-03-04 15:39:00,2067.96,Страхование,карта,0
user_1782,2023-03-27 14:39:00,1468.54,Кредит,Apple Pay,0
user_1224,2023-12-21 16:35:00,1543.26,Кредит,банковский перевод,0
user_1016,2023-10-12 13:41:00,3093.14,Инвестиции,Apple Pay,0
user_1165,2023-05-15 17:27:00,4687.43,Дебетовая карта,криптовалюта,0
user_654,2023-09-20 14:34:00,7383.08,Дебетовая карта,банковский перевод,0
user_1773,2023-11-20 12:28:00,46614.88,Дебетовая карта,Apple Pay,0
user_1230,2023-07-03 09:51:00,2217.48,Кредит,Apple Pay,0
user_1021,2023-11-08 09:04:00,3943.81,Кредит,Apple Pay,0
user_1410,2024-02-26 19:43:00,2921.53,Ипотека,карта,0
user_1600,2023-11-19 19:35:00,800.86,Кредит,карта,0
user_791,2023-01-03 14:19:00,10315.52,Дебетовая карта,карта,0
user_1465,2023-03-20 19:39:00,1264.61,Кредит,карта,0
user_1597,2024-02-15 10:58:00,1707.95,Кредит,карта,0
user_1332,2023-10-03 15:11:00,2163.12,Кредит,карта,0
user_234,2023-10-12 16:42:00,3676.49,Кредит,Google Pay,0
user_384,2023-03-10 16:05:00,1014.68,Вклад,карта,0
user_63,2023-02-02 14:07:00,919.92,Кредит,Apple Pay,0
user_553,2023-11-19 14:14:00,1676.13,Дебетовая карта,карта,0
user_330,2023-05-04 14:35:00,5187.32,Вклад,карта,0
user_1134,2023-12-30 15:32:00,851.47,Дебетовая карта,карта,0
user_1819,2023-10-04 16:20:00,1621.04,Кредит,Apple Pay,0
user_132,2023-04-11 15:07:00,1045.02,Кредит,карта,0
user_570,2023-04-21 10:29:00,2543.42,Кредит,банковский перевод,0
user_91,2024-03-18 19:05:00,6686.39,Кредит,Apple Pay,0
user_168,2024-01-09 10:54:00,1727.44,Дебетовая карта,Apple Pay,0
user_100,2023-04-04 10:47:00,1876.15,Дебетовая карта,карта,0
user_1214,2024-01-15 13:32:00,1692.07,Кредит,криптовалюта,0
user_1843,2023-12-26 19:25:00,1397.7,Кредит,карта,0
user_1450,2023-12-24 18:47:00,3102.84,Вклад,Google Pay,0
user_1378,2024-02-12 19:26:00,85657.13,Кредит,карта,0
user_314,2023-05-24 20:26:00,1829.71,Дебетовая карта,Google Pay,0
user_1674,2024-02-29 20:00:00,5863.18,Ипотека,банковский перевод,0
user_1159,2023-03-06 15:05:00,12593.53,Страхование,карта,0
user_1927,2023-10-26 09:50:00,7709.52,Дебетовая карта,карта,0
user_782,2023-07-14 17:27:00,993.31,Дебетовая карта,Google Pay,0
user_1402,2023-11-10 17:17:00,2297.74,Ипотека,Apple Pay,0
user_962,2023-12-31 18:19:00,1102.58,Страхование,карта,0
user_1031,2023-01-29 14:39:00,1413.33,Вклад,Apple Pay,0
user_213,2023-12-21 11:28:00,5643.18,Вклад,банковский перевод,0
user_959,2023-12-15 15:47:00,4826.7,Инвестиции,криптовалюта,0
user_335,2023-11-03 11:12:00,1807.76,Кредит,карта,0
user_1493,2023-12-28 17:50:00,1598.07,Вклад,Apple Pay,0
user_1418,2023-05-14 09:14:00,1734.24,Дебетовая карта,Apple Pay,0
user_1736,2023-07-15 10:11:00,2797.57,Дебетовая карта,карта,0
user_922,2023-03-07 10:22:00,29614.86,Кредит,карта,0
user_1660,2024-01-01 13:17:00,769.29,Страхование,карта,0
user_1781,2023-09-07 16:20:00,81353.33,Кредит,карта,0
user_986,2023-01-02 12:04:00,970.07,Вклад,Apple Pay,0
user_1894,2023-03-07 16:10:00,3187.83,Ипотека,карта,0
user_1548,2023-06-18 13:52:00,1611.89,Кредит,Apple Pay,0
user_581,2023-03-11 09:32:00,6720.89,Дебетовая карта,Google Pay,0
user_954,2023-10-11 15:42:00,2679.56,Дебетовая карта,карта,0
user_202,2024-01-29 16:32:00,5925.9,Дебетовая карта,карта,0
user_769,2023-11-06 11:14:00,63445.35,Кредит,карта,0
user_722,2023-06-18 18:51:00,1111.11,Страхование,Apple Pay,1
user_596,2023-09-10 16:47:00,1980.0,Вклад,карта,0
user_711,2023-04-21 10:44:00,3982.63,Кредит,Apple Pay,0
user_110,2023-02-27 10:23:00,2536.33,Дебетовая карта,Apple Pay,0
user_907,2023-12-24 13:07:00,2487.6,Дебетовая карта,Apple Pay,0
user_403,2023-02-28 12:04:00,2610.18,Дебетовая карта,карта,0
user_459,2023-05-30 09:50:00,3688.49,Ипотека,банковский перевод,0
user_1461,2023-01-24 11:01:00,879.33,Дебетовая карта,карта,0
user_1777,2023-05-13 18:34:00,701.67,Кредит,карта,0
user_344,2024-03-01 16:25:00,3510.05,Дебетовая карта,Google Pay,0
user_1123,2024-03-12 11:06:00,895.36,Вклад,криптовалюта,0
user_1803,2023-05-30 20:49:00,1003.73,Дебетовая карта,Apple Pay,0
user_1216,2023-09-02 20:38:00,4132.23,Кредит,Apple Pay,0
user_158,2023-04-19 09:01:00,2032.41,Кредит,Apple Pay,0
user_1550,2024-01-22 12:25:00,4632.04,Страхование,Apple Pay,0
user_103,2023-06-25 10:00:00,2158.71,Кредит,Apple Pay,0
user_1234,2023-11-27 17:13:00,1940.91,Кредит,Apple Pay,0
user_963,2023-02-26 15:04:00,818.52,Ипотека,карта,0
user_1056,2023-05-12 17:10:00,755.87,Вклад,Google Pay,0
user_446,2023-12-17 19:11:00,4060.0,Кредит,карта,0
user_1773,2023-10-30 18:31:00,954.84,Кредит,карта,0
user_206,2023-05-16 20:18:00,1522.59,Дебетовая карта,карта,0
user_1876,2023-04-23 10:54:00,2319.59,Вклад,Apple Pay,0
user_120,2023-04-14 10:02:00,3114.0,Кредит,Apple Pay,0
user_608,2023-05-13 17:41:00,4112.34,Страхование,Apple Pay,0
user_1055,2024-01-23 17:02:00,969.65,Кредит,карта,0
user_1033,2024-01-19 12:57:00,5200.87,Кредит,карта,0
user_519,2023-06-07 09:23:00,1281.66,Вклад,Google Pay,0
user_577,2023-07-24 18:33:00,9003.03,Страхование,карта,0
user_1112,2023-01-20 09:36:00,748.04,Вклад,карта,0
user_44,2023-02-08 15:53:00,829.83,Кредит,криптовалюта,0
user_297,2024-01-17 16:18:00,1155.6,Дебетовая карта,карта,0
user_792,2023-08-23 10:44:00,901.74,Кредит,карта,0
user_49,2023-03-01 09:37:00,718.99,Кредит,карта,0
user_174,2023-09-18 15:28:00,11905.48,Дебетовая карта,карта,0
user_55,2023-09-27 14:08:00,1147.27,Дебетовая карта,карта,0
user_1635,2023-09-17 09:03:00,661.26,Инвестиции,карта,0
user_226,2023-09-15 17:04:00,894.55,Ипотека,карта,0
user_369,2023-06-21 20:46:00,5175.09,Вклад,криптовалюта,0
user_1593,2024-01-01 16:10:00,555.88,Инвестиции,Apple Pay,0
user_866,2023-06-26 16:39:00,6183.46,Кредит,карта,0
user_898,2023-03-02 20:56:00,1055.56,Инвестиции,криптовалюта,0
user_1314,2023-01-17 16:08:00,1428.55,Кредит,Google Pay,0
user_1248,2023-05-25 19:40:00,9616.69,Дебетовая карта,карта,0
user_827,2023-06-10 09:50:00,3132.56,Кредит,карта,0
user_1750,2023-05-11 16:14:00,5330.36,Дебетовая карта,карта,0
user_456,2023-12-26 13:44:00,1904.41,Вклад,Apple Pay,0
user_426,2023-02-08 16:58:00,55575.3,Кредит,Apple Pay,0
user_1030,2023-08-04 14:41:00,1438.58,Инвестиции,Google Pay,0
user_1743,2024-01-25 18:03:00,1301.11,Ипотека,Apple Pay,0
user_1794,2023-05-15 19:58:00,2386.39,Вклад,карта,0
user_1492,2023-10-25 09:40:00,1848.4,Кредит,карта,0
user_7,2024-03-06 18:43:00,3160.34,Страхование,Apple Pay,0
user_1459,2023-08-28 19:38:00,1268.23,Кредит,карта,0
user_328,2023-08-21 19:00:00,2060.62,Кредит,карта,0
user_1742,2023-02-26 19:03:00,3143.76,Кредит,карта,0
user_228,2024-02-13 20:15:00,1816.46,Дебетовая карта,Google Pay,0
user_252,2024-02-06 15:30:00,1609.01,Кредит,Apple Pay,0
user_1031,2024-02-24 18:53:00,4202.99,Дебетовая карта,карта,1
user_1082,2024-02-06 17:28:00,2950.66,Дебетовая карта,карта,0
user_680,2023-03-26 10:15:00,3802.01,Страхование,Google Pay,0
user_968,2023-08-07 10:21:00,3162.97,Инвестиции,Apple Pay,0
user_1430,2023-12-28 09:18:00,740.82,Инвестиции,карта,0
user_1328,2024-03-12 12:42:00,1753.99,Кредит,Apple Pay,0
user_1425,2023-10-05 18:43:00,1941.72,Инвестиции,Apple Pay,0
user_476,2023-09-29 20:16:00,2392.7,Вклад,карта,0
user_1119,2023-05-08 16:42:00,6155.33,Кредит,Apple Pay,0
user_255,2023-11-06 20:35:00,1689.73,Дебетовая карта,карта,0
user_486,2023-12-13 10:02:00,1819.65,Дебетовая карта,Google Pay,0
user_1947,2024-01-06 14:17:00,1248.29,Дебетовая карта,Google Pay,0
user_86,2023-12-08 13:01:00,5551.7,Инвестиции,карта,0
user_932,2023-09-08 10:58:00,6575.34,Дебетовая карта,карта,0
user_986,2023-05-30 12:50:00,4297.04,Кредит,Google Pay,0
user_465,2023-01-20 17:58:00,1850.7,Страхование,Apple Pay,0
user_101,2023-01-14 20:37:00,4000.52,Страхование,карта,0
user_258,2023-04-01 19:49:00,1602.94,Вклад,карта,0
user_1462,2024-03-22 20:36:00,4760.85,Дебетовая карта,карта,0
user_1188,2023-01-06 17:45:00,3935.27,Страхование,карта,0
user_1116,2023-12-18 11:44:00,5083.67,Кредит,банковский перевод,0
user_296,2024-01-12 09:01:00,1021.17,Вклад,Apple Pay,0
user_1089,2023-02-07 17:18:00,1582.96,Ипотека,Apple Pay,0
user_367,2024-01-07 20:02:00,3647.24,Страхование,банковский перевод,0
user_625,2023-12-03 18:04:00,5660.01,Кредит,карта,0
user_1905,2023-02-24 18:04:00,6696.63,Ипотека,криптовалюта,0
user_895,2023-04-01 20:43:00,2390.03,Кредит,криптовалюта,0
user_59,2024-02-24 12:44:00,1562.95,Дебетовая карта,карта,0
user_1189,2023-10-05 19:13:00,1644.43,Вклад,банковский перевод,0
user_374,2023-01-08 13:30:00,4487.78,Кредит,Google Pay,0
user_11,2023-09-19 19:41:00,629.75,Кредит,карта,0
user_1343,2024-02-11 17:22:00,791.44,Дебетовая карта,карта,0
user_1267,2024-01-07 12:48:00,563.26,Кредит,карта,0
user_434,2023-11-15 11:03:00,3603.85,Дебетовая карта,Google Pay,0
user_1483,2024-02-08 18:03:00,633.86,Страхование,карта,0
user_364,2023-04-24 14:31:00,842.14,Вклад,карта,1
user_1004,2023-06-21 11:40:00,3960.22,Инвестиции,Apple Pay,0
user_1114,2023-12-01 16:57:00,611.08,Ипотека,Apple Pay,0
user_226,2023-06-29 15:19:00,1186.34,Ипотека,карта,0
user_1392,2024-03-08 14:24:00,1174.84,Дебетовая карта,карта,0
user_1008,2023-12-05 12:21:00,10227.37,Кредит,Google Pay,0
user_862,2024-01-17 09:02:00,1128.06,Вклад,карта,0
user_1475,2024-01-30 12:46:00,1174.02,Ипотека,Google Pay,0
user_1563,2023-11-11 11:11:00,594.29,Страхование,карта,0
user_987,2024-03-23 19:15:00,3519.09,Вклад,карта,0
user_1631,2023-08-08 19:14:00,4814.07,Инвестиции,криптовалюта,0
user_106,2023-10-28 13:52:00,2019.88,Дебетовая карта,карта,0
user_1247,2023-05-10 14:42:00,1461.53,Дебетовая карта,карта,0
user_557,2023-11-02 10:05:00,889.22,Кредит,карта,0
user_1156,2024-01-24 18:08:00,802.4,Вклад,карта,0
user_1250,2023-10-22 12:24:00,1415.39,Дебетовая карта,карта,0
user_1633,2023-10-13 16:21:00,35784.18,Кредит,криптовалюта,0
user_1116,2024-01-14 15:48:00,611.88,Кредит,карта,0
user_31,2023-09-16 13:15:00,8439.65,Дебетовая карта,Google Pay,0
user_1957,2023-01-06 15:33:00,665.32,Дебетовая карта,карта,1
user_1022,2024-03-03 12:00:00,12212.96,Инвестиции,карта,0
user_245,2024-02-12 16:02:00,646.14,Ипотека,Google Pay,0
user_258,2023-05-26 20:51:00,1229.45,Дебетовая карта,Apple Pay,0
user_64,2023-09-09 10:39:00,3358.33,Дебетовая карта,карта,0
user_444,2023-01-28 13:24:00,2058.32,Кредит,карта,0
user_535,2023-12-20 17:28:00,1617.76,Дебетовая карта,карта,0
user_1898,2023-01-03 09:48:00,16856.18,Страхование,криптовалюта,0
user_1626,2023-10-24 13:45:00,8646.36,Вклад,Google Pay,0
user_8,2024-02-23 09:54:00,2608.81,Кредит,криптовалюта,0
user_675,2023-04-23 18:35:00,1240.65,Вклад,карта,0
user_615,2023-12-02 10:36:00,2949.45,Инвестиции,карта,0
user_901,2024-03-15 18:47:00,1065.19,Кредит,Apple Pay,0
user_309,2023-03-23 12:49:00,1541.27,Ипотека,криптовалюта,0
user_536,2023-07-03 15:10:00,2502.42,Кредит,Apple Pay,0
user_1141,2023-12-22 14:29:00,96203.44,Дебетовая карта,карта,0
user_1040,2024-03-09 16:26:00,2021.17,Дебетовая карта,карта,0
user_1689,2023-06-05 16:25:00,7083.61,Кредит,криптовалюта,0
user_1851,2023-04-13 13:17:00,1128.99,Кредит,Google Pay,0
user_782,2023-12-03 15:12:00,2746.5,Кредит,банковский перевод,0
user_1631,2023-03-10 20:53:00,2022.85,Кредит,Google Pay,0
user_1675,2024-01-13 17:51:00,1684.56,Вклад,карта,1
user_692,2023-10-22 19:55:00,561.56,Кредит,карта,0
user_881,2023-07-18 11:53:00,2147.59,Кредит,карта,0
user_1255,2024-01-12 14:54:00,2198.29,Вклад,карта,1
user_1819,2023-02-16 18:02:00,9076.88,Вклад,Apple Pay,0
user_1549,2023-02-16 09:04:00,3044.98,Вклад,карта,0
user_1694,2023-03-27 13:21:00,1538.14,Дебетовая карта,карта,0
user_1587,2023-07-11 20:30:00,3039.55,Инвестиции,карта,0
user_358,2023-04-20 10:54:00,649.61,Кредит,криптовалюта,0
user_428,2023-05-06 18:47:00,1474.4,Страхование,Google Pay,0
user_1771,2024-01-27 10:47:00,1389.14,Дебетовая карта,карта,0
user_897,2023-12-22 20:42:00,2468.61,Ипотека,Google Pay,0
user_386,2023-02-24 14:28:00,4539.91,Кредит,криптовалюта,0
user_597,2023-08-04 13:48:00,3796.95,Ипотека,Google Pay,0
user_981,2023-05-10 14:26:00,2001.58,Инвестиции,карта,0
user_1112,2023-10-20 14:58:00,2903.93,Кредит,карта,0
user_393,2024-03-24 14:15:00,933.84,Дебетовая карта,Google Pay,0
user_504,2023-12-13 19:53:00,1080.37,Кредит,карта,0
user_773,2023-03-17 09:39:00,2909.27,Кредит,карта,0
user_428,2023-05-17 12:01:00,835.39,Дебетовая карта,карта,0
user_1972,2024-03-12 09:38:00,1197.38,Дебетовая карта,карта,0
user_41,2024-02-25 09:36:00,2348.09,Дебетовая карта,карта,1
user_1531,2024-02-25 13:17:00,1473.96,Дебетовая карта,карта,0
user_587,2023-11-17 20:33:00,1157.21,Дебетовая карта,карта,0
user_1109,2023-01-07 17:13:00,1700.88,Кредит,Apple Pay,0
user_616,2024-03-26 12:38:00,1610.47,Кредит,банковский перевод,0
user_1871,2023-11-10 14:47:00,955.33,Дебетовая карта,карта,0
user_1946,2024-02-12 16:45:00,737.77,Кредит,Google Pay,1
user_720,2023-01-29 11:26:00,4339.69,Инвестиции,карта,0
user_58,2023-03-01 14:04:00,7138.47,Страхование,Apple Pay,0
user_347,2023-06-13 09:25:00,6231.47,Ипотека,карта,0
user_1433,2023-07-04 14:59:00,876.03,Дебетовая карта,криптовалюта,0
user_1658,2023-09-10 10:37:00,5313.06,Кредит,карта,0
user_81,2024-03-21 11:04:00,690.51,Кредит,карта,0
user_25,2024-02-15 11:49:00,1148.2,Дебетовая карта,Apple Pay,0
user_983,2023-07-14 18:42:00,2020.88,Ипотека,Apple Pay,0
user_1610,2024-01-02 18:31:00,3332.42,Вклад,карта,0
user_1534,2023-04-22 20:11:00,818.44,Ипотека,карта,0
user_44,2023-06-16 12:25:00,2962.99,Ипотека,Apple Pay,0
user_1977,2023-04-24 18:26:00,4028.71,Дебетовая карта,банковский перевод,0
user_569,2024-01-31 09:26:00,539.77,Дебетовая карта,Apple Pay,1
user_459,2023-09-24 19:43:00,1943.4,Кредит,карта,0
user_711,2023-10-16 19:23:00,3373.95,Страхование,криптовалюта,0
user_1513,2024-03-11 19:54:00,1001.11,Вклад,Google Pay,0
user_638,2023-08-17 10:50:00,10940.89,Кредит,Apple Pay,1
user_1294,2023-07-09 18:03:00,764.42,Ипотека,карта,0
user_487,2023-02-13 13:52:00,617.73,Страхование,карта,0
user_236,2023-01-14 10:29:00,8489.97,Ипотека,карта,0
user_217,2024-01-06 10:45:00,922.2,Кредит,Apple Pay,0
user_879,2023-08-11 17:43:00,6005.79,Страхование,карта,0
user_7,2024-02-23 09:36:00,2441.69,Вклад,Apple Pay,0
user_1119,2023-07-27 13:44:00,1770.04,Кредит,карта,0
user_1550,2023-09-27 14:41:00,9105.75,Кредит,Google Pay,0
user_1127,2023-09-19 13:20:00,5551.36,Кредит,карта,0
user_914,2023-04-26 12:29:00,3446.44,Кредит,банковский перевод,0
user_341,2023-03-24 19:34:00,54226.77,Вклад,Google Pay,0
user_324,2023-10-14 15:53:00,6776.8,Инвестиции,Google Pay,0
user_233,2024-01-08 14:20:00,523.38,Ипотека,карта,0
user_165,2024-03-06 16:47:00,1965.91,Кредит,карта,0
user_1126,2023-03-05 13:15:00,1626.41,Вклад,Google Pay,0
user_557,2023-07-23 15:59:00,512.49,Кредит,Google Pay,0
user_1325,2023-02-17 20:48:00,5118.74,Кредит,Apple Pay,0
user_709,2023-07-06 12:50:00,744.77,Инвестиции,карта,0
user_645,2023-03-04 19:56:00,1655.99,Ипотека,Apple Pay,0
user_923,2023-04-25 15:31:00,1520.56,Ипотека,Google Pay,1
user_726,2023-12-15 18:59:00,3597.81,Дебетовая карта,Google Pay,0
user_203,2023-02-04 18:48:00,1715.15,Страхование,карта,0
user_52,2023-12-04 11:44:00,1318.95,Дебетовая карта,Google Pay,0
user_1960,2023-08-06 12:22:00,1180.96,Страхование,Apple Pay,0
user_216,2023-07-08 17:12:00,3060.84,Кредит,Google Pay,0
user_538,2023-04-17 13:27:00,1033.04,Кредит,Google Pay,0
user_812,2024-03-06 12:54:00,4517.32,Ипотека,карта,0
user_883,2023-01-25 15:50:00,604.63,Дебетовая карта,Google Pay,0
user_1500,2023-05-22 11:36:00,1782.12,Инвестиции,Apple Pay,0
user_1419,2023-04-16 09:02:00,3172.57,Кредит,Apple Pay,1
user_1213,2023-08-06 15:01:00,2919.89,Инвестиции,карта,0
user_621,2023-05-03 18:33:00,2569.83,Ипотека,Google Pay,0
user_1906,2023-10-06 17:54:00,1311.37,Кредит,карта,0
user_165,2023-01-21 14:12:00,2844.11,Дебетовая карта,карта,0
user_621,2023-10-31 13:09:00,5031.96,Инвестиции,карта,0
user_754,2024-02-05 15:06:00,3871.52,Кредит,Google Pay,0
user_700,2023-04-13 17:28:00,1924.36,Дебетовая карта,карта,0
user_1106,2024-03-09 09:04:00,2534.71,Кредит,Apple Pay,0
user_103,2023-11-10 12:52:00,664.75,Кредит,криптовалюта,0
user_1684,2023-12-17 09:56:00,2345.26,Кредит,Google Pay,0
user_321,2024-03-09 11:36:00,608.48,Кредит,Google Pay,0
user_736,2023-10-20 09:43:00,1417.36,Кредит,карта,0
user_1163,2024-03-16 13:59:00,4747.63,Ипотека,карта,0
user_1780,2023-11-01 17:32:00,1618.42,Кредит,карта,0
user_1116,2023-11-11 20:35:00,2686.7,Кредит,криптовалюта,0
user_1093,2023-09-03 11:30:00,1802.12,Инвестиции,Google Pay,0
user_494,2024-01-28 17:42:00,1609.42,Страхование,карта,0
user_1435,2023-03-11 19:31:00,4865.2,Дебетовая карта,криптовалюта,0
user_1121,2023-07-27 09:53:00,6543.32,Дебетовая карта,Apple Pay,0
user_61,2023-10-13 12:32:00,1518.43,Дебетовая карта,Google Pay,0
user_840,2024-02-18 19:17:00,1235.09,Ипотека,карта,0
user_1792,2023-12-29 09:25:00,1255.64,Инвестиции,Google Pay,0
user_1717,2023-09-07 16:00:00,2229.69,Кредит,карта,0
user_427,2023-05-19 12:23:00,3865.23,Дебетовая карта,карта,0
user_1482,2023-11-11 09:44:00,3961.25,Страхование,карта,0
user_652,2023-02-15 15:49:00,1354.32,Инвестиции,Apple Pay,0
user_1523,2024-02-04 20:25:00,583.23,Кредит,Apple Pay,0
user_1048,2023-08-11 19:07:00,1270.25,Ипотека,карта,0
user_642,2024-02-18 10:05:00,3709.85,Инвестиции,карта,0
user_1920,2023-01-21 11:52:00,2987.56,Дебетовая карта,карта,1
user_484,2023-04-05 14:48:00,4730.39,Дебетовая карта,карта,0
user_692,2024-02-05 14:21:00,8926.59,Дебетовая карта,банковский перевод,0
user_1867,2023-07-31 16:19:00,995.35,Инвестиции,Google Pay,0
user_442,2023-11-03 18:03:00,1670.45,Дебетовая карта,карта,0
user_396,2024-01-09 17:03:00,3158.41,Инвестиции,Google Pay,0
user_1922,2023-12-30 14:01:00,4036.7,Инвестиции,Apple Pay,0
user_967,2023-02-07 09:24:00,2784.27,Страхование,карта,0
user_1617,2023-08-26 11:58:00,4689.47,Кредит,Google Pay,0
user_178,2023-01-15 20:09:00,908.53,Дебетовая карта,карта,1
user_1327,2023-02-19 14:45:00,742.83,Кредит,карта,0
user_208,2023-10-28 18:27:00,1104.9,Кредит,Google Pay,0
user_820,2024-02-04 18:02:00,55890.6,Вклад,криптовалюта,0
user_407,2023-08-17 20:43:00,1189.34,Дебетовая карта,карта,0
user_841,2024-01-09 17:36:00,1685.34,Кредит,Apple Pay,0
user_784,2023-06-02 09:18:00,13751.94,Вклад,Google Pay,0
user_1902,2023-04-20 17:20:00,4499.95,Кредит,криптовалюта,0
user_1325,2023-06-10 19:11:00,1144.21,Ипотека,карта,0
user_138,2023-12-13 13:56:00,731.52,Вклад,карта,0
user_975,2024-03-10 14:46:00,69700.51,Кредит,карта,0
user_1516,2024-02-22 16:53:00,6347.01,Инвестиции,карта,0
user_986,2023-11-07 09:36:00,1042.88,Кредит,криптовалюта,0
user_1203,2023-04-19 16:47:00,1421.94,Кредит,карта,0
user_1026,2023-04-01 16:32:00,46098.83,Дебетовая карта,криптовалюта,0
user_1937,2023-04-12 18:46:00,3035.4,Кредит,карта,0
user_1314,2023-01-04 12:04:00,3021.39,Инвестиции,карта,0
user_1117,2023-10-01 19:56:00,7814.26,Ипотека,карта,0
user_1885,2023-06-30 11:18:00,907.34,Страхование,Google Pay,0
user_562,2023-01-26 13:39:00,8540.23,Дебетовая карта,карта,0
user_1509,2023-01-09 17:50:00,991.25,Кредит,банковский перевод,0
user_1560,2023-05-23 18:28:00,1652.47,Дебетовая карта,карта,0
user_741,2024-03-25 15:35:00,1151.05,Кредит,криптовалюта,0
user_1972,2024-01-07 12:41:00,81327.09,Ипотека,карта,0
user_591,2024-01-23 12:48:00,950.19,Кредит,Google Pay,0
user_1815,2023-05-05 16:19:00,2582.82,Кредит,карта,0
user_38,2023-10-14 10:48:00,2663.47,Страхование,Google Pay,0
user_590,2023-03-03 13:49:00,1293.63,Вклад,Apple Pay,0
user_611,2023-02-13 18:24:00,3011.47,Ипотека,карта,0
user_693,2023-04-29 18:51:00,1169.05,Ипотека,карта,0
user_873,2024-01-28 15:11:00,1253.12,Дебетовая карта,карта,0
user_1510,2023-11-21 17:52:00,3447.79,Ипотека,Apple Pay,0
user_861,2023-12-02 12:26:00,725.41,Ипотека,Google Pay,0
user_1197,2023-10-29 18:18:00,997.5,Инвестиции,карта,0
user_229,2023-04-29 19:59:00,61970.22,Ипотека,карта,1
user_24,2023-05-17 09:37:00,904.35,Вклад,карта,0
user_789,2023-01-08 11:31:00,2902.25,Кредит,Google Pay,1
user_284,2023-06-18 09:21:00,2211.99,Инвестиции,карта,0
user_219,2023-11-03 18:45:00,6572.4,Дебетовая карта,Apple Pay,0
user_171,2023-05-11 16:19:00,7529.75,Ипотека,Apple Pay,0
user_546,2023-10-24 09:24:00,2697.97,Дебетовая карта,Apple Pay,0
user_358,2023-05-24 17:16:00,3059.2,Дебетовая карта,Apple Pay,0
user_290,2023-05-17 15:39:00,11188.81,Инвестиции,карта,0
user_610,2023-07-02 19:58:00,1078.89,Дебетовая карта,банковский перевод,0
user_510,2023-10-03 15:31:00,866.01,Кредит,карта,0
user_1935,2023-02-03 13:48:00,3133.05,Страхование,Google Pay,0
user_1279,2023-11-12 09:08:00,1044.25,Кредит,Apple Pay,0
user_1353,2024-01-16 17:24:00,1368.35,Инвестиции,Apple Pay,0
user_1373,2024-03-04 09:45:00,5937.64,Ипотека,Google Pay,0
user_110,2024-03-20 14:29:00,4636.67,Дебетовая карта,банковский перевод,0
user_988,2023-04-07 19:43:00,2225.41,Вклад,карта,0
user_1215,2023-07-11 11:27:00,2222.3,Кредит,Apple Pay,0
user_1879,2023-07-25 13:50:00,4392.92,Страхование,карта,0
user_874,2023-06-17 10:47:00,1619.39,Дебетовая карта,карта,0
user_548,2023-11-29 09:41:00,1713.53,Кредит,криптовалюта,0
user_1509,2023-08-11 17:15:00,1876.87,Инвестиции,банковский перевод,0
user_370,2023-03-23 15:03:00,5671.83,Дебетовая карта,Apple Pay,0
user_1768,2023-04-08 09:20:00,1259.62,Инвестиции,карта,0
user_714,2024-02-17 15:44:00,5430.43,Дебетовая карта,Google Pay,0
user_131,2023-12-04 10:56:00,4404.53,Ипотека,банковский перевод,0
user_705,2023-03-12 11:39:00,2046.79,Вклад,криптовалюта,0
user_1960,2023-08-08 11:20:00,2340.7,Вклад,криптовалюта,0
user_866,2023-07-05 16:47:00,8180.19,Кредит,Apple Pay,0
user_116,2023-06-16 13:05:00,799.42,Страхование,карта,0
user_746,2024-03-10 16:15:00,1917.6,Дебетовая карта,карта,0
user_1465,2023-01-17 20:02:00,3894.01,Страхование,карта,0
user_109,2023-03-24 19:20:00,3774.34,Инвестиции,карта,0
user_1807,2024-01-31 15:33:00,1705.27,Страхование,карта,0
user_1506,2024-02-29 09:20:00,512.53,Дебетовая карта,Apple Pay,1
user_1504,2023-06-06 17:20:00,7328.19,Инвестиции,Google Pay,0
user_1506,2024-02-05 17:54:00,5851.34,Страхование,Google Pay,0
user_302,2024-01-05 17:21:00,1610.06,Страхование,карта,0
user_1604,2023-11-28 14:20:00,1141.35,Ипотека,карта,0
user_416,2023-04-13 19:43:00,1348.62,Кредит,банковский перевод,0
user_308,2023-01-23 13:34:00,2161.58,Дебетовая карта,банковский перевод,0
user_83,2023-11-17 12:42:00,1146.39,Кредит,банковский перевод,0
user_287,2023-05-04 10:05:00,2024.43,Страхование,криптовалюта,0
user_263,2024-02-07 16:49:00,878.93,Дебетовая карта,карта,0
user_1769,2023-09-02 15:17:00,669.26,Страхование,Google Pay,0
user_123,2023-02-09 17:10:00,1326.99,Кредит,карта,0
user_1295,2024-02-02 10:58:00,797.74,Вклад,карта,0
user_108,2023-07-30 12:15:00,1404.3,Кредит,карта,0
user_1923,2023-11-05 18:28:00,5544.01,Дебетовая карта,Google Pay,0
user_1125,2023-07-18 19:27:00,1718.71,Дебетовая карта,карта,0
user_1030,2023-05-31 20:48:00,4477.37,Вклад,карта,0
user_154,2023-09-20 09:23:00,985.17,Дебетовая карта,криптовалюта,0
user_1737,2024-03-20 20:40:00,5822.95,Страхование,карта,0
user_851,2023-07-30 19:34:00,6147.56,Кредит,Google Pay,0
user_281,2023-01-28 13:19:00,1740.59,Вклад,Google Pay,0
user_1420,2023-11-01 11:46:00,42014.75,Дебетовая карта,карта,0
user_1889,2023-04-21 16:18:00,3354.89,Кредит,карта,0
user_31,2023-04-24 17:56:00,1379.78,Инвестиции,карта,0
user_404,2023-12-30 15:54:00,1401.15,Ипотека,Google Pay,0
user_1278,2024-01-11 20:00:00,8278.5,Кредит,Google Pay,0
user_125,2024-01-06 15:41:00,652.36,Кредит,карта,0
user_1515,2024-03-01 15:41:00,2725.98,Страхование,Apple Pay,0
user_1221,2024-03-23 10:44:00,2668.53,Ипотека,карта,0
user_1074,2023-11-20 11:00:00,1285.35,Дебетовая карта,Apple Pay,1
user_656,2023-10-15 13:18:00,1410.6,Страхование,Apple Pay,0
user_952,2023-04-18 15:15:00,33569.52,Кредит,Google Pay,0
user_166,2023-02-03 09:15:00,1209.43,Кредит,карта,0
user_1462,2023-10-08 15:44:00,924.15,Кредит,Google Pay,0
user_1229,2023-09-30 12:55:00,872.6,Вклад,карта,0
user_1060,2023-09-25 16:29:00,849.49,Вклад,карта,0
user_1567,2023-07-12 20:23:00,874.42,Вклад,карта,0
user_1019,2024-01-05 10:56:00,1061.69,Кредит,карта,0
user_807,2023-12-11 18:19:00,1424.4,Кредит,карта,0
user_1604,2023-10-27 18:04:00,1379.86,Дебетовая карта,криптовалюта,0
user_1870,2023-10-23 19:50:00,3952.67,Дебетовая карта,карта,0
user_1676,2023-12-13 19:16:00,1583.66,Дебетовая карта,банковский перевод,0
user_1023,2023-11-10 12:51:00,1765.56,Вклад,карта,0
user_737,2023-08-27 18:16:00,5006.46,Дебетовая карта,Apple Pay,0
user_262,2023-05-20 20:54:00,898.7,Инвестиции,карта,0
user_831,2023-03-30 13:09:00,1310.69,Страхование,криптовалюта,0
user_1664,2023-10-17 09:01:00,634.66,Дебетовая карта,карта,0
user_1602,2023-09-09 19:44:00,49895.01,Инвестиции,карта,0
user_257,2023-11-13 16:10:00,877.89,Дебетовая карта,карта,0
user_1090,2023-04-05 16:55:00,8310.33,Дебетовая карта,Google Pay,0
user_1339,2023-01-22 13:11:00,2854.21,Страхование,криптовалюта,0
user_1374,2023-03-06 13:11:00,1144.96,Ипотека,Google Pay,0
user_1751,2023-04-22 14:44:00,1604.86,Кредит,Apple Pay,0
user_151,2023-09-05 15:36:00,536.12,Кредит,криптовалюта,0
user_930,2023-04-13 09:01:00,6494.08,Инвестиции,Apple Pay,0
user_191,2024-01-30 19:20:00,5971.39,Дебетовая карта,карта,0
user_1450,2023-12-23 12:18:00,15209.23,Инвестиции,карта,0
user_1064,2023-11-09 20:36:00,534.49,Дебетовая карта,Apple Pay,0
user_866,2024-03-12 20:01:00,1406.55,Ипотека,Google Pay,0
user_1639,2023-07-06 14:10:00,3385.54,Кредит,Apple Pay,0
user_1693,2023-04-08 20:10:00,2951.89,Ипотека,карта,0
user_634,2023-08-08 14:39:00,692.54,Страхование,карта,0
user_1632,2023-09-07 09:27:00,1084.74,Ипотека,карта,0
user_1922,2023-06-02 10:59:00,578.16,Кредит,криптовалюта,0
user_104,2023-09-03 20:54:00,12365.54,Дебетовая карта,карта,0
user_1521,2024-03-23 11:49:00,4620.91,Кредит,криптовалюта,0
user_232,2023-01-19 15:52:00,7192.62,Инвестиции,карта,0
user_1564,2023-09-18 11:04:00,725.37,Кредит,Apple Pay,0
user_1360,2023-07-28 18:55:00,5709.77,Дебетовая карта,Google Pay,0
user_1669,2023-12-07 14:42:00,2795.87,Кредит,Google Pay,0
user_1149,2023-12-23 13:15:00,8475.67,Страхование,Google Pay,0
user_509,2023-05-01 17:48:00,1407.64,Страхование,Apple Pay,0
user_1392,2023-03-30 20:01:00,5273.53,Кредит,карта,0
user_661,2023-07-12 14:03:00,4004.29,Вклад,карта,0
user_63,2023-11-26 19:14:00,5832.41,Кредит,Apple Pay,0
user_237,2023-11-10 20:40:00,75939.45,Ипотека,карта,0
user_1741,2023-07-25 20:24:00,3029.38,Инвестиции,Google Pay,0
user_761,2023-11-02 18:37:00,2900.02,Кредит,Google Pay,0
user_288,2023-05-23 17:18:00,2017.02,Дебетовая карта,карта,0
user_72,2023-08-09 15:17:00,4060.25,Вклад,карта,0
user_83,2023-12-16 12:09:00,53304.03,Инвестиции,карта,0
user_1503,2023-11-27 19:14:00,4108.67,Ипотека,карта,0
user_262,2023-08-24 20:22:00,1458.56,Дебетовая карта,карта,0
user_1606,2023-07-03 17:38:00,7813.27,Дебетовая карта,карта,0
user_1119,2023-02-27 09:21:00,5967.06,Кредит,карта,0
user_428,2023-07-24 16:23:00,1052.46,Дебетовая карта,карта,0
user_1802,2023-03-02 18:25:00,2636.15,Ипотека,карта,0
user_980,2023-01-26 16:24:00,931.39,Ипотека,карта,0
user_789,2023-09-01 19:11:00,2635.22,Дебетовая карта,банковский перевод,1
user_1344,2023-11-01 10:46:00,810.77,Кредит,Google Pay,0
user_1316,2023-06-16 18:02:00,841.34,Вклад,карта,0
user_1486,2023-10-29 12:23:00,6846.59,Дебетовая карта,Apple Pay,0
user_1230,2023-04-17 13:47:00,1303.25,Страхование,Apple Pay,0
user_1939,2023-01-24 16:11:00,1425.7,Вклад,Apple Pay,1
user_832,2023-06-30 15:05:00,4069.74,Вклад,Apple Pay,0
user_402,2024-02-12 17:36:00,761.12,Дебетовая карта,криптовалюта,0
user_254,2024-02-28 13:08:00,2375.3,Вклад,криптовалюта,0
user_494,2024-01-14 16:26:00,2288.43,Вклад,карта,0
user_1547,2023-02-08 12:34:00,676.79,Вклад,Apple Pay,0
user_1708,2023-02-06 15:49:00,4030.05,Вклад,карта,0
user_584,2023-07-24 16:12:00,4649.89,Инвестиции,карта,0
user_195,2023-09-22 11:43:00,1970.91,Кредит,криптовалюта,0
user_1441,2023-08-31 16:19:00,3652.25,Кредит,банковский перевод,0
user_1572,2023-06-09 16:37:00,5991.22,Кредит,Google Pay,0
user_111,2023-11-11 10:11:00,94144.07,Страхование,карта,0
user_267,2023-05-15 13:32:00,3597.97,Дебетовая карта,карта,0
user_671,2023-08-25 09:02:00,1253.75,Дебетовая карта,карта,0
user_929,2024-01-09 15:02:00,2343.25,Кредит,Apple Pay,0
user_222,2024-01-24 13:39:00,2056.28,Ипотека,карта,0
user_1185,2023-07-26 11:40:00,1002.71,Вклад,Google Pay,0
user_994,2023-06-15 10:13:00,2304.16,Кредит,банковский перевод,0
user_1536,2024-01-09 15:25:00,1833.05,Дебетовая карта,карта,0
user_1906,2023-12-22 12:09:00,2166.74,Дебетовая карта,банковский перевод,0
user_230,2023-02-14 10:55:00,1073.47,Инвестиции,карта,0
user_905,2024-02-14 13:28:00,96164.35,Инвестиции,карта,0
user_1649,2023-06-23 15:10:00,6310.59,Страхование,карта,0
user_19,2023-10-28 15:54:00,5008.91,Дебетовая карта,карта,0
user_1702,2023-05-26 18:09:00,787.37,Ипотека,Google Pay,0
user_794,2023-02-12 18:53:00,3235.64,Кредит,Apple Pay,0
user_1587,2024-02-13 09:21:00,997.72,Вклад,Google Pay,0
user_1203,2023-08-04 12:17:00,865.83,Дебетовая карта,карта,0
user_1875,2023-06-19 09:55:00,4626.36,Дебетовая карта,Google Pay,0
user_301,2023-05-17 16:47:00,802.07,Кредит,Apple Pay,0
user_1745,2023-03-17 11:37:00,1202.8,Кредит,карта,0
user_1133,2024-03-28 13:54:00,685.91,Инвестиции,карта,0
user_1536,2023-01-08 17:58:00,5935.92,Вклад,Apple Pay,0
user_1546,2023-12-06 10:00:00,1607.5,Ипотека,криптовалюта,0
user_1159,2023-07-08 15:39:00,6907.6,Вклад,Google Pay,0
user_906,2024-02-27 16:16:00,2779.55,Кредит,банковский перевод,0
user_1618,2023-01-02 20:36:00,2850.91,Кредит,карта,0
user_1012,2023-11-05 17:48:00,3592.14,Страхование,Apple Pay,0
user_1951,2024-01-22 19:11:00,1593.24,Кредит,карта,0
user_1334,2023-05-15 09:07:00,7795.37,Кредит,карта,0
user_1275,2024-03-05 14:40:00,2506.81,Дебетовая карта,карта,0
user_1166,2023-09-15 14:09:00,2673.79,Страхование,Apple Pay,0
user_486,2023-11-26 18:09:00,784.5,Вклад,Google Pay,0
user_1498,2023-05-27 20:51:00,51481.73,Кредит,Apple Pay,0
user_496,2023-10-25 20:52:00,85487.15,Инвестиции,Apple Pay,0
user_1231,2023-10-07 15:38:00,991.42,Ипотека,карта,0
user_1592,2023-12-31 20:19:00,2364.14,Страхование,карта,0
user_903,2023-05-17 10:00:00,3808.38,Кредит,карта,0
user_1979,2023-06-10 11:53:00,952.63,Страхование,карта,0
user_328,2023-08-10 17:12:00,5475.25,Дебетовая карта,карта,1
user_421,2023-07-27 18:14:00,2572.43,Кредит,банковский перевод,0
user_607,2023-06-29 16:12:00,7004.9,Вклад,криптовалюта,0
user_1941,2023-09-27 16:31:00,728.55,Ипотека,криптовалюта,0
user_1069,2023-03-17 17:50:00,3813.34,Дебетовая карта,карта,0
user_537,2023-04-21 10:30:00,1524.4,Кредит,Google Pay,0
user_1932,2023-03-21 12:39:00,7548.13,Кредит,криптовалюта,0
user_826,2023-04-04 13:19:00,2298.56,Вклад,карта,0
user_534,2023-11-22 18:52:00,2426.38,Страхование,карта,0
user_1817,2023-02-21 18:16:00,2589.31,Кредит,карта,0
user_310,2024-02-12 15:55:00,3668.49,Кредит,Google Pay,0
user_1924,2023-07-02 12:49:00,3475.54,Ипотека,Apple Pay,0
user_92,2023-06-12 18:03:00,2714.83,Инвестиции,банковский перевод,0
user_1134,2023-11-05 19:16:00,1277.07,Ипотека,карта,0
user_1165,2024-03-24 09:07:00,3894.86,Кредит,карта,0
user_1901,2023-05-23 12:36:00,1223.61,Ипотека,Apple Pay,0
user_1860,2024-01-30 10:44:00,5680.91,Дебетовая карта,карта,0
user_1685,2024-01-10 15:59:00,2725.27,Дебетовая карта,банковский перевод,0
user_1832,2023-02-13 17:25:00,865.46,Дебетовая карта,Apple Pay,0
user_1733,2023-07-08 16:47:00,5314.95,Ипотека,Apple Pay,0
user_1026,2023-08-08 12:15:00,4915.42,Кредит,карта,0
user_1737,2024-03-10 13:21:00,1081.61,Ипотека,Google Pay,0
user_1543,2023-09-15 17:02:00,1914.19,Ипотека,банковский перевод,0
user_773,2023-01-09 15:37:00,3195.55,Ипотека,Google Pay,0
user_1761,2023-08-12 12:46:00,6384.35,Дебетовая карта,Apple Pay,0
user_62,2023-02-16 16:26:00,4612.17,Дебетовая карта,Apple Pay,0
user_206,2023-06-16 10:40:00,17548.45,Кредит,Apple Pay,0
user_330,2023-03-26 15:53:00,1632.78,Дебетовая карта,карта,0
user_1070,2023-12-04 09:58:00,6469.76,Кредит,криптовалюта,0
user_149,2023-10-12 18:03:00,1114.68,Вклад,карта,0
user_450,2024-02-21 17:53:00,1742.27,Инвестиции,карта,0
user_485,2024-03-20 19:25:00,1509.7,Ипотека,криптовалюта,0
user_486,2024-01-17 20:54:00,705.88,Дебетовая карта,Google Pay,0
user_111,2023-10-19 20:35:00,1979.87,Дебетовая карта,Apple Pay,0
user_449,2023-07-22 11:27:00,4371.29,Дебетовая карта,карта,0
user_554,2024-03-09 10:51:00,2788.01,Ипотека,Google Pay,0
user_1518,2023-10-20 10:13:00,3563.63,Кредит,Apple Pay,0
user_1178,2023-01-14 17:21:00,56737.66,Дебетовая карта,Apple Pay,1
user_630,2023-03-26 10:30:00,1427.44,Кредит,карта,0
user_283,2023-06-02 19:57:00,4206.33,Страхование,карта,1
user_1027,2023-04-02 19:03:00,5520.17,Дебетовая карта,карта,1
user_632,2023-07-20 15:16:00,7571.23,Ипотека,карта,0
user_1395,2023-10-23 15:56:00,1128.71,Ипотека,карта,0
user_449,2024-03-02 18:47:00,5578.72,Инвестиции,Google Pay,0
user_1994,2023-06-03 19:21:00,7332.78,Дебетовая карта,карта,0
user_191,2023-12-13 14:30:00,2916.48,Ипотека,карта,0
user_1670,2024-01-04 10:51:00,2641.23,Дебетовая карта,криптовалюта,0
user_1353,2024-01-08 14:39:00,1068.24,Дебетовая карта,Google Pay,0
user_1347,2023-05-01 18:07:00,3681.6,Дебетовая карта,Apple Pay,0
user_1787,2023-11-30 17:14:00,3929.24,Вклад,Apple Pay,0
user_904,2024-01-06 12:32:00,1710.64,Кредит,карта,0
user_1432,2024-01-25 09:24:00,4415.8,Дебетовая карта,Google Pay,0
user_1057,2023-10-13 11:30:00,2233.65,Ипотека,криптовалюта,0
user_1369,2023-10-20 19:17:00,2319.07,Кредит,карта,0
user_1106,2024-01-14 16:30:00,2712.89,Кредит,Google Pay,0
user_1967,2023-09-26 20:39:00,1533.67,Ипотека,Apple Pay,0
user_647,2023-07-15 20:41:00,5202.89,Инвестиции,карта,0
user_1463,2023-05-07 16:58:00,824.5,Кредит,карта,0
user_333,2023-11-15 18:39:00,2025.54,Дебетовая карта,карта,0
user_95,2024-01-25 09:48:00,1777.74,Дебетовая карта,банковский перевод,0
user_1407,2024-02-14 09:47:00,91335.12,Кредит,банковский перевод,0
user_437,2023-08-18 13:06:00,5852.6,Кредит,карта,0
user_32,2023-05-25 17:30:00,610.82,Кредит,карта,0
user_1275,2023-01-28 12:01:00,1035.67,Вклад,криптовалюта,0
user_1224,2023-06-15 19:45:00,6350.33,Дебетовая карта,Apple Pay,0
user_1279,2024-02-22 10:37:00,1226.26,Дебетовая карта,Google Pay,0
user_909,2023-05-18 14:58:00,789.87,Кредит,карта,0
user_1666,2024-01-12 17:57:00,1045.25,Кредит,карта,0
user_26,2023-08-15 09:54:00,5930.94,Вклад,карта,0
user_318,2023-02-17 12:54:00,974.02,Страхование,Apple Pay,0
user_753,2024-02-08 10:51:00,2411.55,Ипотека,криптовалюта,0
user_1963,2023-11-21 10:33:00,906.36,Кредит,Google Pay,0
user_1442,2023-05-01 15:11:00,1797.61,Кредит,карта,0
user_1033,2023-02-14 16:43:00,6057.78,Страхование,карта,0
user_1899,2023-03-28 16:29:00,6297.74,Дебетовая карта,криптовалюта,0
user_1841,2024-02-27 15:28:00,77993.61,Дебетовая карта,Apple Pay,0
user_211,2023-01-04 19:39:00,50142.3,Страхование,карта,0
user_1059,2023-03-25 09:12:00,1766.13,Дебетовая карта,карта,0
user_1903,2023-08-18 20:37:00,1861.4,Дебетовая карта,Apple Pay,0
user_374,2023-02-15 11:14:00,3204.5,Дебетовая карта,карта,0
user_316,2023-02-04 10:05:00,2495.77,Дебетовая карта,карта,0
user_703,2023-11-19 17:46:00,506.93,Кредит,Google Pay,0
user_1939,2023-03-25 19:22:00,9374.69,Кредит,Apple Pay,0
user_443,2023-03-08 10:19:00,1474.57,Вклад,карта,0
user_1271,2023-02-09 12:39:00,1076.68,Кредит,карта,0
user_529,2024-03-18 09:34:00,938.82,Кредит,карта,0
user_1474,2023-04-17 13:38:00,2285.37,Дебетовая карта,карта,0
user_1781,2023-05-16 14:19:00,74471.13,Дебетовая карта,карта,1
user_82,2023-06-14 17:17:00,1127.57,Кредит,Apple Pay,0
user_755,2023-09-07 18:37:00,5247.88,Инвестиции,карта,0
user_1158,2023-12-12 14:27:00,1592.74,Кредит,Apple Pay,0
user_366,2023-01-12 17:41:00,709.77,Инвестиции,Apple Pay,0
user_1270,2023-08-21 17:39:00,4675.22,Ипотека,банковский перевод,0
user_730,2023-03-24 11:38:00,2004.27,Кредит,Apple Pay,0
user_71,2023-02-14 19:20:00,1721.28,Кредит,Google Pay,0
user_1235,2023-10-02 15:40:00,2838.12,Кредит,криптовалюта,0
user_77,2023-06-11 17:10:00,586.99,Инвестиции,карта,0
user_402,2023-05-28 09:09:00,593.3,Ипотека,карта,0
user_328,2023-01-26 14:04:00,33175.06,Вклад,карта,0
user_102,2023-04-16 14:41:00,3929.28,Ипотека,Apple Pay,0
user_823,2023-01-12 17:31:00,581.27,Страхование,карта,0
user_1745,2023-01-04 10:57:00,1202.14,Вклад,карта,0
user_612,2023-07-24 20:30:00,5933.14,Ипотека,карта,0
user_479,2023-03-02 17:28:00,5814.23,Дебетовая карта,карта,0
user_1614,2023-06-22 11:26:00,3163.3,Дебетовая карта,карта,1
user_1873,2024-03-14 11:33:00,3389.52,Страхование,криптовалюта,0
user_603,2023-01-15 17:53:00,9960.11,Страхование,карта,0
user_95,2024-03-20 18:40:00,77095.95,Дебетовая карта,карта,0
user_1522,2023-09-23 19:00:00,2887.06,Дебетовая карта,криптовалюта,0
user_1302,2023-04-20 09:13:00,2701.3,Кредит,Google Pay,0
user_1995,2023-04-12 14:41:00,1138.73,Кредит,криптовалюта,0
user_1331,2024-02-06 16:02:00,2658.95,Дебетовая карта,криптовалюта,0
user_1860,2023-02-14 14:36:00,3577.36,Дебетовая карта,карта,0
user_313,2024-01-11 13:10:00,1023.05,Кредит,карта,0
user_330,2023-03-06 16:59:00,961.46,Кредит,Google Pay,0
user_1331,2023-02-01 09:00:00,6905.96,Кредит,карта,0
user_1496,2023-09-06 12:49:00,63648.3,Инвестиции,карта,0
user_776,2024-01-02 15:02:00,2400.55,Вклад,Google Pay,0
user_862,2023-09-17 13:50:00,782.03,Кредит,карта,0
user_764,2023-11-28 20:22:00,2049.51,Вклад,карта,0
user_96,2023-05-27 14:49:00,3382.25,Дебетовая карта,Apple Pay,0
user_1755,2023-08-16 13:54:00,959.2,Вклад,карта,0
user_1815,2023-06-28 19:38:00,775.49,Инвестиции,карта,0
user_1905,2023-01-29 14:41:00,3649.69,Дебетовая карта,Apple Pay,0
user_1009,2024-02-21 15:00:00,4448.78,Кредит,карта,0
user_341,2023-06-11 20:29:00,2882.58,Страхование,криптовалюта,0
user_809,2023-06-24 19:25:00,6867.22,Кредит,карта,0
user_1369,2023-12-18 09:34:00,2309.97,Ипотека,карта,0
user_347,2023-01-11 11:32:00,3243.59,Ипотека,криптовалюта,0
user_310,2023-10-09 10:29:00,1278.54,Дебетовая карта,карта,0
user_1985,2023-07-04 14:48:00,1053.99,Страхование,криптовалюта,0
user_71,2024-03-05 09:59:00,17734.61,Ипотека,Google Pay,0
user_1197,2023-01-24 20:36:00,1730.87,Ипотека,карта,0
user_300,2023-12-03 11:35:00,839.37,Кредит,Apple Pay,0
user_44,2023-09-27 12:30:00,1485.02,Кредит,карта,0
user_1270,2024-03-06 10:27:00,1660.88,Дебетовая карта,криптовалюта,0
user_368,2023-06-03 11:28:00,3520.63,Вклад,банковский перевод,0
user_1453,2023-02-20 10:50:00,6662.49,Дебетовая карта,карта,0
user_1650,2023-05-26 12:39:00,779.19,Кредит,банковский перевод,0
user_1015,2023-12-15 19:37:00,10485.85,Дебетовая карта,карта,0
user_334,2023-05-01 12:42:00,8729.94,Кредит,Apple Pay,0
user_1904,2024-01-23 20:50:00,1646.39,Дебетовая карта,карта,0
user_745,2023-10-13 11:24:00,4451.3,Кредит,карта,1
user_1529,2023-02-25 14:36:00,2534.62,Дебетовая карта,карта,0
user_386,2023-11-03 11:41:00,1057.15,Вклад,карта,0
user_324,2023-06-01 17:56:00,1839.78,Дебетовая карта,карта,1
user_1349,2023-05-12 11:58:00,897.71,Кредит,Apple Pay,0
user_416,2023-08-03 11:17:00,1914.73,Дебетовая карта,криптовалюта,0
user_1066,2023-08-01 13:54:00,2360.06,Кредит,Google Pay,0
user_1193,2023-06-18 14:15:00,608.16,Кредит,карта,0
user_245,2023-11-18 18:33:00,6329.03,Вклад,карта,0
user_667,2024-01-05 12:32:00,2036.66,Вклад,криптовалюта,0
user_387,2023-11-28 19:19:00,2743.14,Дебетовая карта,Apple Pay,0
user_2,2023-03-04 18:30:00,3210.28,Ипотека,карта,0
user_1899,2023-01-26 18:29:00,5273.79,Страхование,карта,0
user_49,2023-10-10 13:59:00,1577.33,Ипотека,криптовалюта,0
user_1659,2023-07-15 16:32:00,5141.72,Дебетовая карта,карта,0
user_817,2024-03-12 16:05:00,1628.78,Дебетовая карта,карта,0
user_554,2024-01-25 09:31:00,23761.77,Вклад,криптовалюта,0
user_1048,2023-06-12 14:50:00,683.79,Вклад,Apple Pay,0
user_1832,2023-02-19 09:54:00,5041.65,Вклад,криптовалюта,1
user_1307,2023-04-25 14:59:00,2253.53,Дебетовая карта,карта,0
user_162,2023-11-26 16:00:00,963.74,Кредит,банковский перевод,0
user_1527,2023-06-28 15:04:00,9876.94,Инвестиции,криптовалюта,0
user_1527,2023-10-22 18:22:00,2891.68,Дебетовая карта,Apple Pay,0
user_1938,2024-02-26 20:44:00,1866.58,Вклад,банковский перевод,0
user_405,2023-05-23 10:41:00,1888.55,Дебетовая карта,карта,0
user_1678,2023-08-30 17:24:00,1240.14,Дебетовая карта,Apple Pay,0
user_741,2023-03-11 19:57:00,1697.13,Вклад,Apple Pay,0
user_712,2023-12-13 09:48:00,1745.2,Вклад,Google Pay,0
user_1267,2024-03-29 13:30:00,661.94,Кредит,Google Pay,0
user_1070,2023-01-12 16:45:00,3307.44,Кредит,криптовалюта,0
user_460,2023-04-02 16:15:00,558.32,Кредит,карта,0
user_432,2023-03-06 09:45:00,1395.23,Вклад,Apple Pay,0
user_1301,2023-04-07 10:57:00,2656.58,Дебетовая карта,карта,0
user_1938,2023-12-03 12:42:00,5196.42,Кредит,Google Pay,0
user_460,2023-08-16 09:16:00,1063.58,Кредит,Google Pay,1
user_1071,2023-12-19 17:24:00,3937.84,Страхование,банковский перевод,0
user_614,2024-03-24 15:00:00,5584.11,Кредит,банковский перевод,0
user_500,2024-03-14 09:55:00,6530.44,Дебетовая карта,Apple Pay,0
user_1591,2023-02-04 13:03:00,9827.77,Дебетовая карта,карта,0
user_1449,2023-11-19 12:30:00,867.75,Дебетовая карта,Apple Pay,0
user_959,2023-03-28 18:27:00,525.66,Кредит,Apple Pay,0
user_976,2023-05-26 09:28:00,7486.87,Страхование,карта,0
user_851,2023-11-27 10:30:00,1421.0,Кредит,карта,0
user_1994,2024-02-26 19:54:00,12652.94,Вклад,криптовалюта,0
user_1893,2024-02-12 12:09:00,3568.34,Дебетовая карта,карта,0
user_150,2023-09-23 17:22:00,8490.31,Дебетовая карта,криптовалюта,0
user_1633,2023-04-16 10:30:00,2729.14,Дебетовая карта,карта,0
user_671,2023-01-21 17:49:00,5819.82,Ипотека,банковский перевод,0
user_1307,2024-01-13 12:05:00,1577.28,Дебетовая карта,Apple Pay,0
user_1884,2023-08-23 17:54:00,3344.44,Кредит,Google Pay,0
user_844,2023-02-24 09:08:00,3877.93,Дебетовая карта,Apple Pay,0
user_923,2023-09-07 10:57:00,562.42,Дебетовая карта,Apple Pay,0
user_1253,2023-06-07 18:19:00,1217.62,Кредит,Google Pay,0
user_624,2023-04-10 10:12:00,10318.47,Ипотека,карта,0
user_528,2023-12-08 18:40:00,5105.97,Кредит,карта,0
user_1210,2023-02-06 12:35:00,1635.62,Ипотека,банковский перевод,0
user_416,2024-03-02 11:11:00,82293.11,Дебетовая карта,криптовалюта,0
user_1329,2024-01-17 14:22:00,98067.96,Вклад,криптовалюта,0
user_500,2023-06-24 13:29:00,2814.61,Вклад,Google Pay,0
user_186,2023-12-28 17:05:00,551.49,Кредит,Google Pay,0
user_203,2023-03-02 16:50:00,512.04,Дебетовая карта,криптовалюта,0
user_519,2024-03-13 19:39:00,4300.19,Кредит,Google Pay,0
user_205,2023-04-19 09:44:00,1223.88,Кредит,карта,1
user_618,2024-02-18 13:07:00,889.38,Вклад,Apple Pay,0
user_836,2023-11-29 13:38:00,1394.53,Кредит,карта,0
user_492,2023-03-24 13:43:00,1302.76,Вклад,карта,0
user_1069,2024-01-25 12:47:00,1330.5,Дебетовая карта,Apple Pay,0
user_766,2023-04-29 17:24:00,673.82,Ипотека,криптовалюта,0
user_161,2023-11-16 12:04:00,50968.57,Ипотека,карта,0
user_670,2023-12-23 09:31:00,1928.47,Кредит,Google Pay,0
user_25,2023-01-27 15:06:00,1934.51,Инвестиции,карта,0
user_1463,2023-03-15 20:54:00,1370.9,Кредит,Google Pay,0
user_886,2023-07-23 13:41:00,8438.24,Дебетовая карта,Apple Pay,0
user_1198,2023-06-21 10:14:00,7887.91,Инвестиции,Apple Pay,0
user_285,2023-10-08 20:39:00,27426.18,Кредит,карта,0
user_859,2023-10-04 18:03:00,5748.84,Страхование,карта,0
user_1619,2023-10-11 11:25:00,5438.28,Кредит,Apple Pay,0
user_401,2023-08-07 17:11:00,3963.3,Инвестиции,Apple Pay,0
user_1969,2024-03-10 16:20:00,6141.0,Дебетовая карта,карта,0
user_842,2023-05-21 10:20:00,2111.42,Кредит,карта,0
user_273,2023-02-23 18:47:00,2319.73,Кредит,Apple Pay,0
user_361,2023-08-27 20:06:00,5266.16,Вклад,карта,0
user_925,2024-02-04 13:45:00,4073.28,Вклад,карта,0
user_1905,2024-02-12 10:50:00,27276.05,Вклад,карта,0
user_944,2024-03-27 18:08:00,697.28,Дебетовая карта,криптовалюта,0
user_348,2024-01-19 12:05:00,1199.88,Дебетовая карта,криптовалюта,0
user_777,2023-10-20 10:34:00,561.51,Вклад,карта,0
user_1718,2023-01-09 17:07:00,2487.17,Кредит,Apple Pay,0
user_1969,2023-11-02 18:05:00,2843.56,Кредит,карта,0
user_1232,2023-01-18 19:27:00,3807.72,Кредит,Apple Pay,0
user_1732,2023-08-19 11:28:00,1116.85,Страхование,карта,0
user_1622,2024-01-14 19:48:00,6277.98,Дебетовая карта,карта,0
user_849,2023-05-12 18:26:00,6473.64,Кредит,Apple Pay,0
user_1778,2023-06-22 12:55:00,1701.58,Инвестиции,карта,0
user_151,2023-03-20 19:54:00,6966.68,Дебетовая карта,карта,0
user_1608,2023-10-24 09:36:00,2790.1,Кредит,Apple Pay,0
user_1163,2023-02-22 13:04:00,5874.01,Дебетовая карта,карта,0
user_1179,2023-12-01 14:56:00,4929.88,Ипотека,банковский перевод,0
user_1871,2023-11-08 12:46:00,514.39,Инвестиции,карта,0
user_534,2023-05-11 12:15:00,2278.56,Вклад,карта,0
user_396,2023-11-20 20:51:00,1727.39,Страхование,карта,0
user_1321,2023-09-03 09:58:00,1127.78,Дебетовая карта,карта,0
user_1484,2023-06-24 16:25:00,763.79,Инвестиции,Apple Pay,0
user_10,2023-05-14 12:35:00,9221.89,Инвестиции,Google Pay,0
user_1000,2023-07-15 10:22:00,2398.25,Дебетовая карта,Apple Pay,1
user_755,2023-07-23 16:26:00,1463.25,Дебетовая карта,карта,0
user_1640,2023-03-30 15:50:00,5632.98,Кредит,криптовалюта,0
user_1716,2023-06-26 16:27:00,891.27,Вклад,карта,0
user_278,2023-05-16 19:57:00,8389.13,Кредит,карта,0
user_1162,2023-03-24 16:55:00,1583.94,Дебетовая карта,криптовалюта,0
user_1445,2023-09-02 15:57:00,601.56,Ипотека,карта,1
user_522,2023-10-14 19:06:00,1032.69,Дебетовая карта,банковский перевод,0
user_1868,2023-09-26 10:12:00,870.51,Кредит,Google Pay,0
user_1785,2023-11-30 19:54:00,7977.76,Кредит,карта,1
user_345,2023-12-15 15:26:00,5025.23,Ипотека,Apple Pay,0
user_31,2023-03-18 18:47:00,1141.02,Страхование,криптовалюта,0
user_1157,2023-02-28 20:19:00,1200.21,Страхование,Google Pay,0
user_1766,2023-11-01 10:10:00,5931.13,Дебетовая карта,карта,0
user_1366,2023-10-03 13:01:00,636.83,Дебетовая карта,Google Pay,0
user_1519,2024-03-03 19:11:00,2541.33,Вклад,карта,1
user_1440,2023-10-23 11:43:00,2811.8,Страхование,карта,0
user_293,2023-11-16 17:32:00,515.92,Дебетовая карта,карта,0
user_135,2023-01-11 11:59:00,3258.28,Дебетовая карта,Apple Pay,0
user_126,2023-10-08 13:56:00,575.16,Дебетовая карта,карта,0
user_1968,2023-07-15 19:48:00,3993.03,Вклад,Google Pay,0
user_1903,2023-01-03 20:52:00,2135.06,Кредит,карта,0
user_1668,2024-03-27 16:41:00,1732.84,Дебетовая карта,карта,0
user_135,2023-05-02 10:05:00,1916.24,Дебетовая карта,карта,0
user_1778,2023-03-22 20:16:00,6885.83,Инвестиции,Apple Pay,0
user_1948,2023-01-14 17:11:00,1454.55,Дебетовая карта,карта,0
user_1570,2023-08-21 17:34:00,623.26,Вклад,криптовалюта,0
user_842,2023-12-11 09:15:00,14345.71,Дебетовая карта,карта,0
user_187,2023-07-04 17:32:00,734.65,Инвестиции,Apple Pay,0
user_708,2023-12-15 17:48:00,1058.37,Ипотека,Google Pay,0
user_409,2023-10-04 18:40:00,970.42,Кредит,Google Pay,0
user_1301,2023-01-15 12:53:00,2683.09,Кредит,Apple Pay,0
user_1766,2023-02-11 15:45:00,1178.12,Страхование,карта,0
user_993,2023-07-16 11:01:00,2278.47,Вклад,карта,0
user_97,2023-10-28 16:41:00,3769.61,Вклад,карта,0
user_781,2023-03-16 14:32:00,1428.36,Дебетовая карта,криптовалюта,0
user_1600,2024-01-17 11:41:00,3196.69,Страхование,карта,0
user_1281,2023-11-10 16:05:00,4572.2,Страхование,криптовалюта,0
user_82,2023-02-23 16:37:00,918.16,Дебетовая карта,Google Pay,0
user_701,2023-10-20 18:23:00,4269.87,Дебетовая карта,банковский перевод,0
user_704,2023-05-15 20:41:00,638.14,Ипотека,карта,1
user_69,2023-08-28 15:45:00,1945.31,Дебетовая карта,карта,0
user_700,2023-05-22 14:02:00,1051.14,Кредит,карта,0
user_1650,2023-12-27 15:53:00,782.75,Ипотека,Apple Pay,0
user_261,2023-05-16 13:03:00,1243.38,Страхование,криптовалюта,0
user_1030,2024-03-16 13:09:00,2391.91,Вклад,криптовалюта,0
user_1314,2023-10-06 19:06:00,3061.38,Страхование,карта,0
user_1374,2023-08-28 14:08:00,3811.45,Кредит,Google Pay,0
user_660,2023-05-06 16:59:00,7433.11,Вклад,Google Pay,0
user_1151,2023-03-01 16:53:00,2499.9,Кредит,карта,0
user_1446,2023-12-10 18:54:00,1871.79,Инвестиции,карта,0
user_1229,2023-10-25 09:13:00,8699.06,Кредит,криптовалюта,0
user_1676,2023-07-08 20:12:00,1337.42,Кредит,криптовалюта,0
user_438,2024-01-24 16:42:00,76218.49,Кредит,банковский перевод,0
user_216,2023-02-17 13:27:00,2453.04,Дебетовая карта,Apple Pay,0
user_1870,2023-08-09 19:20:00,76309.54,Кредит,карта,0
user_1469,2024-01-31 19:38:00,672.78,Дебетовая карта,Google Pay,0
user_896,2023-05-21 10:14:00,966.25,Страхование,карта,0
user_1142,2023-10-04 11:54:00,3148.74,Кредит,криптовалюта,0
user_1841,2023-07-02 12:37:00,3954.79,Инвестиции,карта,0
user_1734,2023-03-12 18:32:00,2361.86,Инвестиции,карта,0
user_1614,2024-02-25 19:04:00,534.12,Кредит,Apple Pay,0
user_1182,2024-02-13 09:47:00,1316.99,Кредит,карта,0
user_1441,2023-06-15 13:48:00,2507.86,Вклад,карта,0
user_1161,2023-05-06 19:02:00,1373.52,Дебетовая карта,карта,0
user_921,2023-03-18 13:17:00,2105.11,Дебетовая карта,карта,0
user_1348,2024-02-01 19:25:00,1200.1,Вклад,карта,1
user_46,2023-09-19 13:24:00,3361.09,Вклад,карта,0
user_1653,2023-06-03 11:41:00,1418.72,Страхование,Google Pay,0
user_631,2023-02-21 12:06:00,2249.77,Инвестиции,карта,0
user_1091,2023-07-25 17:31:00,1319.66,Вклад,карта,0
user_1330,2023-11-24 15:21:00,879.56,Кредит,карта,0
user_656,2024-02-19 16:02:00,534.14,Кредит,Google Pay,0
user_662,2023-03-12 17:01:00,4550.01,Вклад,карта,0
user_354,2023-03-20 10:48:00,3393.66,Страхование,карта,0
user_199,2023-02-18 11:59:00,1639.8,Страхование,Apple Pay,0
user_1764,2023-02-24 11:48:00,8348.09,Дебетовая карта,банковский перевод,0
user_1036,2023-03-03 11:47:00,4642.57,Вклад,карта,0
user_1359,2023-01-01 13:15:00,2833.41,Ипотека,карта,0
user_309,2023-04-04 13:13:00,1882.25,Дебетовая карта,карта,0
user_1706,2023-12-19 10:23:00,2299.0,Кредит,криптовалюта,0
user_613,2023-02-06 10:40:00,2958.64,Ипотека,Apple Pay,0
user_921,2023-07-25 14:16:00,1477.72,Ипотека,Google Pay,0
user_1004,2023-03-09 19:47:00,2857.4,Кредит,карта,0
user_1488,2023-07-30 09:53:00,60833.7,Дебетовая карта,карта,0
user_233,2023-07-15 11:07:00,6374.86,Страхование,банковский перевод,0
user_1815,2024-03-29 09:22:00,2344.84,Кредит,карта,0
user_226,2023-09-08 12:09:00,745.73,Кредит,карта,0
user_1275,2023-10-21 09:58:00,6990.52,Кредит,банковский перевод,0
user_421,2023-08-06 17:50:00,1711.61,Вклад,карта,0
user_1847,2023-12-26 14:04:00,746.22,Кредит,карта,0
user_1184,2023-02-06 13:18:00,606.7,Кредит,карта,0
user_1891,2024-02-08 14:59:00,6906.27,Кредит,Google Pay,0
user_1867,2023-05-08 20:20:00,81942.23,Страхование,банковский перевод,0
user_536,2024-03-30 15:01:00,1944.55,Инвестиции,Apple Pay,0
user_479,2024-03-04 11:48:00,1380.97,Страхование,банковский перевод,0
user_226,2024-01-08 11:34:00,1088.05,Кредит,карта,0
user_1440,2023-12-24 20:23:00,2931.84,Ипотека,Apple Pay,0
user_50,2023-07-06 18:29:00,1263.74,Ипотека,Apple Pay,0
user_379,2023-10-08 10:40:00,2332.58,Кредит,карта,0
user_1818,2023-06-01 13:54:00,2872.78,Ипотека,Apple Pay,0
user_1272,2023-11-21 15:33:00,5623.12,Дебетовая карта,Apple Pay,0
user_902,2024-01-25 16:12:00,615.17,Кредит,Google Pay,0
user_276,2023-09-06 16:03:00,1979.34,Вклад,Google Pay,0
user_1691,2023-03-02 14:34:00,870.58,Дебетовая карта,карта,0
user_1691,2023-01-24 14:10:00,2889.79,Инвестиции,карта,0
user_93,2023-10-31 14:05:00,3772.57,Дебетовая карта,криптовалюта,0
user_1486,2023-07-04 20:02:00,1056.91,Страхование,Google Pay,0
user_659,2023-07-04 10:54:00,2130.06,Страхование,карта,0
user_1362,2023-07-31 16:58:00,3602.53,Кредит,Apple Pay,0
user_590,2023-01-23 14:04:00,1306.79,Вклад,Google Pay,0
user_30,2023-12-18 16:26:00,2799.55,Дебетовая карта,карта,0
user_1508,2023-05-13 11:54:00,2392.02,Кредит,карта,0
user_1673,2023-01-10 10:22:00,5114.56,Дебетовая карта,Apple Pay,0
user_1368,2023-06-28 20:18:00,2548.66,Инвестиции,карта,0
user_302,2023-05-28 11:22:00,1345.25,Вклад,банковский перевод,1
user_901,2023-05-03 17:47:00,1352.4,Вклад,карта,0
user_1067,2023-12-02 18:36:00,4339.2,Кредит,Google Pay,0
user_1588,2023-11-10 13:59:00,6178.4,Вклад,Google Pay,0
user_1554,2024-03-06 09:21:00,1074.59,Страхование,карта,0
user_1776,2023-11-12 12:30:00,8307.02,Ипотека,карта,0
user_1264,2024-01-19 19:56:00,1535.1,Страхование,карта,0
user_1880,2023-10-23 20:38:00,1371.37,Кредит,Apple Pay,0
user_1639,2023-08-31 11:52:00,1133.92,Ипотека,карта,0
user_401,2023-04-28 11:45:00,1767.44,Страхование,криптовалюта,0
user_1418,2024-02-09 20:45:00,2418.33,Кредит,Google Pay,0
user_171,2024-03-12 13:06:00,9287.23,Страхование,карта,0
user_1513,2023-04-22 10:45:00,2998.9,Дебетовая карта,карта,0
user_443,2023-07-12 14:55:00,851.81,Вклад,карта,0
user_598,2024-03-21 10:51:00,3977.1,Кредит,Google Pay,0
user_1149,2023-10-18 18:56:00,923.14,Страхование,криптовалюта,0
user_759,2023-06-01 18:42:00,3522.44,Кредит,Apple Pay,1
user_1296,2023-10-27 18:46:00,1344.18,Инвестиции,Apple Pay,0
user_1003,2023-07-06 20:05:00,1542.65,Кредит,карта,0
user_1273,2023-03-27 17:27:00,1778.39,Кредит,Google Pay,0
user_1173,2023-05-14 15:07:00,4024.91,Кредит,криптовалюта,0
user_413,2023-01-02 09:53:00,1878.7,Дебетовая карта,карта,0
user_1384,2023-05-29 19:30:00,9119.43,Вклад,криптовалюта,0
user_1918,2023-05-19 09:06:00,1533.92,Дебетовая карта,карта,0
user_1112,2023-09-14 16:53:00,769.87,Дебетовая карта,карта,0
user_1215,2023-03-30 16:05:00,7106.87,Инвестиции,криптовалюта,0
user_1421,2023-08-27 11:13:00,6262.84,Вклад,Apple Pay,0
user_170,2023-07-09 14:06:00,1611.81,Дебетовая карта,карта,0
user_302,2023-10-01 13:51:00,687.94,Дебетовая карта,карта,0
user_1117,2023-10-04 19:01:00,1072.74,Ипотека,карта,0
user_790,2023-07-25 19:11:00,2617.91,Кредит,карта,0
user_1384,2023-04-11 17:01:00,1674.57,Кредит,банковский перевод,0
user_1827,2024-03-08 20:57:00,7899.2,Дебетовая карта,Google Pay,0
user_1565,2023-12-21 20:58:00,3459.18,Вклад,карта,0
user_434,2023-04-25 10:50:00,57924.34,Кредит,Google Pay,0
user_615,2023-07-27 09:26:00,576.54,Инвестиции,карта,0
user_288,2023-01-07 15:40:00,13746.43,Кредит,карта,0
user_196,2023-01-23 10:54:00,1935.27,Вклад,карта,0
user_1490,2023-06-26 09:00:00,4946.1,Кредит,карта,0
user_1385,2023-07-01 10:08:00,1189.17,Инвестиции,карта,0
user_389,2023-04-05 17:33:00,685.85,Дебетовая карта,Apple Pay,0
user_1410,2023-12-19 12:04:00,966.66,Кредит,карта,0
user_916,2023-09-14 20:38:00,84534.73,Кредит,карта,1
user_1753,2023-04-22 09:04:00,836.42,Дебетовая карта,Apple Pay,1
user_1424,2024-01-21 12:03:00,7205.41,Дебетовая карта,Google Pay,0
user_542,2023-06-04 19:25:00,4796.23,Кредит,банковский перевод,0
user_970,2024-03-20 15:54:00,2760.28,Вклад,криптовалюта,0
user_467,2023-04-02 15:28:00,1065.81,Дебетовая карта,карта,0
user_1804,2023-12-17 10:10:00,868.83,Дебетовая карта,карта,0
user_1029,2023-04-12 20:53:00,1290.82,Кредит,Apple Pay,0
user_1757,2023-01-11 14:33:00,3049.2,Дебетовая карта,карта,0
user_1023,2024-02-10 14:46:00,1982.24,Ипотека,криптовалюта,0
user_1006,2023-12-29 15:44:00,2169.86,Дебетовая карта,Google Pay,1
user_370,2023-02-02 12:51:00,4289.76,Страхование,Apple Pay,0
user_1922,2023-03-16 15:47:00,1564.38,Кредит,криптовалюта,0
user_1346,2023-08-23 20:51:00,2648.72,Кредит,карта,0
user_584,2023-02-14 15:43:00,1176.94,Ипотека,Apple Pay,0
user_1680,2023-12-07 15:24:00,1772.62,Вклад,Apple Pay,0
user_468,2023-05-22 13:00:00,565.33,Вклад,Apple Pay,0
user_194,2024-01-26 17:17:00,567.14,Дебетовая карта,карта,0
user_1341,2023-03-02 15:51:00,784.69,Страхование,карта,0
user_1497,2024-03-28 12:26:00,1050.3,Ипотека,карта,0
user_1146,2023-09-27 16:17:00,647.4,Кредит,карта,0
user_1428,2024-01-07 17:49:00,3217.14,Кредит,Apple Pay,0
user_503,2023-02-23 17:20:00,5407.46,Инвестиции,карта,1
user_556,2023-12-14 15:31:00,544.24,Кредит,криптовалюта,0
user_743,2023-09-24 11:34:00,5505.63,Дебетовая карта,Apple Pay,0
user_416,2024-02-05 09:10:00,513.05,Кредит,карта,0
user_467,2023-01-16 14:14:00,998.34,Дебетовая карта,карта,0
user_96,2023-09-26 09:06:00,53761.75,Дебетовая карта,карта,0
user_474,2023-04-11 16:03:00,2005.66,Кредит,Apple Pay,0
user_1095,2023-08-28 15:19:00,85664.92,Кредит,карта,0
user_736,2023-02-17 17:24:00,4380.65,Дебетовая карта,банковский перевод,0
user_859,2023-09-30 18:00:00,1696.87,Дебетовая карта,Google Pay,0
user_1849,2023-12-18 10:33:00,3133.95,Страхование,карта,0
user_13,2023-02-11 09:24:00,3841.67,Страхование,Apple Pay,1
user_1670,2023-09-02 12:15:00,1442.78,Кредит,криптовалюта,0
user_67,2023-03-24 15:24:00,11784.86,Дебетовая карта,криптовалюта,0
user_1025,2024-02-18 14:35:00,959.52,Инвестиции,криптовалюта,0
user_261,2024-03-11 20:29:00,9123.16,Вклад,Google Pay,0
user_956,2023-04-05 13:16:00,4486.47,Инвестиции,карта,0
user_1790,2023-08-10 10:24:00,846.71,Ипотека,Apple Pay,0
user_63,2023-02-05 20:00:00,518.84,Дебетовая карта,Google Pay,0
user_1014,2024-02-09 20:57:00,1147.08,Кредит,Google Pay,0
user_925,2023-07-25 18:56:00,839.72,Кредит,криптовалюта,0
user_903,2024-01-17 19:29:00,634.99,Кредит,Apple Pay,0
user_1248,2023-12-05 11:55:00,3868.28,Вклад,карта,0
user_653,2023-08-04 12:17:00,4352.72,Кредит,Apple Pay,0
user_1558,2024-01-25 11:40:00,81266.88,Ипотека,криптовалюта,0
user_477,2023-05-06 16:32:00,857.17,Вклад,Apple Pay,0
user_712,2023-10-09 11:54:00,5468.62,Ипотека,карта,0
user_937,2024-02-07 20:29:00,2140.54,Вклад,карта,0
user_1839,2023-03-22 15:04:00,5993.26,Кредит,Google Pay,1
user_1068,2023-11-18 12:11:00,723.89,Кредит,банковский перевод,0
user_1681,2024-01-04 16:05:00,6666.22,Страхование,карта,0
user_280,2024-02-02 16:16:00,1592.0,Кредит,Google Pay,0
user_165,2023-07-01 14:54:00,1982.14,Инвестиции,карта,0
user_1004,2023-09-10 18:01:00,1621.97,Кредит,карта,0
user_1806,2023-08-20 10:22:00,514.23,Вклад,карта,0
user_469,2023-09-08 19:16:00,39063.59,Дебетовая карта,Apple Pay,0
user_446,2023-04-22 19:32:00,1541.77,Вклад,криптовалюта,0
user_297,2023-11-27 20:02:00,1270.53,Страхование,Google Pay,0
user_1847,2023-10-02 09:55:00,3792.92,Кредит,Apple Pay,0
user_185,2023-07-20 14:11:00,1022.03,Ипотека,Apple Pay,0
user_1262,2023-10-14 15:56:00,5631.15,Вклад,криптовалюта,0
user_761,2023-01-02 17:57:00,662.76,Дебетовая карта,криптовалюта,0
user_824,2024-02-17 16:49:00,1560.05,Ипотека,Google Pay,0
user_1422,2023-01-19 09:41:00,4516.84,Инвестиции,Apple Pay,0
user_873,2023-04-28 17:44:00,862.16,Кредит,Google Pay,0
user_47,2023-10-31 19:13:00,6622.32,Кредит,карта,0
user_1126,2024-01-01 18:18:00,2372.55,Ипотека,карта,0
user_52,2023-04-03 16:53:00,5428.62,Вклад,банковский перевод,0
user_1688,2023-10-28 10:26:00,53369.71,Дебетовая карта,Apple Pay,0
user_1892,2023-06-29 16:35:00,2487.14,Кредит,Apple Pay,0
user_1674,2024-03-24 19:32:00,2616.83,Дебетовая карта,карта,0
user_828,2023-03-06 11:10:00,2379.3,Кредит,Apple Pay,0
user_830,2023-08-18 10:10:00,1835.07,Кредит,карта,0
user_1171,2023-03-10 17:16:00,3928.13,Дебетовая карта,карта,1
user_1699,2024-02-15 14:40:00,5439.12,Кредит,банковский перевод,0
user_1507,2023-08-29 19:07:00,2477.28,Вклад,криптовалюта,0
user_944,2023-11-28 15:26:00,5307.87,Вклад,банковский перевод,1
user_1623,2023-11-14 15:37:00,2341.47,Вклад,карта,0
user_836,2023-08-31 10:23:00,5505.99,Кредит,Apple Pay,0
user_1540,2024-03-17 10:13:00,1476.57,Кредит,карта,0
user_487,2023-11-16 10:02:00,1560.27,Страхование,карта,0
user_908,2023-12-15 11:13:00,2186.38,Вклад,карта,0
user_1656,2023-07-26 19:59:00,623.07,Кредит,Apple Pay,0
user_493,2023-04-30 12:31:00,6324.05,Страхование,карта,1
user_1241,2023-12-28 09:25:00,3183.04,Дебетовая карта,карта,0
user_561,2023-02-17 11:37:00,2192.04,Кредит,карта,0
user_863,2023-01-13 19:05:00,565.77,Страхование,карта,0
user_649,2024-01-10 14:33:00,3055.97,Дебетовая карта,криптовалюта,0
user_1325,2023-07-02 13:37:00,527.32,Дебетовая карта,карта,0
user_1511,2023-05-25 09:00:00,787.95,Инвестиции,Apple Pay,0
user_1723,2023-05-10 11:01:00,42883.36,Кредит,карта,0
user_712,2023-02-15 19:29:00,833.89,Вклад,карта,0
user_396,2023-06-30 20:35:00,1230.86,Кредит,карта,0
user_1862,2023-02-27 17:42:00,4052.06,Ипотека,банковский перевод,1
user_785,2023-05-02 17:08:00,24219.69,Дебетовая карта,криптовалюта,0
user_1305,2024-03-26 15:17:00,2984.93,Ипотека,криптовалюта,0
user_761,2024-02-16 15:53:00,4601.99,Дебетовая карта,карта,0
user_1669,2023-02-12 12:25:00,1322.66,Инвестиции,Apple Pay,0
user_153,2023-05-02 15:21:00,1467.79,Страхование,криптовалюта,0
user_80,2024-02-07 11:11:00,5248.07,Кредит,карта,0
user_669,2024-03-14 17:02:00,3238.25,Вклад,карта,0
user_830,2024-01-21 11:41:00,7106.37,Кредит,карта,0
user_1524,2023-01-13 12:51:00,1638.11,Кредит,криптовалюта,0
user_941,2023-01-12 14:23:00,1823.42,Дебетовая карта,карта,0
user_507,2023-04-14 10:23:00,3623.13,Страхование,карта,0
user_152,2023-06-16 10:42:00,1893.32,Кредит,Apple Pay,0
user_1622,2023-02-18 13:56:00,761.6,Вклад,карта,0
user_1018,2023-06-19 17:27:00,6558.08,Страхование,карта,0
user_1911,2023-10-18 18:28:00,4357.05,Дебетовая карта,карта,0
user_662,2023-10-25 14:18:00,652.28,Кредит,Apple Pay,0
user_448,2023-12-18 13:03:00,2948.82,Вклад,карта,0
user_543,2023-05-04 17:39:00,35588.1,Кредит,Apple Pay,0
user_820,2023-09-08 14:18:00,6022.6,Кредит,карта,0
user_283,2023-01-22 11:59:00,1695.18,Кредит,Apple Pay,0
user_263,2024-01-28 09:55:00,826.95,Кредит,Google Pay,0
user_1587,2023-12-19 10:25:00,3203.75,Вклад,Apple Pay,0
user_1385,2023-03-19 17:40:00,2320.27,Дебетовая карта,Apple Pay,0
user_1004,2023-04-10 18:17:00,1567.31,Ипотека,карта,0
user_965,2023-08-12 10:55:00,18833.76,Страхование,криптовалюта,0
user_994,2023-03-26 19:50:00,2948.77,Ипотека,Apple Pay,0
user_1178,2023-02-27 10:08:00,1608.19,Вклад,карта,0
user_572,2024-01-18 10:36:00,1157.45,Кредит,Apple Pay,0
user_1558,2024-02-03 12:33:00,6499.53,Кредит,карта,0
user_17,2023-02-06 20:36:00,665.73,Кредит,Google Pay,0
user_1553,2023-11-28 12:43:00,5374.42,Страхование,карта,0
user_1587,2023-10-13 10:34:00,824.23,Вклад,Apple Pay,0
user_1032,2023-02-19 17:55:00,707.0,Кредит,криптовалюта,0
user_591,2024-01-27 14:53:00,1875.5,Вклад,Apple Pay,0
user_1765,2024-03-28 14:19:00,2976.18,Кредит,карта,0
user_1638,2023-03-27 16:22:00,7780.83,Вклад,банковский перевод,0
user_1864,2023-09-18 20:04:00,1045.61,Дебетовая карта,Apple Pay,0
user_33,2023-05-14 15:43:00,519.27,Кредит,карта,0
user_1262,2024-02-25 19:27:00,600.42,Дебетовая карта,карта,0
user_15,2023-09-09 14:06:00,1559.64,Ипотека,карта,0
user_77,2023-11-15 18:46:00,1547.27,Вклад,карта,0
user_125,2023-06-13 18:13:00,1969.4,Дебетовая карта,карта,0
user_1552,2023-07-25 12:26:00,834.6,Дебетовая карта,Google Pay,1
user_1455,2024-02-25 14:45:00,5012.62,Дебетовая карта,карта,0
user_1784,2024-03-16 10:55:00,1867.53,Кредит,Apple Pay,0
user_1270,2023-02-21 16:27:00,707.56,Вклад,Google Pay,0
user_1114,2023-05-10 16:54:00,5161.97,Кредит,банковский перевод,0
user_364,2023-02-01 11:30:00,1566.71,Дебетовая карта,карта,0
user_1401,2023-02-18 12:24:00,2720.6,Кредит,карта,0
user_1822,2023-07-16 17:27:00,6770.29,Страхование,криптовалюта,0
user_713,2023-01-24 16:18:00,2278.23,Кредит,банковский перевод,0
user_1393,2023-01-05 18:25:00,521.43,Дебетовая карта,Google Pay,0
user_1005,2023-10-27 16:05:00,517.44,Дебетовая карта,карта,0
user_1043,2024-01-14 11:44:00,15740.54,Страхование,банковский перевод,0
user_1597,2023-11-26 10:06:00,1860.41,Ипотека,Apple Pay,1
user_583,2024-01-21 09:13:00,1533.78,Кредит,карта,0
user_1752,2024-03-27 10:36:00,613.92,Кредит,Google Pay,0
user_1971,2023-06-17 14:07:00,2021.45,Вклад,карта,0
user_231,2023-09-29 13:40:00,3251.29,Кредит,карта,0
user_1023,2023-12-26 14:01:00,10126.33,Кредит,Google Pay,0
user_35,2023-10-27 14:42:00,543.94,Кредит,Google Pay,0
user_677,2023-12-26 11:06:00,2781.53,Кредит,криптовалюта,0
user_748,2023-07-12 19:18:00,1998.33,Вклад,карта,0
user_1328,2023-07-16 18:48:00,1054.98,Дебетовая карта,карта,0
user_782,2023-12-17 20:48:00,1342.9,Дебетовая карта,Google Pay,0
user_725,2023-03-14 14:46:00,4130.89,Кредит,Google Pay,0
user_1547,2023-09-19 10:42:00,3033.27,Кредит,криптовалюта,0
user_1517,2023-03-20 12:58:00,1087.28,Инвестиции,Apple Pay,0
user_18,2024-03-20 09:22:00,2035.11,Дебетовая карта,карта,0
user_675,2023-05-25 15:49:00,922.18,Инвестиции,карта,0
user_1529,2024-01-12 10:44:00,3372.7,Ипотека,карта,0
user_206,2023-01-15 15:34:00,889.87,Дебетовая карта,Apple Pay,0
user_1073,2023-07-05 19:38:00,2944.33,Ипотека,карта,0
user_985,2024-03-19 14:24:00,1826.55,Кредит,Apple Pay,0
user_1396,2023-09-27 11:47:00,2385.59,Дебетовая карта,Apple Pay,0
user_1353,2023-05-18 10:28:00,4424.33,Вклад,карта,0
user_1019,2023-11-14 15:03:00,3395.54,Кредит,криптовалюта,0
user_827,2023-01-08 17:59:00,2034.67,Вклад,карта,0
user_1582,2023-04-06 20:29:00,526.28,Инвестиции,карта,0
user_765,2023-03-05 12:57:00,3208.51,Ипотека,карта,0
user_875,2023-05-27 19:37:00,4661.53,Дебетовая карта,карта,0
user_839,2024-01-03 14:06:00,5893.96,Страхование,криптовалюта,0
user_692,2023-08-10 20:59:00,2454.82,Вклад,Google Pay,0
user_1260,2023-07-06 10:12:00,632.01,Дебетовая карта,карта,0
user_1274,2023-06-24 20:31:00,1737.01,Дебетовая карта,карта,0
user_1799,2023-08-14 18:10:00,973.58,Вклад,карта,1
user_889,2023-05-09 17:23:00,904.94,Дебетовая карта,карта,0
user_1521,2023-09-28 18:44:00,4709.67,Страхование,карта,0
user_607,2023-08-30 09:51:00,537.61,Кредит,карта,0
user_1926,2023-02-09 09:12:00,1197.56,Страхование,Google Pay,0
user_1828,2023-05-11 18:33:00,819.92,Дебетовая карта,Google Pay,0
user_1183,2024-02-25 10:58:00,4019.81,Кредит,криптовалюта,0
user_1447,2023-08-08 16:01:00,8029.43,Инвестиции,карта,0
user_1160,2023-11-28 15:44:00,1360.64,Дебетовая карта,карта,0
user_394,2024-02-23 11:56:00,1647.92,Страхование,Apple Pay,1
user_1882,2023-08-08 12:42:00,970.9,Кредит,криптовалюта,0
user_1481,2023-01-02 17:54:00,4060.04,Кредит,карта,0
user_840,2023-04-05 15:47:00,4626.53,Инвестиции,карта,0
user_505,2023-09-22 20:48:00,2782.42,Дебетовая карта,Apple Pay,0
user_1338,2023-05-06 13:40:00,1149.25,Кредит,Apple Pay,0
user_863,2023-07-11 13:51:00,995.24,Дебетовая карта,Apple Pay,0
user_1657,2023-02-20 14:22:00,2923.35,Дебетовая карта,криптовалюта,0
user_435,2023-12-01 20:54:00,5736.82,Ипотека,криптовалюта,0
user_1042,2023-06-10 13:07:00,18878.55,Кредит,карта,0
user_227,2024-02-09 12:19:00,4708.52,Дебетовая карта,Apple Pay,0
user_1428,2023-06-21 20:59:00,3428.57,Дебетовая карта,карта,0
user_799,2023-05-19 16:14:00,1499.49,Кредит,Apple Pay,0
user_386,2023-07-29 17:30:00,2135.32,Вклад,Google Pay,0
user_1111,2024-02-24 15:46:00,4162.87,Кредит,карта,0
user_1143,2023-07-30 17:49:00,13527.7,Кредит,карта,0
user_605,2024-03-18 13:33:00,2631.23,Дебетовая карта,Apple Pay,0
user_1879,2023-11-19 19:06:00,1923.35,Дебетовая карта,карта,0
user_151,2023-01-17 10:07:00,2287.13,Ипотека,карта,0
user_666,2023-05-06 12:06:00,1856.44,Вклад,карта,1
user_500,2024-03-06 18:11:00,1866.67,Кредит,банковский перевод,0
user_1852,2023-06-30 13:50:00,1250.69,Кредит,Google Pay,0
user_492,2023-01-17 19:04:00,1805.52,Вклад,Google Pay,0
user_441,2023-08-28 15:12:00,2638.11,Кредит,Apple Pay,0
user_1182,2023-02-14 14:53:00,2532.9,Кредит,карта,0
user_522,2023-09-15 19:20:00,1764.58,Ипотека,банковский перевод,0
user_565,2023-10-11 19:23:00,2958.3,Страхование,карта,0
user_491,2024-03-23 19:35:00,1327.99,Дебетовая карта,Google Pay,0
user_1068,2023-08-10 11:11:00,869.62,Кредит,Apple Pay,0
user_1498,2024-02-05 13:55:00,1227.94,Страхование,карта,0
user_941,2023-06-15 12:34:00,77019.78,Вклад,карта,0
user_1780,2023-05-18 13:27:00,2593.41,Дебетовая карта,Apple Pay,0
user_533,2024-01-08 19:37:00,1480.45,Дебетовая карта,Google Pay,0
user_1690,2024-03-04 12:39:00,82907.0,Инвестиции,Google Pay,0
user_1483,2023-07-02 14:43:00,2313.93,Кредит,карта,1
user_148,2023-06-01 11:28:00,4946.79,Страхование,криптовалюта,0
user_1336,2023-02-11 15:42:00,4867.7,Инвестиции,Google Pay,0
user_1986,2023-03-11 13:16:00,5330.38,Дебетовая карта,Google Pay,0
user_1361,2023-02-26 10:28:00,2919.83,Ипотека,карта,0
user_517,2023-09-06 15:03:00,4662.42,Кредит,Apple Pay,0
user_868,2023-01-12 10:47:00,11691.46,Страхование,Apple Pay,0
user_1739,2023-10-21 14:01:00,3736.75,Дебетовая карта,карта,0
user_634,2023-01-12 13:51:00,686.38,Дебетовая карта,карта,0
user_952,2023-02-20 16:34:00,1041.05,Вклад,Apple Pay,0
user_1182,2024-03-14 12:16:00,5732.93,Вклад,Google Pay,1
user_1656,2023-10-02 13:10:00,1125.25,Дебетовая карта,карта,0
user_1919,2023-10-29 20:54:00,891.72,Дебетовая карта,криптовалюта,0
user_1410,2023-02-16 18:42:00,2408.08,Дебетовая карта,криптовалюта,0
user_868,2023-10-20 14:47:00,4340.26,Ипотека,Google Pay,0
user_821,2023-09-17 10:07:00,1714.62,Страхование,карта,1
user_1331,2023-11-26 13:34:00,2115.98,Дебетовая карта,Apple Pay,0
user_148,2024-01-02 12:53:00,1379.18,Дебетовая карта,банковский перевод,0
user_885,2023-04-19 14:17:00,3491.52,Инвестиции,карта,0
user_712,2023-11-15 10:20:00,1947.66,Страхование,карта,0
user_1866,2023-05-05 17:04:00,1542.98,Вклад,Apple Pay,0
user_1711,2023-10-21 17:43:00,92383.88,Страхование,карта,1
user_530,2023-08-22 16:07:00,3624.97,Кредит,Google Pay,0
user_1311,2023-09-09 17:14:00,750.62,Кредит,криптовалюта,0
user_917,2023-03-22 12:29:00,644.8,Дебетовая карта,карта,0
user_1661,2023-01-22 20:39:00,7609.18,Дебетовая карта,Google Pay,0
user_988,2023-12-13 19:35:00,1653.21,Страхование,Google Pay,0
user_1283,2023-12-17 16:46:00,1020.42,Страхование,Apple Pay,0
user_1458,2023-01-30 18:25:00,5272.61,Инвестиции,карта,0
user_1647,2023-08-06 12:24:00,822.35,Кредит,Google Pay,0
user_1443,2023-08-04 13:57:00,2993.13,Страхование,Google Pay,0
user_594,2023-08-21 18:57:00,2520.0,Ипотека,карта,0
user_1479,2023-10-05 13:42:00,6259.8,Кредит,криптовалюта,0
user_633,2023-01-06 17:00:00,1203.33,Кредит,карта,0
user_1466,2023-07-27 12:51:00,1061.76,Инвестиции,Google Pay,0
user_1899,2023-10-21 16:39:00,56945.76,Кредит,Apple Pay,0
user_940,2023-12-02 10:00:00,742.41,Страхование,Google Pay,0
user_1785,2024-02-29 15:40:00,1502.01,Дебетовая карта,карта,0
user_312,2023-06-15 19:03:00,4302.59,Дебетовая карта,Apple Pay,0
user_851,2023-07-20 16:27:00,6044.36,Ипотека,карта,0
user_1741,2024-02-27 09:43:00,618.72,Дебетовая карта,карта,0
user_1461,2024-02-05 09:38:00,3418.25,Дебетовая карта,карта,0
user_650,2023-01-26 16:20:00,1732.72,Кредит,Apple Pay,0
user_1002,2024-01-14 11:22:00,618.27,Кредит,Google Pay,0
user_221,2023-01-13 17:02:00,2190.92,Дебетовая карта,карта,0
user_1633,2023-11-01 13:56:00,567.51,Вклад,карта,0
user_258,2023-03-02 16:11:00,3606.77,Кредит,банковский перевод,0
user_1129,2023-01-21 19:52:00,672.34,Дебетовая карта,карта,0
user_990,2024-03-28 11:48:00,1860.81,Дебетовая карта,карта,0
user_1236,2023-08-12 11:23:00,2261.61,Страхование,криптовалюта,0
user_852,2023-03-22 16:34:00,2245.18,Кредит,карта,1
user_172,2023-03-20 18:33:00,1324.91,Инвестиции,карта,0
user_1328,2023-10-27 10:48:00,4457.29,Ипотека,карта,0
user_1790,2023-06-15 14:09:00,8651.92,Кредит,Google Pay,0
user_1224,2024-03-25 15:47:00,571.05,Дебетовая карта,Google Pay,0
user_88,2023-10-06 09:41:00,651.27,Страхование,карта,0
user_215,2023-06-15 16:33:00,621.28,Кредит,Apple Pay,0
user_550,2023-12-24 11:58:00,559.18,Инвестиции,карта,1
user_594,2023-07-03 17:37:00,2781.33,Ипотека,карта,0
user_246,2023-09-15 15:36:00,2585.21,Вклад,Google Pay,0
user_1793,2024-01-27 12:15:00,64963.23,Кредит,криптовалюта,0
user_1475,2024-03-25 20:23:00,90233.3,Кредит,Google Pay,0
user_1534,2023-05-27 17:55:00,6599.05,Дебетовая карта,Google Pay,0
user_1927,2024-03-07 11:12:00,30128.93,Кредит,Apple Pay,0
user_1742,2023-08-19 11:55:00,843.33,Страхование,карта,0
user_343,2023-06-10 12:58:00,523.38,Дебетовая карта,Apple Pay,0
user_44,2024-01-22 20:30:00,5958.5,Вклад,Apple Pay,0
user_1459,2023-12-27 14:04:00,3485.09,Вклад,Google Pay,0
user_1825,2023-10-29 09:11:00,2284.21,Кредит,Google Pay,0
user_1403,2023-05-15 16:46:00,2676.56,Страхование,карта,0
user_1723,2023-03-22 17:42:00,633.32,Инвестиции,Apple Pay,0
user_1218,2023-09-29 16:24:00,3239.08,Дебетовая карта,Google Pay,0
user_905,2023-03-05 10:06:00,1923.4,Вклад,карта,0
user_261,2023-08-07 16:08:00,1316.84,Кредит,карта,0
user_1348,2023-02-25 17:37:00,1566.83,Вклад,карта,0
user_584,2024-02-29 20:59:00,1057.06,Ипотека,Apple Pay,0
user_544,2023-02-25 13:28:00,10096.96,Страхование,Google Pay,0
user_1752,2023-12-03 20:49:00,3113.58,Кредит,карта,0
user_1318,2024-03-02 09:01:00,2272.69,Дебетовая карта,Google Pay,0
user_890,2023-07-07 18:19:00,641.06,Ипотека,банковский перевод,0
user_1598,2023-04-19 11:44:00,655.94,Вклад,карта,0
user_1467,2023-12-25 13:03:00,6070.7,Дебетовая карта,Apple Pay,0
user_968,2023-04-13 12:28:00,4457.47,Вклад,карта,0
user_1956,2023-06-24 11:59:00,896.28,Кредит,карта,0
user_57,2023-07-13 11:23:00,1283.72,Ипотека,Apple Pay,0
user_987,2023-12-05 20:26:00,3188.01,Дебетовая карта,карта,0
user_833,2023-09-04 12:41:00,3010.65,Кредит,Apple Pay,1
user_245,2023-11-09 11:32:00,1595.02,Кредит,Apple Pay,0
user_1450,2024-03-29 11:29:00,2385.71,Кредит,карта,1
user_201,2023-11-02 09:31:00,3259.41,Вклад,карта,0
user_1408,2023-10-05 15:19:00,4989.98,Вклад,криптовалюта,0
user_1509,2024-01-02 12:30:00,906.15,Вклад,банковский перевод,0
user_973,2023-05-25 19:27:00,1518.1,Дебетовая карта,карта,0
user_489,2023-06-25 12:32:00,3207.9,Страхование,криптовалюта,0
user_1972,2023-12-21 16:10:00,787.36,Инвестиции,криптовалюта,0
user_1411,2023-01-10 10:53:00,17973.71,Вклад,карта,0
user_235,2023-02-17 11:24:00,8131.49,Вклад,карта,0
user_1474,2023-03-26 10:11:00,2737.59,Кредит,карта,0
user_317,2023-01-12 15:17:00,1334.41,Инвестиции,карта,0
user_1247,2023-05-12 20:55:00,3055.31,Кредит,карта,0
user_517,2023-01-05 19:03:00,11269.3,Инвестиции,карта,0
user_1270,2023-09-25 15:37:00,699.17,Дебетовая карта,Apple Pay,0
user_1608,2023-08-15 17:06:00,2481.06,Кредит,карта,0
user_1568,2023-07-24 19:33:00,2489.86,Кредит,карта,0
user_1526,2023-11-03 09:29:00,1052.44,Ипотека,криптовалюта,0
user_1415,2023-02-15 15:20:00,3212.92,Вклад,Apple Pay,0
user_1546,2023-12-29 18:05:00,1003.69,Дебетовая карта,Google Pay,0
user_1805,2023-06-19 20:00:00,2852.99,Ипотека,карта,0
user_1760,2023-02-21 20:27:00,750.08,Дебетовая карта,Apple Pay,1
user_1545,2023-10-09 11:24:00,7001.58,Инвестиции,карта,0
user_886,2023-10-30 12:50:00,6898.13,Инвестиции,карта,0
user_587,2024-02-26 16:15:00,9545.79,Страхование,Apple Pay,0
user_638,2023-04-12 09:46:00,922.78,Кредит,карта,0
user_1226,2024-02-13 20:58:00,7090.47,Ипотека,Apple Pay,0
user_1201,2023-03-15 17:15:00,4154.24,Вклад,Apple Pay,0
user_855,2023-03-21 15:40:00,820.28,Дебетовая карта,карта,0
user_820,2023-12-03 14:07:00,1285.64,Страхование,карта,0
user_1451,2023-02-01 09:46:00,3377.95,Кредит,карта,0
user_1048,2023-09-15 13:47:00,550.03,Кредит,криптовалюта,0
user_38,2023-06-12 12:48:00,634.86,Вклад,банковский перевод,0
user_281,2023-09-23 17:48:00,599.73,Вклад,карта,0
user_663,2023-05-23 09:39:00,7560.98,Дебетовая карта,карта,0
user_793,2023-06-02 20:18:00,638.94,Вклад,карта,0
user_1466,2023-12-29 17:42:00,1116.27,Ипотека,Apple Pay,0
user_946,2023-10-31 09:49:00,696.18,Кредит,карта,0
user_854,2023-05-03 15:15:00,6020.27,Дебетовая карта,банковский перевод,0
user_175,2023-04-14 13:25:00,3257.56,Кредит,карта,0
user_123,2024-02-18 13:56:00,1765.19,Ипотека,карта,1
user_1989,2023-10-31 16:57:00,4758.53,Кредит,карта,0
user_1723,2024-03-27 14:23:00,2707.84,Дебетовая карта,карта,0
user_76,2023-10-18 11:10:00,4079.72,Ипотека,карта,0
user_908,2023-05-23 15:59:00,2139.59,Вклад,карта,0
user_1840,2023-11-28 12:45:00,3110.67,Кредит,криптовалюта,0
user_1425,2023-08-23 20:36:00,78222.23,Ипотека,Apple Pay,1
user_161,2024-03-25 18:30:00,1211.98,Кредит,Apple Pay,0
user_859,2023-12-23 19:12:00,2526.71,Дебетовая карта,карта,0
user_1719,2023-12-02 20:31:00,1585.49,Кредит,карта,0
user_599,2023-07-26 09:44:00,1163.72,Вклад,банковский перевод,0
user_1097,2024-03-20 16:57:00,1533.46,Кредит,карта,0
user_646,2023-03-03 15:46:00,2019.8,Инвестиции,Google Pay,0
user_393,2023-06-06 19:06:00,8969.88,Вклад,криптовалюта,0
user_1720,2024-01-28 09:05:00,5511.44,Дебетовая карта,Apple Pay,0
user_463,2024-01-01 20:24:00,2668.17,Инвестиции,карта,1
user_1167,2023-04-11 15:17:00,9045.28,Страхование,карта,0
user_704,2023-05-18 09:36:00,887.51,Дебетовая карта,карта,0
user_1227,2023-03-14 18:12:00,556.15,Дебетовая карта,карта,0
user_1589,2024-02-11 17:29:00,1063.15,Дебетовая карта,Apple Pay,0
user_1106,2023-07-12 12:04:00,3421.2,Дебетовая карта,криптовалюта,0
user_295,2023-02-04 15:51:00,5145.37,Инвестиции,Google Pay,0
user_575,2023-11-12 19:44:00,3231.97,Кредит,карта,0
user_485,2023-06-10 20:12:00,507.01,Дебетовая карта,карта,0
user_1378,2023-05-05 17:02:00,7988.16,Страхование,карта,0
user_1386,2023-12-11 12:43:00,1375.18,Ипотека,криптовалюта,0
user_287,2023-12-03 09:19:00,5680.34,Кредит,карта,0
user_1228,2024-03-23 20:32:00,1335.48,Кредит,Apple Pay,0
user_929,2023-07-13 16:43:00,7533.15,Инвестиции,банковский перевод,0
user_842,2023-01-21 12:00:00,63149.35,Ипотека,банковский перевод,0
user_1717,2023-08-19 10:53:00,1643.34,Страхование,карта,0
user_122,2023-06-27 19:56:00,996.35,Вклад,банковский перевод,0
user_1453,2023-05-04 17:02:00,740.94,Кредит,карта,0
user_1117,2024-03-30 18:40:00,1027.33,Ипотека,Google Pay,0
user_518,2023-09-22 10:15:00,1847.24,Страхование,карта,0
user_459,2023-11-12 11:38:00,6335.14,Вклад,карта,0
user_328,2024-01-14 19:03:00,7124.45,Инвестиции,Google Pay,0
user_1225,2023-09-05 10:14:00,7679.44,Инвестиции,карта,0
user_1311,2024-02-05 17:40:00,598.85,Кредит,банковский перевод,0
user_550,2023-12-09 10:30:00,893.15,Кредит,карта,0
user_764,2023-04-15 10:54:00,7217.66,Кредит,карта,0
user_1961,2023-07-08 11:50:00,36230.52,Ипотека,Apple Pay,0
user_1411,2023-11-18 12:49:00,4075.27,Дебетовая карта,Google Pay,0
user_1182,2023-11-29 12:15:00,8709.58,Вклад,карта,0
user_239,2023-03-20 12:17:00,5737.38,Дебетовая карта,Apple Pay,0
user_1143,2023-06-03 11:08:00,4154.37,Дебетовая карта,карта,0
user_787,2023-11-20 13:06:00,4216.22,Дебетовая карта,карта,0
user_1674,2023-11-26 11:24:00,916.64,Ипотека,карта,0
user_385,2024-01-18 12:11:00,532.38,Дебетовая карта,карта,1
user_1987,2023-11-15 09:30:00,5639.79,Инвестиции,карта,0
user_1883,2024-01-08 14:09:00,884.29,Кредит,Apple Pay,0
user_1559,2023-12-29 17:22:00,2357.8,Дебетовая карта,карта,0
user_1002,2023-03-10 15:46:00,1016.94,Кредит,карта,0
user_1188,2023-01-15 14:20:00,2749.08,Кредит,карта,0
user_1813,2023-06-14 11:39:00,921.32,Вклад,Google Pay,1
user_1728,2024-02-08 10:01:00,9320.09,Кредит,Google Pay,0
user_1619,2023-06-28 17:04:00,3052.52,Дебетовая карта,Apple Pay,0
user_363,2023-12-11 17:19:00,2672.45,Кредит,Apple Pay,1
user_816,2023-05-31 12:42:00,693.6,Ипотека,карта,0
user_1529,2023-03-16 13:16:00,82855.45,Кредит,карта,0
user_249,2023-06-20 19:01:00,1331.66,Страхование,Google Pay,0
user_1360,2023-01-20 13:27:00,1572.19,Инвестиции,карта,0
user_717,2024-03-28 12:33:00,7953.93,Ипотека,Google Pay,0
user_1127,2023-11-13 17:20:00,742.57,Вклад,Apple Pay,0
user_1837,2024-01-23 13:25:00,6955.86,Вклад,карта,0
user_1734,2023-01-27 20:54:00,4837.19,Вклад,криптовалюта,0
user_736,2023-04-22 15:50:00,5007.76,Страхование,криптовалюта,0
user_1420,2023-02-01 17:45:00,6419.29,Инвестиции,карта,0
user_22,2023-10-20 18:13:00,2698.08,Дебетовая карта,Google Pay,0
user_1434,2023-07-29 16:58:00,3896.38,Страхование,криптовалюта,0
user_276,2023-01-27 11:19:00,8291.04,Ипотека,Apple Pay,0
user_1820,2024-01-20 18:50:00,588.7,Кредит,криптовалюта,0
user_596,2023-10-21 15:24:00,7999.02,Вклад,карта,0
user_1399,2023-09-03 10:06:00,2117.4,Кредит,криптовалюта,0
user_1333,2023-02-02 10:19:00,980.4,Дебетовая карта,Apple Pay,0
user_511,2023-07-12 20:55:00,1931.78,Страхование,карта,0
user_1677,2023-12-17 11:31:00,1009.42,Дебетовая карта,карта,0
user_368,2023-08-05 16:03:00,86914.44,Кредит,Google Pay,0
user_1801,2023-01-29 12:04:00,1348.94,Инвестиции,карта,0
user_1027,2023-06-19 13:57:00,90930.27,Кредит,карта,0
user_934,2023-11-04 11:35:00,763.64,Дебетовая карта,карта,0
user_470,2023-02-15 20:03:00,18616.09,Кредит,карта,0
user_18,2023-04-13 15:41:00,7154.12,Ипотека,карта,0
user_1400,2023-08-25 20:11:00,3305.71,Дебетовая карта,Apple Pay,0
user_1465,2024-03-30 11:43:00,6722.43,Инвестиции,Apple Pay,0
user_1686,2023-05-26 17:00:00,1856.29,Дебетовая карта,карта,0
user_1929,2023-11-24 18:20:00,82281.47,Дебетовая карта,Google Pay,0
user_584,2023-12-18 15:19:00,10362.79,Кредит,карта,1
user_1135,2023-09-23 15:20:00,2212.46,Дебетовая карта,криптовалюта,0
user_1827,2023-05-30 14:01:00,2118.54,Инвестиции,банковский перевод,0
user_1135,2023-09-19 16:32:00,18348.01,Вклад,криптовалюта,0
user_1494,2023-11-25 14:20:00,4801.86,Кредит,карта,0
user_1428,2024-01-01 11:00:00,595.65,Дебетовая карта,криптовалюта,0
user_1977,2023-05-01 17:20:00,918.74,Дебетовая карта,Google Pay,0
user_682,2023-03-18 14:11:00,1031.05,Вклад,карта,0
user_398,2023-12-10 10:11:00,1371.75,Страхование,банковский перевод,0
user_1832,2023-12-22 17:14:00,5815.88,Вклад,карта,0
user_924,2024-03-14 09:10:00,2541.49,Инвестиции,Apple Pay,0
user_388,2023-04-14 15:30:00,4912.91,Вклад,карта,0
user_1281,2023-06-14 11:36:00,5984.76,Дебетовая карта,карта,0
user_1704,2023-07-03 19:04:00,1210.92,Дебетовая карта,Google Pay,0
user_1526,2024-02-08 18:26:00,1792.09,Инвестиции,Apple Pay,0
user_673,2023-11-15 18:53:00,3348.54,Кредит,Google Pay,0
user_1824,2023-08-21 09:46:00,3420.68,Кредит,карта,0
user_81,2023-03-12 19:49:00,563.39,Страхование,криптовалюта,0
user_1783,2023-11-20 13:03:00,1588.49,Дебетовая карта,карта,0
user_367,2023-07-15 11:58:00,1188.05,Кредит,карта,0
user_473,2023-12-24 11:01:00,782.11,Инвестиции,карта,0
user_629,2024-02-23 15:43:00,2748.05,Кредит,карта,0
user_845,2023-10-05 12:49:00,71778.77,Страхование,Google Pay,0
user_96,2023-04-11 18:58:00,2862.47,Дебетовая карта,карта,0
user_1437,2023-02-03 18:40:00,2474.09,Страхование,карта,0
user_263,2023-12-15 18:56:00,1526.45,Страхование,карта,0
user_265,2023-02-17 12:29:00,1326.81,Кредит,карта,1
user_10,2024-02-08 16:36:00,746.83,Инвестиции,Apple Pay,0
user_1919,2023-06-05 10:22:00,610.56,Вклад,банковский перевод,0
user_97,2023-08-06 10:09:00,1812.03,Инвестиции,криптовалюта,0
user_1494,2023-12-19 11:14:00,1608.8,Кредит,криптовалюта,0
user_1268,2023-02-16 14:02:00,1797.91,Страхование,Apple Pay,0
user_1658,2023-08-23 09:05:00,2335.49,Ипотека,банковский перевод,0
user_901,2024-03-19 14:17:00,2336.62,Страхование,карта,0
user_1815,2023-03-11 14:13:00,80748.31,Ипотека,карта,0
user_944,2023-04-12 13:08:00,5225.15,Дебетовая карта,криптовалюта,0
user_356,2023-08-11 13:26:00,3130.29,Страхование,Google Pay,0
user_1805,2023-12-22 09:16:00,848.66,Вклад,карта,0
user_845,2023-06-09 13:02:00,1905.34,Дебетовая карта,карта,0
user_13,2023-04-26 12:54:00,1365.16,Вклад,карта,0
user_1304,2023-02-08 14:10:00,1099.26,Дебетовая карта,карта,0
user_642,2024-03-19 15:19:00,5442.37,Ипотека,Google Pay,0
user_1645,2024-02-26 16:11:00,1386.09,Страхование,карта,0
user_307,2023-11-21 17:30:00,729.38,Инвестиции,карта,0
user_1477,2023-01-20 17:20:00,78334.95,Вклад,карта,0
user_1661,2023-02-17 13:29:00,2161.34,Инвестиции,Google Pay,0
user_244,2023-02-19 11:38:00,11894.48,Дебетовая карта,Apple Pay,0
user_1170,2023-11-02 10:14:00,677.33,Вклад,карта,0
user_1292,2023-12-31 10:35:00,4714.72,Дебетовая карта,карта,0
user_1844,2023-07-09 17:02:00,4435.12,Вклад,карта,0
user_589,2023-03-16 18:19:00,1291.13,Кредит,Apple Pay,0
user_974,2023-06-21 17:28:00,1395.11,Страхование,карта,0
user_813,2023-07-26 09:37:00,5888.46,Дебетовая карта,Apple Pay,0
user_748,2023-03-05 13:21:00,2837.54,Ипотека,карта,0
user_1989,2023-11-02 17:38:00,13123.55,Инвестиции,криптовалюта,0
user_1312,2023-10-08 12:20:00,4156.41,Вклад,Google Pay,0
user_315,2024-02-06 17:43:00,8157.48,Кредит,Apple Pay,0
user_1729,2024-01-31 09:00:00,3121.63,Вклад,карта,0
user_209,2023-01-18 14:42:00,2698.43,Страхование,карта,0
user_1754,2024-03-08 16:44:00,3782.57,Дебетовая карта,карта,0
user_819,2024-02-25 11:40:00,1938.59,Вклад,карта,0
user_1353,2023-10-30 11:28:00,3410.63,Инвестиции,карта,0
user_1729,2023-01-20 14:31:00,901.23,Кредит,Apple Pay,0
user_1744,2023-06-21 14:38:00,3773.56,Дебетовая карта,криптовалюта,0
user_325,2024-03-02 13:42:00,1661.45,Инвестиции,карта,0
user_811,2023-07-19 19:33:00,1358.06,Дебетовая карта,криптовалюта,0
user_160,2023-12-11 12:39:00,1214.91,Инвестиции,карта,0
user_1287,2023-04-26 15:11:00,2500.5,Вклад,карта,0
user_838,2023-09-21 11:30:00,8179.29,Дебетовая карта,карта,0
user_1997,2023-08-09 19:06:00,1330.3,Ипотека,карта,0
user_1265,2023-04-17 17:54:00,2190.6,Кредит,Apple Pay,0
user_878,2024-01-03 15:16:00,3443.21,Дебетовая карта,карта,0
user_310,2023-07-19 19:12:00,1576.5,Кредит,карта,0
user_575,2024-03-24 12:28:00,548.37,Ипотека,Google Pay,0
user_1610,2023-09-23 12:09:00,1379.96,Кредит,карта,0
user_287,2023-05-22 09:38:00,2448.37,Кредит,карта,0
user_1692,2023-04-28 14:18:00,1792.5,Кредит,Google Pay,0
user_1205,2023-04-02 20:20:00,732.29,Вклад,карта,0
user_1046,2023-09-22 13:24:00,2589.98,Кредит,Google Pay,0
user_954,2023-04-24 20:36:00,6458.49,Дебетовая карта,Apple Pay,0
user_61,2023-06-17 15:57:00,4474.31,Дебетовая карта,Google Pay,0
user_453,2023-10-10 20:39:00,872.69,Вклад,карта,0
user_1033,2023-11-10 13:31:00,16606.62,Вклад,криптовалюта,0
user_971,2023-10-02 18:44:00,711.8,Вклад,карта,0
user_429,2023-05-28 14:22:00,8249.54,Вклад,Apple Pay,0
user_1606,2024-03-24 11:34:00,533.63,Инвестиции,Google Pay,0
user_893,2023-04-27 10:08:00,658.04,Вклад,криптовалюта,1
user_776,2023-01-10 19:50:00,1672.58,Страхование,Apple Pay,0
user_1520,2023-01-01 12:25:00,1342.34,Дебетовая карта,Apple Pay,0
user_298,2023-03-12 13:55:00,758.52,Ипотека,банковский перевод,0
user_109,2023-06-26 15:50:00,3880.18,Инвестиции,карта,0
user_646,2023-01-01 18:27:00,3032.91,Вклад,Apple Pay,0
user_1,2023-10-29 20:41:00,2699.38,Дебетовая карта,Apple Pay,0
user_743,2023-05-18 18:14:00,915.06,Кредит,карта,0
user_267,2023-06-25 16:27:00,1202.99,Ипотека,карта,0
user_1320,2024-01-23 11:38:00,1061.65,Кредит,Apple Pay,0
user_91,2023-04-19 16:56:00,666.0,Дебетовая карта,карта,0
user_413,2024-03-18 18:38:00,1755.36,Дебетовая карта,криптовалюта,0
user_521,2023-07-26 12:02:00,1668.29,Дебетовая карта,Apple Pay,0
user_1193,2023-08-20 17:50:00,530.14,Дебетовая карта,Apple Pay,0
user_809,2024-03-07 11:55:00,5728.4,Вклад,карта,0
user_1537,2023-05-07 17:44:00,6838.24,Кредит,банковский перевод,0
user_1560,2023-10-22 14:07:00,658.8,Кредит,банковский перевод,0
user_771,2023-08-16 10:37:00,8229.54,Вклад,Apple Pay,0
user_61,2023-05-01 11:33:00,13987.7,Страхование,карта,0
user_1921,2023-04-24 19:05:00,3738.66,Вклад,Apple Pay,0
user_702,2024-02-01 18:18:00,949.98,Ипотека,карта,0
user_1076,2023-09-16 13:14:00,6816.41,Кредит,карта,0
user_1859,2023-05-22 13:31:00,502.74,Дебетовая карта,карта,0
user_1305,2023-09-21 18:34:00,2546.54,Дебетовая карта,карта,0
user_1153,2023-12-23 20:53:00,6047.5,Кредит,банковский перевод,1
user_680,2023-07-05 15:48:00,3865.09,Инвестиции,Google Pay,0
user_1654,2023-10-27 10:57:00,653.87,Кредит,Google Pay,0
user_390,2023-12-16 17:59:00,8261.44,Дебетовая карта,Google Pay,0
user_968,2023-03-18 19:19:00,5072.01,Кредит,карта,0
user_700,2024-01-05 09:33:00,1526.33,Дебетовая карта,банковский перевод,0
user_195,2023-02-20 20:29:00,1565.88,Страхование,Apple Pay,0
user_555,2024-01-24 17:28:00,1044.67,Страхование,карта,0
user_374,2023-03-27 14:19:00,3424.7,Страхование,Apple Pay,0
user_182,2023-04-26 13:13:00,1986.66,Кредит,Apple Pay,0
user_1517,2024-01-18 19:11:00,1399.42,Кредит,Apple Pay,0
user_1423,2023-04-07 09:25:00,33894.93,Страхование,карта,0
user_1729,2023-10-11 12:31:00,1198.71,Кредит,Apple Pay,0
user_61,2023-06-02 09:14:00,2352.49,Дебетовая карта,карта,0
user_936,2023-12-14 19:25:00,1526.86,Инвестиции,Google Pay,0
user_1322,2023-09-22 15:18:00,692.79,Дебетовая карта,Apple Pay,0
user_985,2023-11-02 13:03:00,868.07,Дебетовая карта,Apple Pay,0
user_52,2023-06-25 11:28:00,575.23,Ипотека,Apple Pay,0
user_901,2023-07-30 14:10:00,785.52,Ипотека,банковский перевод,0
user_249,2024-03-06 10:17:00,909.51,Кредит,карта,0
user_37,2023-05-28 14:25:00,5231.26,Инвестиции,карта,0
user_1462,2024-03-25 19:03:00,580.88,Дебетовая карта,Apple Pay,0
user_192,2023-09-28 15:55:00,1116.53,Страхование,Apple Pay,0
user_598,2023-06-05 14:55:00,77364.5,Дебетовая карта,Google Pay,0
user_1984,2023-08-03 16:18:00,3490.65,Ипотека,банковский перевод,0
user_1897,2023-12-23 09:58:00,5131.04,Страхование,карта,0
user_85,2023-03-20 15:04:00,3565.22,Дебетовая карта,Google Pay,0
user_803,2023-02-13 17:47:00,1998.34,Дебетовая карта,карта,0
user_698,2023-06-08 09:01:00,500.31,Кредит,Google Pay,0
user_1244,2024-03-01 18:23:00,532.55,Кредит,карта,0
user_1382,2023-04-26 17:53:00,21483.93,Дебетовая карта,карта,0
user_151,2023-10-27 18:51:00,9397.08,Дебетовая карта,банковский перевод,0
user_850,2023-05-19 17:14:00,1669.79,Вклад,Apple Pay,0
user_560,2023-04-12 20:19:00,6764.93,Вклад,Apple Pay,0
user_1966,2024-01-08 13:55:00,4401.38,Кредит,Apple Pay,0
user_584,2023-05-07 09:27:00,6560.5,Кредит,карта,0
user_66,2023-09-30 13:15:00,1993.53,Кредит,карта,0
user_1249,2024-01-12 13:42:00,2580.03,Дебетовая карта,карта,0
user_1750,2023-02-11 19:44:00,2002.14,Дебетовая карта,Google Pay,0
user_1644,2023-03-18 15:44:00,610.16,Кредит,Google Pay,0
user_270,2023-12-27 14:06:00,1830.98,Кредит,карта,0
user_1486,2023-01-28 20:06:00,5551.65,Кредит,карта,1
user_410,2023-06-08 19:57:00,8624.56,Дебетовая карта,криптовалюта,0
user_290,2023-08-03 17:30:00,2653.2,Ипотека,карта,0
user_1057,2023-02-19 14:46:00,3221.54,Ипотека,карта,0
user_1611,2023-10-12 15:49:00,3363.89,Дебетовая карта,карта,1
user_1743,2023-03-27 15:11:00,1393.17,Вклад,карта,0
user_1237,2023-01-29 20:46:00,2813.21,Вклад,Apple Pay,0
user_829,2024-03-30 14:34:00,98225.83,Дебетовая карта,карта,0
user_1173,2023-01-28 11:05:00,727.68,Инвестиции,Google Pay,0
user_588,2023-06-04 13:12:00,8142.01,Кредит,карта,0
user_271,2023-12-20 16:26:00,4886.25,Дебетовая карта,карта,0
user_804,2023-07-02 15:22:00,1296.81,Ипотека,Google Pay,0
user_339,2023-12-18 18:11:00,720.93,Дебетовая карта,карта,0
user_189,2024-03-14 14:11:00,864.51,Дебетовая карта,Google Pay,0
user_1495,2024-01-22 13:08:00,2920.67,Инвестиции,карта,0
user_1677,2023-09-02 13:14:00,2543.5,Дебетовая карта,карта,0
user_1499,2023-11-27 13:31:00,6525.96,Ипотека,карта,0
user_1831,2023-01-26 13:02:00,703.31,Кредит,Google Pay,0
user_970,2023-05-09 18:55:00,967.39,Вклад,карта,0
user_1352,2023-06-04 17:42:00,5620.2,Кредит,банковский перевод,0
user_406,2023-12-22 09:17:00,2629.97,Дебетовая карта,Apple Pay,0
user_890,2023-11-02 12:39:00,557.45,Кредит,Google Pay,0
user_202,2024-02-13 18:29:00,1218.47,Вклад,Apple Pay,0
user_1229,2023-04-04 12:33:00,1899.47,Вклад,банковский перевод,0
user_873,2023-12-05 19:50:00,752.51,Дебетовая карта,карта,0
user_1104,2023-04-11 10:07:00,1039.24,Ипотека,карта,0
user_1709,2023-04-10 13:02:00,7144.03,Инвестиции,криптовалюта,0
user_104,2024-03-15 13:09:00,1842.75,Страхование,карта,0
user_891,2023-08-31 10:51:00,2946.05,Страхование,Apple Pay,0
user_789,2024-03-29 19:23:00,2916.68,Кредит,криптовалюта,0
user_1481,2023-10-17 10:02:00,1285.73,Дебетовая карта,банковский перевод,0
user_1314,2023-09-12 17:00:00,3824.58,Кредит,Google Pay,0
user_1442,2024-03-28 14:37:00,3899.73,Дебетовая карта,карта,0
user_1696,2023-01-17 19:33:00,1876.62,Кредит,Apple Pay,0
user_596,2023-08-07 16:49:00,4272.93,Дебетовая карта,Apple Pay,1
user_718,2023-01-02 09:30:00,810.3,Вклад,карта,0
user_694,2023-12-21 20:05:00,1059.34,Кредит,Apple Pay,0
user_1639,2023-07-01 18:57:00,976.94,Кредит,криптовалюта,0
user_930,2023-04-27 20:48:00,95022.13,Страхование,Apple Pay,0
user_1514,2023-04-20 18:34:00,1184.64,Кредит,карта,0
user_491,2024-01-20 18:12:00,909.62,Дебетовая карта,Google Pay,0
user_1859,2023-11-19 14:45:00,1399.06,Инвестиции,карта,0
user_968,2023-03-04 12:13:00,3038.45,Дебетовая карта,Apple Pay,0
user_1979,2024-02-22 13:14:00,629.05,Кредит,Apple Pay,1
user_894,2023-12-01 16:38:00,726.01,Страхование,Apple Pay,0
user_84,2024-02-07 19:21:00,2307.49,Страхование,карта,0
user_527,2024-03-13 15:53:00,727.06,Вклад,карта,0
user_875,2023-11-11 09:55:00,2448.56,Дебетовая карта,карта,0
user_266,2023-09-20 14:20:00,4861.86,Страхование,Apple Pay,0
user_1548,2023-10-02 20:08:00,2266.74,Дебетовая карта,банковский перевод,0
user_698,2023-04-13 09:11:00,7011.8,Дебетовая карта,карта,0
user_1647,2023-01-10 11:28:00,903.38,Вклад,Apple Pay,0
user_1929,2024-01-12 15:13:00,993.43,Кредит,Google Pay,0
user_166,2023-02-09 19:10:00,1272.32,Вклад,Apple Pay,0
user_558,2023-12-16 12:37:00,3197.16,Инвестиции,криптовалюта,0
user_1214,2024-02-10 19:05:00,2694.38,Дебетовая карта,криптовалюта,1
user_1731,2023-08-21 14:52:00,2519.49,Кредит,криптовалюта,0
user_1797,2023-12-26 10:52:00,1496.25,Вклад,карта,0
user_389,2023-06-15 17:10:00,1160.19,Инвестиции,карта,0
user_455,2023-05-01 09:07:00,565.68,Кредит,карта,0
user_398,2024-02-29 10:37:00,1618.02,Вклад,Apple Pay,0
user_695,2023-12-17 09:17:00,2131.08,Кредит,карта,0
user_1224,2023-08-07 13:52:00,1136.72,Инвестиции,Google Pay,0
user_790,2023-03-21 17:26:00,3343.88,Кредит,криптовалюта,0
user_1453,2023-06-26 13:40:00,1751.72,Вклад,Apple Pay,0
user_790,2023-06-12 16:02:00,37757.81,Вклад,Apple Pay,0
user_1180,2023-05-05 14:13:00,2750.44,Дебетовая карта,карта,0
user_1124,2023-02-20 11:32:00,778.14,Ипотека,банковский перевод,0
user_507,2024-03-11 17:54:00,2597.87,Ипотека,карта,0
user_122,2023-09-06 09:08:00,2344.15,Дебетовая карта,карта,0
user_442,2023-12-12 16:50:00,4098.75,Дебетовая карта,банковский перевод,0
user_1559,2023-07-07 20:21:00,3457.41,Вклад,Google Pay,0
user_1495,2024-01-18 10:27:00,11870.72,Кредит,карта,0
user_246,2024-03-28 18:23:00,11164.97,Дебетовая карта,Apple Pay,0
user_769,2024-02-13 14:56:00,964.24,Кредит,Apple Pay,0
user_1627,2023-02-12 18:40:00,4509.25,Кредит,криптовалюта,0
user_1615,2023-03-22 12:49:00,813.83,Вклад,Apple Pay,0
user_35,2023-12-03 11:04:00,1775.32,Дебетовая карта,карта,0
user_1573,2023-05-25 12:37:00,1945.39,Кредит,Apple Pay,1
user_1575,2023-12-06 12:23:00,537.02,Ипотека,банковский перевод,1
user_233,2023-03-26 09:54:00,4022.71,Кредит,карта,0
user_711,2023-12-26 18:57:00,891.72,Кредит,Apple Pay,0
user_108,2023-01-19 13:44:00,51501.85,Дебетовая карта,карта,0
user_1312,2023-10-10 18:22:00,3439.75,Инвестиции,карта,0
user_1724,2023-02-11 15:44:00,3313.99,Инвестиции,Apple Pay,0
user_359,2023-12-03 11:37:00,2234.52,Дебетовая карта,Google Pay,0
user_704,2023-10-15 12:15:00,5165.53,Страхование,Google Pay,0
user_1075,2023-03-30 10:32:00,1295.29,Дебетовая карта,Apple Pay,0
user_145,2023-05-23 16:35:00,1140.51,Вклад,Google Pay,0
user_599,2023-09-19 20:07:00,16264.8,Дебетовая карта,Apple Pay,0
user_435,2023-01-17 13:01:00,5014.76,Кредит,карта,0
user_8,2023-12-05 13:08:00,1196.57,Инвестиции,карта,0
user_1337,2023-02-07 19:22:00,3387.95,Дебетовая карта,карта,0
user_1451,2023-08-01 11:47:00,5594.81,Дебетовая карта,Apple Pay,0
user_162,2023-12-02 13:51:00,621.15,Вклад,Apple Pay,0
user_263,2023-06-13 19:58:00,1804.27,Дебетовая карта,карта,0
user_142,2023-07-30 15:50:00,3946.88,Инвестиции,карта,0
user_1880,2023-02-16 14:57:00,1265.47,Кредит,Apple Pay,0
user_1140,2023-04-02 13:51:00,940.12,Кредит,карта,0
user_1088,2023-11-20 14:07:00,4582.38,Вклад,карта,0
user_173,2023-03-24 19:30:00,5785.16,Кредит,банковский перевод,0
user_4,2024-03-12 10:22:00,919.79,Кредит,Google Pay,0
user_1857,2023-02-12 10:00:00,1606.8,Кредит,карта,0
user_1890,2023-09-11 11:09:00,8681.74,Страхование,карта,0
user_1090,2024-02-05 14:32:00,3092.94,Ипотека,карта,0
user_266,2023-10-11 14:08:00,3430.32,Вклад,банковский перевод,0
user_60,2023-08-11 20:41:00,8790.06,Страхование,Google Pay,0
user_1668,2023-11-18 15:21:00,2957.49,Инвестиции,Apple Pay,0
user_1058,2023-08-01 13:34:00,1400.25,Инвестиции,карта,0
user_659,2024-01-21 09:28:00,519.8,Дебетовая карта,карта,0
user_25,2023-05-02 20:08:00,2471.93,Кредит,криптовалюта,0
user_1137,2023-01-29 17:16:00,3770.17,Вклад,карта,0
user_1757,2023-04-10 15:55:00,1294.75,Ипотека,карта,1
user_1672,2023-03-03 15:21:00,1677.94,Инвестиции,карта,0
user_1463,2023-03-26 15:57:00,527.55,Кредит,Apple Pay,0
user_101,2023-04-29 11:09:00,3344.44,Ипотека,карта,0
user_1514,2023-10-09 12:35:00,43331.07,Кредит,карта,0
user_1361,2023-02-07 17:11:00,617.28,Дебетовая карта,карта,0
user_1679,2023-02-09 09:47:00,4018.77,Инвестиции,карта,0
user_298,2024-03-09 14:09:00,812.06,Дебетовая карта,банковский перевод,1
user_1725,2024-01-11 09:19:00,3611.53,Вклад,карта,0
user_1433,2024-03-11 13:45:00,1864.11,Кредит,Google Pay,0
user_1530,2023-06-14 12:19:00,9757.66,Ипотека,карта,0
user_322,2024-02-04 14:52:00,3614.13,Кредит,Google Pay,0
user_1711,2024-03-26 17:17:00,9340.26,Вклад,Apple Pay,0
user_44,2023-09-27 13:35:00,3617.18,Кредит,карта,0
user_446,2023-11-17 20:46:00,4494.26,Кредит,Apple Pay,0
user_311,2023-07-31 19:48:00,599.89,Кредит,карта,0
user_464,2023-05-12 10:25:00,6109.47,Кредит,Google Pay,0
user_1252,2023-11-15 11:59:00,10544.28,Кредит,Google Pay,0
user_1851,2024-03-17 09:23:00,6969.08,Кредит,карта,0
user_1972,2023-04-28 19:47:00,1255.5,Ипотека,карта,0
user_218,2023-11-02 17:47:00,4280.38,Кредит,карта,0
user_1941,2023-12-01 17:58:00,9236.85,Вклад,карта,0
user_219,2023-09-07 10:25:00,4149.16,Вклад,карта,0
user_1492,2023-11-04 19:38:00,3017.19,Инвестиции,Apple Pay,0
user_368,2023-05-08 11:50:00,4190.18,Дебетовая карта,Google Pay,0
user_1650,2023-04-07 09:39:00,908.95,Кредит,криптовалюта,0
user_699,2023-08-25 16:27:00,2250.91,Кредит,карта,0
user_1748,2023-10-01 13:27:00,4722.77,Кредит,карта,0
user_1084,2023-03-18 17:35:00,2710.79,Дебетовая карта,Apple Pay,0
user_1057,2023-05-27 15:14:00,2280.13,Вклад,карта,0
user_882,2023-12-01 16:39:00,2867.83,Страхование,Apple Pay,0
user_458,2023-10-08 19:48:00,2020.07,Инвестиции,карта,0
user_1031,2023-05-05 13:32:00,6403.6,Инвестиции,карта,0
user_1323,2023-12-14 09:55:00,546.75,Кредит,карта,0
user_281,2023-05-24 14:15:00,23243.42,Страхование,карта,0
user_284,2023-09-04 12:54:00,33205.37,Кредит,карта,0
user_855,2023-05-25 12:01:00,1640.75,Инвестиции,Google Pay,1
user_1665,2023-11-25 19:34:00,925.57,Дебетовая карта,карта,0
user_707,2024-02-18 13:41:00,4077.86,Вклад,Google Pay,0
user_825,2024-01-29 17:09:00,1999.9,Вклад,Apple Pay,0
user_1919,2024-03-17 09:07:00,6450.5,Вклад,карта,0
user_533,2023-04-05 17:52:00,7210.47,Дебетовая карта,карта,0
user_734,2023-09-03 13:27:00,5002.58,Ипотека,криптовалюта,0
user_1687,2023-11-08 11:13:00,4848.28,Дебетовая карта,карта,0
user_1037,2023-05-14 14:44:00,2898.56,Страхование,карта,0
user_223,2023-08-26 10:14:00,2278.9,Дебетовая карта,Apple Pay,0
user_430,2023-01-21 13:30:00,4416.89,Кредит,карта,0
user_1950,2023-04-30 09:06:00,1306.65,Дебетовая карта,карта,0
user_1622,2023-11-11 14:58:00,3324.1,Кредит,карта,0
user_1901,2023-09-14 12:05:00,628.89,Дебетовая карта,карта,0
user_961,2023-12-02 13:35:00,2991.04,Кредит,Apple Pay,0
user_1218,2023-07-30 09:55:00,1264.02,Страхование,карта,0
user_276,2023-02-24 16:08:00,44890.81,Вклад,карта,0
user_1425,2024-03-04 12:31:00,3605.48,Кредит,криптовалюта,0
user_1140,2023-02-05 18:13:00,2824.21,Вклад,карта,0
user_75,2023-02-13 12:33:00,2204.36,Ипотека,Apple Pay,0
user_1695,2023-05-29 13:04:00,1115.24,Кредит,Google Pay,0
user_875,2023-11-28 13:52:00,2791.69,Дебетовая карта,карта,0
user_1987,2023-07-02 17:18:00,548.78,Инвестиции,Google Pay,0
user_1770,2023-02-10 16:37:00,1766.63,Кредит,Apple Pay,0
user_841,2024-03-21 17:37:00,2013.98,Ипотека,карта,0
user_24,2023-01-14 18:10:00,763.69,Ипотека,криптовалюта,0
user_294,2023-11-29 17:48:00,1361.0,Дебетовая карта,карта,0
user_582,2023-05-24 14:03:00,5019.45,Дебетовая карта,карта,0
user_596,2023-06-12 19:12:00,6539.25,Ипотека,Apple Pay,0
user_708,2024-03-09 09:22:00,1966.22,Кредит,Apple Pay,0
user_1911,2023-06-22 20:32:00,11292.44,Дебетовая карта,Apple Pay,0
user_1351,2024-01-25 19:33:00,1423.15,Кредит,Apple Pay,0
user_383,2023-11-25 17:30:00,3314.15,Страхование,Apple Pay,0
user_1410,2024-03-01 14:43:00,845.64,Вклад,Apple Pay,0
user_114,2023-06-10 13:21:00,10853.81,Инвестиции,Apple Pay,0
user_131,2023-03-29 18:25:00,2524.16,Кредит,карта,0
user_1289,2023-11-02 11:41:00,2081.02,Дебетовая карта,Google Pay,0
user_436,2023-01-10 16:27:00,2704.01,Страхование,банковский перевод,1
user_875,2023-02-24 12:02:00,7522.42,Кредит,карта,0
user_1651,2023-02-13 18:52:00,5760.35,Инвестиции,карта,0
user_778,2024-01-11 10:35:00,1557.26,Кредит,криптовалюта,0
user_384,2023-10-14 13:34:00,1256.88,Кредит,карта,0
user_1999,2023-05-04 20:14:00,641.19,Кредит,Apple Pay,1
user_574,2023-04-26 18:14:00,5776.59,Страхование,карта,0
user_1318,2024-02-15 16:54:00,1124.37,Страхование,Apple Pay,0
user_325,2023-09-12 20:48:00,1348.95,Инвестиции,карта,0
user_325,2024-01-02 11:48:00,1521.13,Вклад,Google Pay,0
user_1509,2023-05-17 18:00:00,798.9,Ипотека,Apple Pay,0
user_1796,2023-01-28 17:03:00,1671.84,Дебетовая карта,карта,0
user_55,2023-05-29 14:14:00,4132.06,Ипотека,Apple Pay,0
user_1951,2023-12-03 16:39:00,3083.63,Инвестиции,криптовалюта,1
user_604,2023-04-25 09:03:00,2077.33,Дебетовая карта,Google Pay,0
user_1973,2023-04-25 11:36:00,3075.37,Кредит,карта,0
user_1065,2024-01-22 12:35:00,4765.74,Ипотека,карта,0
user_1532,2024-02-22 14:12:00,806.56,Дебетовая карта,карта,0
user_13,2023-08-12 09:59:00,1865.88,Страхование,криптовалюта,0
user_316,2024-02-20 09:15:00,1793.87,Дебетовая карта,карта,0
user_1908,2023-03-15 19:51:00,94320.95,Дебетовая карта,Google Pay,0
user_330,2023-06-05 15:38:00,615.66,Дебетовая карта,Apple Pay,0
user_1739,2024-03-28 18:41:00,4652.14,Дебетовая карта,Google Pay,0
user_237,2023-07-26 17:38:00,1339.0,Вклад,Apple Pay,0
user_1295,2023-09-21 11:01:00,1300.63,Инвестиции,карта,0
user_744,2023-08-24 19:59:00,1597.73,Вклад,карта,0
user_879,2023-08-26 20:00:00,1963.64,Дебетовая карта,карта,0
user_1422,2024-01-09 11:21:00,5577.0,Дебетовая карта,карта,0
user_311,2023-06-09 11:17:00,863.52,Дебетовая карта,карта,0
user_689,2023-09-06 09:12:00,917.42,Кредит,криптовалюта,0
user_1108,2023-05-08 10:53:00,6558.01,Страхование,карта,0
user_721,2023-07-19 16:34:00,6705.12,Страхование,карта,0
user_479,2023-05-29 12:05:00,4822.41,Кредит,карта,0
user_89,2024-01-09 18:39:00,794.06,Вклад,карта,0
user_1277,2023-11-23 18:00:00,1751.25,Кредит,карта,0
user_125,2023-11-02 20:49:00,1195.19,Ипотека,Apple Pay,0
user_292,2023-05-01 16:15:00,599.62,Кредит,Apple Pay,0
user_476,2023-03-01 12:20:00,1608.96,Инвестиции,Apple Pay,0
user_1435,2024-03-13 14:50:00,13294.02,Страхование,криптовалюта,0
user_245,2024-03-10 16:29:00,2557.1,Ипотека,карта,0
user_646,2023-08-13 18:19:00,1552.8,Страхование,Apple Pay,0
user_148,2023-07-26 13:15:00,895.22,Вклад,Apple Pay,0
user_1004,2023-05-29 10:51:00,543.75,Дебетовая карта,Google Pay,0
user_362,2024-01-31 17:45:00,957.86,Дебетовая карта,карта,0
user_324,2023-07-05 15:59:00,776.49,Кредит,карта,0
user_641,2023-01-26 11:49:00,3145.38,Ипотека,карта,0
user_513,2023-02-04 18:22:00,1241.17,Вклад,карта,0
user_98,2023-11-18 20:34:00,3494.36,Вклад,Apple Pay,0
user_901,2023-01-11 15:04:00,7835.78,Кредит,карта,0
user_1006,2024-03-04 13:57:00,2335.14,Дебетовая карта,криптовалюта,0
user_917,2024-03-25 12:20:00,1171.8,Кредит,банковский перевод,0
user_885,2024-01-31 17:30:00,1343.53,Кредит,карта,0
user_2000,2024-01-29 12:40:00,95900.18,Дебетовая карта,банковский перевод,0
user_550,2023-06-07 10:21:00,667.27,Кредит,карта,0
user_671,2023-03-09 20:15:00,842.63,Вклад,карта,0
user_1022,2024-02-29 18:22:00,2682.7,Дебетовая карта,криптовалюта,0
user_169,2023-12-31 09:10:00,3126.03,Дебетовая карта,карта,0
user_1978,2023-12-31 13:09:00,5630.73,Страхование,карта,0
user_1049,2023-03-05 18:28:00,5375.28,Вклад,карта,1
user_1393,2023-07-21 13:05:00,884.71,Дебетовая карта,Google Pay,0
user_644,2024-03-27 11:23:00,1724.62,Ипотека,карта,0
user_1384,2024-01-11 09:35:00,623.42,Дебетовая карта,Google Pay,0
user_1756,2023-08-25 17:54:00,1060.9,Страхование,Google Pay,0
user_1158,2023-02-14 13:21:00,1976.79,Страхование,криптовалюта,0
user_421,2024-01-08 14:25:00,1956.19,Кредит,криптовалюта,0
user_1369,2023-05-04 15:37:00,1516.61,Дебетовая карта,карта,0
user_1712,2023-08-17 16:52:00,2027.82,Кредит,Apple Pay,0
user_1388,2024-01-28 15:56:00,2082.55,Дебетовая карта,криптовалюта,0
user_1328,2023-06-22 09:46:00,1967.76,Кредит,карта,0
user_928,2023-12-16 09:19:00,6602.78,Страхование,банковский перевод,0
user_376,2023-05-04 15:17:00,1076.86,Кредит,Google Pay,0
user_1438,2023-12-05 15:52:00,2034.95,Кредит,криптовалюта,0
user_811,2024-01-15 12:33:00,2250.17,Кредит,карта,0
user_462,2023-10-08 14:57:00,2390.14,Страхование,карта,0
user_985,2023-01-30 19:58:00,56038.31,Кредит,криптовалюта,0
user_45,2023-06-16 12:02:00,7640.7,Вклад,карта,0
user_1044,2023-02-28 11:49:00,5443.57,Кредит,криптовалюта,0
user_1095,2023-12-18 19:19:00,1812.25,Кредит,карта,0
user_795,2023-05-16 18:32:00,1176.9,Инвестиции,карта,0
user_1407,2023-01-27 18:05:00,2897.95,Вклад,Apple Pay,0
user_1170,2023-01-10 20:59:00,5028.4,Вклад,криптовалюта,0
user_732,2023-11-19 12:09:00,10593.37,Ипотека,карта,1
user_1434,2023-08-07 15:03:00,607.62,Инвестиции,Apple Pay,0
user_234,2023-10-29 09:29:00,872.46,Инвестиции,карта,0
user_1013,2023-02-20 09:19:00,5238.38,Кредит,карта,0
user_281,2023-09-25 20:03:00,4829.34,Кредит,Google Pay,0
user_1205,2023-08-23 18:19:00,784.56,Ипотека,Google Pay,0
user_36,2024-01-02 14:00:00,8983.03,Вклад,криптовалюта,1
user_1720,2023-05-01 14:37:00,11103.12,Дебетовая карта,карта,0
user_63,2023-03-10 15:47:00,6438.49,Дебетовая карта,карта,0
user_996,2023-06-22 11:41:00,2575.96,Страхование,Apple Pay,0
user_1333,2023-10-17 13:49:00,27662.78,Вклад,карта,0
user_833,2024-01-02 10:35:00,633.98,Кредит,Apple Pay,1
user_431,2023-10-14 11:10:00,6026.2,Кредит,карта,0
user_496,2023-03-16 12:15:00,5210.63,Дебетовая карта,Google Pay,0
user_1686,2023-11-17 20:27:00,1470.19,Инвестиции,карта,0
user_263,2024-01-10 15:58:00,7114.36,Дебетовая карта,Apple Pay,1
user_1422,2023-06-25 17:50:00,1121.48,Инвестиции,карта,0
user_585,2024-02-21 13:21:00,1040.4,Вклад,карта,0
user_25,2023-01-07 16:33:00,4539.7,Ипотека,карта,0
user_813,2023-06-28 11:51:00,3374.45,Инвестиции,карта,0
user_190,2024-03-30 20:27:00,1591.05,Дебетовая карта,карта,0
user_1529,2023-12-06 18:46:00,5935.72,Вклад,карта,0
user_1539,2023-06-11 19:39:00,4823.88,Страхование,карта,0
user_435,2023-02-13 10:28:00,1191.03,Кредит,Apple Pay,0
user_1547,2024-03-04 17:38:00,18229.17,Кредит,карта,1
user_1405,2023-10-03 20:32:00,2963.82,Страхование,карта,0
user_1353,2023-07-05 13:31:00,1945.71,Ипотека,Apple Pay,0
user_159,2023-04-11 20:55:00,4556.72,Дебетовая карта,карта,0
user_256,2023-06-24 17:46:00,549.17,Дебетовая карта,карта,0
user_317,2023-10-07 10:05:00,1022.88,Инвестиции,карта,0
user_1637,2023-11-22 10:49:00,2479.34,Кредит,карта,0
user_653,2023-07-16 18:07:00,2513.91,Ипотека,Google Pay,0
user_1060,2023-06-28 10:29:00,2540.38,Кредит,Apple Pay,0
user_940,2023-02-06 12:17:00,1550.37,Кредит,карта,0
user_2000,2023-08-20 09:18:00,2236.53,Кредит,карта,0
user_362,2023-11-30 13:35:00,6109.77,Кредит,карта,0
user_1557,2024-01-27 15:52:00,1196.45,Кредит,криптовалюта,0
user_225,2024-03-25 15:28:00,1573.02,Вклад,карта,0
user_1956,2023-05-25 19:46:00,51594.73,Кредит,карта,1
user_1132,2023-03-28 16:15:00,3065.59,Ипотека,Google Pay,0
user_528,2024-03-26 12:05:00,1601.76,Дебетовая карта,карта,0
user_824,2024-03-26 16:54:00,731.56,Дебетовая карта,карта,0
user_1457,2024-02-10 14:26:00,882.24,Вклад,Google Pay,0
user_832,2024-01-20 13:13:00,1434.65,Кредит,Apple Pay,0
user_136,2023-09-15 16:49:00,1810.47,Вклад,карта,0
user_616,2023-03-15 14:34:00,11618.8,Кредит,карта,0
user_1832,2024-03-13 11:37:00,12480.11,Инвестиции,Google Pay,0
user_743,2023-09-24 20:25:00,7064.11,Дебетовая карта,карта,0
user_982,2023-03-24 15:51:00,6375.63,Кредит,карта,0
user_369,2023-03-15 17:30:00,2279.94,Страхование,карта,0
user_54,2023-12-29 12:51:00,1237.02,Кредит,карта,0
user_542,2023-03-07 15:30:00,4315.75,Ипотека,карта,0
user_1737,2023-05-08 10:56:00,8069.45,Дебетовая карта,карта,0
user_1085,2023-07-14 20:19:00,2787.28,Дебетовая карта,Apple Pay,0
user_755,2023-10-20 15:24:00,2683.77,Дебетовая карта,Apple Pay,0
user_1045,2023-08-09 12:08:00,1444.84,Дебетовая карта,карта,0
user_1626,2023-11-01 12:31:00,1875.29,Страхование,карта,0
user_1812,2023-09-11 20:50:00,3227.92,Дебетовая карта,Google Pay,0
user_636,2023-03-26 09:58:00,936.91,Вклад,карта,0
user_1666,2023-02-11 17:47:00,6595.22,Кредит,Apple Pay,0
user_1604,2024-01-29 13:20:00,948.92,Инвестиции,карта,0
user_15,2023-04-27 11:13:00,64686.53,Дебетовая карта,Apple Pay,0
user_1789,2023-04-03 20:29:00,865.87,Дебетовая карта,карта,0
user_460,2023-08-21 16:09:00,1735.34,Кредит,карта,0
user_1532,2024-03-25 13:30:00,6702.95,Кредит,Apple Pay,0
user_1776,2023-04-29 12:10:00,8623.73,Дебетовая карта,карта,0
user_1148,2023-08-18 20:01:00,7135.96,Инвестиции,карта,0
user_630,2023-07-22 13:41:00,1395.32,Дебетовая карта,карта,0
user_1711,2023-12-03 19:15:00,2293.47,Кредит,карта,0
user_956,2023-04-04 14:07:00,5082.93,Вклад,Google Pay,0
user_1537,2023-08-08 12:18:00,11229.27,Дебетовая карта,карта,0
user_1350,2023-11-21 10:22:00,768.11,Кредит,карта,0
user_642,2023-11-04 14:51:00,519.98,Страхование,карта,0
user_1087,2023-01-10 13:00:00,2928.04,Кредит,Google Pay,0
user_402,2023-01-29 13:15:00,693.64,Вклад,криптовалюта,0
user_10,2023-03-10 20:47:00,4145.12,Страхование,криптовалюта,0
user_1380,2023-07-17 20:05:00,5379.37,Кредит,криптовалюта,0
user_414,2024-02-26 19:27:00,2291.25,Вклад,криптовалюта,0
user_1040,2023-11-21 12:57:00,1923.3,Кредит,банковский перевод,0
user_201,2023-08-09 11:06:00,8549.26,Инвестиции,карта,1
user_1310,2023-11-14 20:41:00,5015.35,Кредит,Apple Pay,0
user_336,2023-11-02 18:17:00,1842.05,Кредит,карта,0
user_498,2023-06-03 18:38:00,4234.29,Кредит,криптовалюта,0
user_295,2023-04-22 09:45:00,5856.65,Дебетовая карта,карта,0
user_1835,2024-01-27 13:49:00,2104.04,Кредит,Apple Pay,0
user_1246,2024-01-29 17:59:00,38866.94,Дебетовая карта,карта,0
user_1332,2024-03-19 12:53:00,5748.17,Инвестиции,Apple Pay,0
user_814,2023-09-08 13:14:00,4223.17,Кредит,Google Pay,0
user_1717,2023-11-11 18:12:00,1405.99,Кредит,Apple Pay,0
user_134,2023-08-12 19:59:00,1478.17,Кредит,банковский перевод,0
user_828,2023-07-20 19:51:00,4075.29,Вклад,карта,0
user_165,2023-05-05 14:07:00,2483.1,Вклад,Apple Pay,0
user_1395,2023-01-03 16:00:00,4905.87,Инвестиции,криптовалюта,0
user_1901,2023-05-25 11:15:00,3841.46,Страхование,Apple Pay,0
user_1533,2023-04-20 15:46:00,4482.79,Вклад,Apple Pay,0
user_310,2023-09-02 18:32:00,3118.29,Кредит,карта,0
user_1577,2023-11-10 12:19:00,5874.63,Инвестиции,Google Pay,0
user_508,2023-03-12 15:11:00,2782.31,Кредит,карта,0
user_698,2023-10-12 17:53:00,652.24,Страхование,карта,0
user_1149,2023-08-01 20:28:00,1726.49,Инвестиции,карта,0
user_907,2023-11-21 20:31:00,6909.37,Кредит,карта,0
user_375,2024-02-22 15:03:00,1044.68,Дебетовая карта,карта,0
user_1060,2023-08-13 18:38:00,4911.1,Кредит,банковский перевод,0
user_396,2023-04-23 12:43:00,2089.61,Инвестиции,Apple Pay,0
user_1437,2023-12-30 11:27:00,1148.5,Дебетовая карта,банковский перевод,0
user_146,2023-03-08 12:56:00,936.28,Дебетовая карта,Apple Pay,1
user_1621,2023-01-14 15:27:00,5700.26,Дебетовая карта,Google Pay,1
user_1962,2023-06-09 19:53:00,5491.5,Страхование,карта,0
user_1494,2023-01-10 12:14:00,2595.46,Вклад,Apple Pay,0
user_1213,2023-01-30 15:23:00,2917.96,Страхование,карта,0
user_883,2023-07-01 17:58:00,3449.09,Ипотека,карта,0
user_1060,2023-10-29 16:28:00,4955.52,Кредит,карта,0
user_1025,2023-07-03 15:15:00,2070.72,Кредит,Apple Pay,0
user_1778,2023-08-29 13:22:00,3619.22,Вклад,Apple Pay,0
user_256,2024-01-31 09:49:00,874.99,Кредит,карта,0
user_1189,2023-03-13 13:43:00,2526.2,Вклад,криптовалюта,0
user_1100,2024-02-20 18:43:00,1465.14,Ипотека,криптовалюта,0
user_527,2023-06-29 13:19:00,1229.61,Дебетовая карта,Google Pay,0
user_826,2024-01-15 16:03:00,4199.57,Кредит,Apple Pay,0
user_945,2023-01-10 10:34:00,1317.38,Ипотека,Apple Pay,0
user_70,2024-03-22 14:14:00,2331.86,Дебетовая карта,карта,0
user_956,2023-07-21 17:00:00,4408.67,Кредит,карта,0
user_342,2023-10-26 20:56:00,1772.78,Дебетовая карта,карта,0
user_797,2023-03-20 20:06:00,1125.79,Кредит,банковский перевод,0
user_557,2023-08-03 13:40:00,790.11,Кредит,Apple Pay,0
user_1508,2023-12-21 16:45:00,5562.59,Кредит,карта,0
user_1921,2024-03-22 15:34:00,4240.85,Дебетовая карта,карта,0
user_220,2023-09-07 12:27:00,2776.79,Дебетовая карта,карта,0
user_514,2023-09-12 09:23:00,772.24,Страхование,карта,0
user_319,2023-05-07 16:23:00,1027.34,Дебетовая карта,Google Pay,0
user_967,2023-03-03 15:27:00,772.52,Инвестиции,Google Pay,0
user_745,2023-10-27 17:59:00,631.46,Инвестиции,Google Pay,0
user_911,2023-10-09 15:16:00,5015.88,Кредит,Apple Pay,0
user_143,2023-11-02 13:57:00,1117.64,Кредит,криптовалюта,0
user_1742,2023-11-08 12:56:00,799.83,Страхование,карта,0
user_1975,2023-07-26 16:43:00,5399.04,Кредит,Apple Pay,0
user_1824,2023-10-25 15:43:00,1373.46,Дебетовая карта,Apple Pay,0
user_992,2024-02-11 10:33:00,6987.1,Кредит,банковский перевод,0
user_1334,2023-10-04 20:34:00,3819.59,Дебетовая карта,карта,0
user_101,2023-03-09 18:48:00,1433.34,Дебетовая карта,карта,0
user_1222,2024-01-17 11:09:00,623.12,Инвестиции,карта,0
user_1216,2023-01-23 14:06:00,1114.62,Вклад,банковский перевод,0
user_1470,2023-12-15 15:18:00,1582.62,Дебетовая карта,карта,0
user_1563,2023-05-13 14:08:00,1237.71,Дебетовая карта,карта,0
user_1,2023-07-09 16:27:00,773.1,Дебетовая карта,криптовалюта,0
user_816,2023-08-11 18:22:00,1388.38,Кредит,криптовалюта,0
user_971,2023-02-26 15:10:00,1288.5,Страхование,Apple Pay,0
user_962,2024-01-27 10:43:00,1377.13,Дебетовая карта,карта,0
user_1099,2023-07-25 14:53:00,2958.9,Вклад,карта,0
user_1402,2024-01-10 11:51:00,7469.1,Кредит,карта,0
user_1175,2023-05-27 13:49:00,19346.44,Кредит,карта,0
user_468,2023-03-10 13:06:00,713.17,Вклад,карта,0
user_1329,2023-09-14 16:34:00,4549.57,Страхование,Google Pay,0
user_1196,2024-03-02 17:02:00,2907.15,Дебетовая карта,карта,0
user_400,2023-04-05 14:27:00,977.27,Ипотека,Apple Pay,0
user_1262,2023-03-30 15:31:00,3155.1,Инвестиции,карта,0
user_1043,2023-07-26 19:22:00,3541.99,Дебетовая карта,карта,0
user_1610,2023-12-25 17:58:00,876.27,Вклад,карта,0
user_784,2023-10-17 14:00:00,1514.43,Вклад,карта,0
user_1783,2023-10-29 15:53:00,2230.19,Дебетовая карта,карта,0
user_1074,2023-09-29 17:54:00,1661.91,Кредит,карта,0
user_1882,2024-03-14 11:14:00,807.63,Инвестиции,карта,0
user_204,2023-12-23 10:49:00,5843.69,Дебетовая карта,карта,0
user_253,2023-03-09 13:51:00,937.76,Инвестиции,карта,0
user_437,2023-03-04 09:45:00,715.17,Дебетовая карта,карта,0
user_1633,2024-01-04 18:27:00,2565.83,Кредит,Google Pay,0
user_1014,2023-12-14 17:22:00,9229.06,Кредит,Google Pay,0
user_1351,2023-12-06 11:25:00,3922.31,Кредит,карта,0
user_39,2024-01-12 10:25:00,1960.1,Страхование,банковский перевод,1
user_742,2023-10-08 16:57:00,1950.87,Кредит,карта,0
user_707,2023-10-28 09:59:00,2950.21,Инвестиции,Google Pay,0
user_1846,2023-04-14 16:52:00,5483.51,Вклад,карта,0
user_210,2023-10-04 09:21:00,8615.43,Дебетовая карта,карта,0
user_1721,2023-01-05 14:52:00,825.05,Дебетовая карта,карта,0
user_737,2023-04-28 18:02:00,941.65,Ипотека,карта,0
user_1549,2023-04-26 15:57:00,86976.48,Кредит,Apple Pay,0
user_582,2023-10-09 17:46:00,2612.03,Дебетовая карта,карта,0
user_115,2023-02-24 20:27:00,4162.07,Дебетовая карта,криптовалюта,0
user_1359,2023-05-21 19:29:00,2223.29,Ипотека,карта,0
user_355,2023-10-31 13:35:00,3179.47,Ипотека,карта,0
user_296,2023-03-11 14:27:00,5578.08,Инвестиции,карта,0
user_1837,2023-04-23 19:36:00,5039.92,Дебетовая карта,криптовалюта,0
user_454,2024-02-01 10:25:00,4307.01,Инвестиции,карта,0
user_1965,2024-01-04 10:12:00,720.41,Дебетовая карта,карта,0
user_697,2024-02-25 10:27:00,5475.73,Вклад,Apple Pay,0
user_555,2023-02-02 13:48:00,1992.58,Ипотека,карта,0
user_909,2023-06-15 14:54:00,725.15,Кредит,Apple Pay,0
user_555,2023-07-01 16:31:00,899.62,Инвестиции,карта,0
user_1855,2023-11-23 16:49:00,1475.82,Дебетовая карта,криптовалюта,0
user_1221,2024-02-05 20:20:00,1643.45,Инвестиции,Google Pay,0
user_1487,2023-03-22 11:47:00,2847.58,Дебетовая карта,карта,0
user_153,2024-01-31 11:28:00,13435.36,Кредит,Google Pay,0
user_479,2023-01-09 15:42:00,1142.84,Страхование,карта,0
user_1191,2023-03-13 20:51:00,3788.54,Кредит,криптовалюта,0
user_974,2024-03-11 20:04:00,4059.66,Кредит,карта,0
user_1938,2023-07-23 14:01:00,6284.84,Кредит,карта,0
user_1446,2024-03-01 09:41:00,1747.78,Инвестиции,криптовалюта,0
user_594,2023-05-18 16:29:00,3063.33,Инвестиции,карта,0
user_908,2023-04-11 14:42:00,1152.44,Вклад,криптовалюта,0
user_1486,2023-09-16 11:15:00,1452.57,Кредит,Apple Pay,0
user_820,2023-11-13 11:35:00,1212.0,Дебетовая карта,карта,0
user_1050,2024-03-19 15:16:00,3849.07,Кредит,карта,1
user_1599,2023-11-01 20:38:00,6365.79,Кредит,Apple Pay,0
user_575,2023-09-18 16:04:00,2590.84,Инвестиции,Apple Pay,1
user_200,2023-01-11 16:28:00,958.95,Кредит,карта,0
user_825,2024-03-24 14:50:00,4343.25,Кредит,карта,0
user_439,2023-10-27 12:51:00,4185.65,Кредит,Apple Pay,0
user_1103,2023-02-13 17:27:00,757.01,Ипотека,карта,0
user_1707,2023-11-25 10:12:00,7449.76,Дебетовая карта,Apple Pay,0
user_1524,2023-05-16 15:55:00,1989.61,Вклад,карта,0
user_1459,2024-02-17 16:06:00,583.3,Кредит,банковский перевод,0
user_1082,2023-12-23 19:32:00,4240.87,Дебетовая карта,Apple Pay,0
user_1777,2023-01-31 11:48:00,1018.94,Страхование,карта,1
user_1851,2023-03-10 13:45:00,7574.78,Кредит,банковский перевод,0
user_1516,2023-03-11 14:41:00,976.67,Кредит,банковский перевод,1
user_234,2023-08-16 19:10:00,2707.61,Дебетовая карта,банковский перевод,0
user_596,2023-09-18 13:33:00,4410.26,Инвестиции,карта,1
user_1916,2023-03-02 17:12:00,691.98,Вклад,карта,0
user_146,2024-01-04 19:20:00,7412.55,Инвестиции,карта,0
user_1102,2023-11-23 15:51:00,4999.92,Дебетовая карта,криптовалюта,0
user_1279,2024-02-26 19:15:00,658.24,Вклад,Google Pay,0
user_784,2023-09-26 10:18:00,7830.57,Дебетовая карта,карта,0
user_1408,2023-06-15 14:49:00,1322.32,Кредит,карта,0
user_153,2023-01-09 14:49:00,5100.08,Дебетовая карта,криптовалюта,0
user_439,2023-04-15 18:04:00,7191.84,Кредит,карта,0
user_593,2023-08-20 20:22:00,2784.58,Кредит,Apple Pay,0
user_342,2023-10-19 11:25:00,651.83,Ипотека,карта,0
user_876,2023-02-04 10:19:00,6052.77,Ипотека,карта,0
user_937,2024-03-22 20:03:00,10763.75,Инвестиции,карта,0
user_1875,2023-02-01 17:56:00,1866.89,Кредит,карта,0
user_971,2023-08-19 15:36:00,1677.12,Кредит,карта,0
user_1513,2023-07-20 17:07:00,998.31,Кредит,карта,0
user_177,2023-01-27 09:13:00,4465.92,Инвестиции,карта,0
user_119,2023-09-05 12:35:00,2839.66,Кредит,криптовалюта,0
user_790,2023-01-09 14:08:00,833.5,Кредит,Apple Pay,0
user_656,2023-05-11 16:00:00,1216.14,Вклад,карта,0
user_1847,2023-12-17 12:51:00,1406.71,Дебетовая карта,карта,0
user_983,2023-11-22 19:36:00,507.4,Вклад,карта,0
user_975,2023-07-06 10:04:00,2461.97,Вклад,карта,0
user_1701,2023-12-28 16:08:00,760.33,Вклад,Apple Pay,0
user_1731,2023-02-13 18:03:00,3162.38,Инвестиции,Google Pay,0
user_1553,2023-08-22 12:43:00,1525.29,Кредит,Apple Pay,0
user_876,2023-01-27 09:08:00,1164.11,Кредит,карта,0
user_433,2023-12-04 17:43:00,2127.56,Дебетовая карта,карта,0
user_71,2023-09-19 11:13:00,648.59,Дебетовая карта,карта,0
user_101,2023-03-04 10:44:00,1116.99,Дебетовая карта,карта,0
user_1632,2023-07-27 13:08:00,863.44,Дебетовая карта,карта,0
user_265,2023-10-22 18:00:00,5705.73,Дебетовая карта,карта,0
user_830,2024-02-28 11:54:00,5219.57,Дебетовая карта,карта,0
user_1007,2023-12-06 19:11:00,1567.2,Ипотека,карта,0
user_1112,2023-09-14 09:26:00,670.25,Кредит,криптовалюта,0
user_180,2023-03-21 09:49:00,3724.22,Ипотека,карта,0
user_1047,2023-12-10 13:24:00,83456.41,Вклад,Apple Pay,1
user_500,2023-08-30 16:34:00,1405.7,Кредит,криптовалюта,0
user_682,2023-05-19 13:59:00,97261.98,Кредит,криптовалюта,0
user_1643,2023-02-12 13:15:00,1278.75,Вклад,Google Pay,0
user_921,2023-04-21 10:05:00,7475.81,Вклад,Apple Pay,0
user_804,2024-02-18 19:44:00,2919.43,Дебетовая карта,карта,0
user_33,2024-02-27 18:07:00,2326.41,Дебетовая карта,карта,0
user_1993,2024-01-05 18:00:00,2606.3,Кредит,карта,1
user_1188,2024-02-04 17:59:00,696.76,Вклад,Apple Pay,0
user_1512,2023-08-08 17:46:00,89933.37,Инвестиции,карта,0
user_868,2023-10-31 20:08:00,1880.16,Дебетовая карта,карта,0
user_530,2023-06-12 10:36:00,4554.86,Вклад,карта,0
user_547,2023-01-12 12:44:00,1689.2,Кредит,карта,0
user_16,2024-02-11 11:15:00,2113.13,Дебетовая карта,криптовалюта,0
user_1778,2023-01-13 13:42:00,2128.04,Страхование,Google Pay,0
user_1055,2024-02-09 14:06:00,565.53,Инвестиции,карта,0
user_706,2023-05-27 14:36:00,1512.43,Дебетовая карта,криптовалюта,0
user_1412,2023-09-22 18:34:00,698.25,Вклад,Apple Pay,0
user_260,2023-07-03 10:56:00,9466.81,Кредит,Google Pay,0
user_940,2023-01-18 12:24:00,1965.26,Кредит,Google Pay,0
user_874,2024-02-09 14:24:00,4077.85,Вклад,Apple Pay,0
user_1814,2024-03-04 13:45:00,3600.65,Страхование,криптовалюта,0
user_1596,2023-01-15 16:43:00,2283.42,Кредит,карта,0
user_1536,2023-04-06 18:54:00,4468.64,Ипотека,Google Pay,1
user_520,2023-01-25 11:08:00,4827.3,Ипотека,карта,0
user_1041,2024-03-07 12:56:00,3010.98,Кредит,криптовалюта,0
user_1961,2023-06-22 20:33:00,873.88,Кредит,Google Pay,0
user_38,2023-05-09 15:08:00,1794.21,Дебетовая карта,карта,0
user_1304,2023-04-01 16:45:00,1347.47,Ипотека,Apple Pay,0
user_677,2023-07-12 19:23:00,8787.72,Дебетовая карта,карта,0
user_1484,2023-06-20 15:23:00,858.3,Дебетовая карта,Apple Pay,0
user_989,2023-11-10 19:19:00,3069.37,Инвестиции,Google Pay,0
user_1402,2023-08-10 13:35:00,4728.28,Кредит,карта,0
user_501,2023-10-05 14:04:00,67225.21,Ипотека,Google Pay,1
user_1765,2024-02-26 17:43:00,586.0,Инвестиции,Google Pay,0
user_1676,2023-12-30 09:52:00,1400.82,Дебетовая карта,криптовалюта,1
user_1276,2023-02-09 18:57:00,1861.79,Страхование,банковский перевод,0
user_849,2023-08-19 17:52:00,1087.32,Страхование,карта,0
user_304,2023-09-15 14:48:00,1939.8,Вклад,карта,0
user_408,2023-12-25 09:03:00,3336.4,Страхование,карта,0
user_798,2023-11-21 17:48:00,4546.23,Дебетовая карта,карта,0
user_1559,2023-02-08 10:01:00,626.62,Инвестиции,карта,0
user_1894,2023-05-09 15:21:00,80910.58,Страхование,карта,0
user_1217,2023-02-24 15:19:00,2261.1,Ипотека,криптовалюта,0
user_1877,2023-05-11 18:19:00,2720.31,Страхование,Google Pay,0
user_395,2023-09-08 09:44:00,1620.56,Ипотека,Apple Pay,0
user_1486,2023-09-04 18:18:00,8805.36,Кредит,карта,0
user_1066,2023-08-07 14:59:00,687.42,Кредит,карта,0
user_281,2023-02-16 11:58:00,1167.99,Дебетовая карта,карта,0
user_1390,2023-02-08 12:19:00,42080.74,Кредит,карта,0
user_1808,2023-12-25 18:52:00,2477.9,Инвестиции,Google Pay,0
user_897,2023-02-13 11:28:00,8526.72,Кредит,криптовалюта,0
user_511,2023-11-29 15:31:00,1091.72,Дебетовая карта,Google Pay,0
user_605,2024-01-03 11:50:00,2042.76,Дебетовая карта,криптовалюта,0
user_1203,2023-10-27 11:26:00,3817.9,Инвестиции,карта,0
user_1380,2023-05-05 12:41:00,716.89,Кредит,карта,0
user_434,2023-05-19 19:05:00,2341.2,Ипотека,карта,0
user_1375,2023-03-18 19:43:00,5033.52,Кредит,карта,0
user_1495,2023-07-20 11:15:00,4680.66,Кредит,карта,0
user_34,2023-03-24 19:20:00,1899.78,Кредит,Apple Pay,0
user_768,2024-03-02 18:21:00,5196.34,Инвестиции,карта,0
user_469,2023-12-04 14:28:00,935.13,Кредит,криптовалюта,0
user_1587,2023-12-17 17:13:00,537.15,Кредит,карта,1
user_1293,2023-07-04 20:12:00,1695.76,Кредит,Apple Pay,0
user_1067,2023-11-21 19:36:00,738.97,Дебетовая карта,Apple Pay,0
user_449,2023-01-25 19:54:00,1930.31,Дебетовая карта,Google Pay,0
user_963,2023-10-20 18:02:00,1349.25,Кредит,карта,0
user_1926,2023-11-26 18:34:00,8784.23,Дебетовая карта,карта,0
user_1990,2023-08-27 18:39:00,926.19,Вклад,карта,0
user_326,2023-01-13 11:35:00,77992.29,Дебетовая карта,карта,0
user_969,2023-10-03 12:08:00,3315.67,Вклад,карта,0
user_1497,2023-10-18 12:40:00,1569.06,Ипотека,карта,0
user_596,2023-10-28 11:46:00,6168.13,Страхование,Apple Pay,0
user_1997,2023-03-12 13:35:00,6437.95,Инвестиции,криптовалюта,0
user_934,2024-02-08 20:41:00,1969.61,Кредит,карта,0
user_694,2023-10-29 15:29:00,887.87,Дебетовая карта,карта,0
user_1884,2023-09-11 20:39:00,6684.55,Дебетовая карта,карта,0
user_1207,2024-01-08 15:43:00,29144.49,Дебетовая карта,карта,0
user_125,2024-01-22 14:38:00,3042.01,Кредит,карта,0
user_212,2023-08-12 15:15:00,1159.45,Дебетовая карта,Google Pay,0
user_1961,2024-01-16 18:55:00,7838.48,Дебетовая карта,карта,0
user_1244,2023-05-10 20:42:00,2555.63,Вклад,карта,0
user_1740,2023-06-05 19:33:00,16717.23,Кредит,криптовалюта,0
user_1976,2023-09-09 18:09:00,799.8,Кредит,Apple Pay,0
user_1490,2023-07-31 09:25:00,1561.1,Дебетовая карта,карта,0
user_1946,2023-11-03 20:13:00,4778.27,Дебетовая карта,карта,0
user_1909,2024-02-03 09:00:00,764.15,Дебетовая карта,банковский перевод,0
user_824,2023-06-06 12:34:00,558.51,Страхование,банковский перевод,0
user_1278,2023-03-30 15:59:00,3040.23,Вклад,Apple Pay,0
user_1642,2023-03-18 14:36:00,741.11,Кредит,карта,1
user_1896,2023-07-15 13:02:00,4549.71,Кредит,Google Pay,0
user_1654,2023-08-06 20:52:00,6713.92,Вклад,карта,0
user_1615,2023-12-30 09:07:00,34857.27,Дебетовая карта,карта,0
user_655,2023-08-29 12:10:00,813.51,Дебетовая карта,карта,0
user_858,2023-03-26 11:05:00,2087.09,Кредит,карта,0
user_1646,2023-10-05 13:40:00,3037.21,Ипотека,карта,0
user_254,2023-04-08 16:11:00,8258.9,Дебетовая карта,Apple Pay,0
user_325,2024-02-25 11:47:00,869.26,Кредит,Google Pay,0
user_1576,2023-11-08 11:05:00,506.77,Страхование,банковский перевод,0
user_1958,2023-10-17 09:37:00,960.23,Кредит,банковский перевод,0
user_837,2023-11-05 16:58:00,1804.29,Кредит,Google Pay,0
user_1729,2023-07-15 15:56:00,34162.71,Инвестиции,карта,0
user_711,2024-01-27 14:25:00,1316.57,Ипотека,карта,0
user_1022,2023-12-26 15:28:00,1450.61,Дебетовая карта,карта,0
user_1948,2024-01-07 18:24:00,813.67,Вклад,Apple Pay,0
user_771,2023-06-30 17:00:00,1765.97,Дебетовая карта,карта,0
user_1769,2023-12-22 14:52:00,1321.32,Вклад,Apple Pay,0
user_1892,2023-09-07 13:06:00,1018.26,Страхование,карта,0
user_1477,2023-01-01 16:11:00,79000.66,Страхование,Apple Pay,0
user_143,2024-01-24 14:52:00,3551.04,Кредит,Google Pay,0
user_1922,2023-07-31 13:08:00,3029.0,Кредит,карта,0
user_997,2023-07-06 18:51:00,2782.15,Страхование,банковский перевод,0
user_580,2023-08-06 20:02:00,7344.04,Дебетовая карта,карта,0
user_974,2023-01-24 09:03:00,703.98,Ипотека,карта,0
user_881,2023-01-03 09:47:00,1683.33,Кредит,Apple Pay,0
user_763,2023-07-30 18:47:00,825.46,Ипотека,карта,0
user_1356,2023-11-11 10:07:00,5966.21,Кредит,Google Pay,1
user_226,2023-11-10 20:10:00,4588.16,Кредит,Apple Pay,0
user_1267,2023-10-16 09:11:00,5605.06,Инвестиции,карта,0
user_503,2023-09-28 16:35:00,74115.66,Дебетовая карта,Apple Pay,0
user_1584,2023-07-25 12:47:00,1662.29,Кредит,криптовалюта,0
user_1967,2023-05-27 17:21:00,1585.91,Вклад,карта,0
user_946,2023-08-24 20:23:00,2784.76,Дебетовая карта,карта,0
user_1616,2024-01-30 09:31:00,2904.21,Ипотека,криптовалюта,0
user_642,2023-08-22 20:15:00,3727.0,Страхование,криптовалюта,0
user_1677,2023-09-22 16:06:00,1420.87,Вклад,криптовалюта,0
user_1068,2024-03-28 14:26:00,5249.88,Дебетовая карта,карта,0
user_1020,2024-02-12 09:39:00,5815.95,Кредит,Google Pay,0
user_204,2023-01-09 20:48:00,1175.92,Страхование,карта,0
user_1324,2023-08-30 13:54:00,2317.83,Кредит,Apple Pay,0
user_1583,2023-04-22 18:24:00,3297.17,Кредит,карта,0
user_1011,2024-01-10 17:59:00,2367.22,Вклад,карта,0
user_320,2023-10-02 12:53:00,12260.32,Страхование,криптовалюта,0
user_1355,2023-10-13 17:15:00,5427.68,Дебетовая карта,карта,0
user_1252,2023-08-30 19:22:00,76503.58,Вклад,карта,0
user_1727,2023-09-24 11:10:00,1273.0,Ипотека,Apple Pay,0
user_1911,2023-12-17 14:12:00,1153.19,Кредит,Google Pay,1
user_486,2023-03-24 10:27:00,1215.27,Кредит,карта,0
user_585,2023-05-22 09:28:00,665.43,Кредит,Google Pay,0
user_1902,2024-03-15 20:35:00,4295.9,Дебетовая карта,банковский перевод,0
user_237,2023-09-20 20:45:00,609.1,Страхование,Apple Pay,0
user_1828,2023-03-21 15:23:00,1013.76,Дебетовая карта,карта,0
user_309,2023-03-08 20:35:00,5553.73,Вклад,Apple Pay,0
user_839,2023-11-11 18:04:00,1769.84,Вклад,карта,0
user_277,2023-05-24 19:12:00,4552.5,Дебетовая карта,карта,0
user_1954,2023-03-27 16:15:00,2667.46,Кредит,карта,0
user_1001,2024-01-14 17:46:00,986.83,Кредит,карта,0
user_1766,2023-11-20 10:39:00,1583.86,Кредит,карта,0
user_63,2023-03-20 09:58:00,1975.95,Кредит,карта,0
user_81,2023-04-24 17:20:00,4069.12,Кредит,карта,0
user_1065,2023-11-15 13:26:00,1009.29,Кредит,криптовалюта,0
user_85,2023-02-03 14:40:00,7126.67,Вклад,карта,0
user_1088,2023-11-21 19:35:00,1307.22,Дебетовая карта,криптовалюта,0
user_1415,2024-03-26 16:47:00,3368.8,Кредит,карта,0
user_977,2023-03-09 11:35:00,2812.79,Кредит,карта,0
user_1568,2023-08-21 14:54:00,5864.06,Кредит,криптовалюта,0
user_204,2023-08-05 09:31:00,1371.07,Вклад,карта,0
user_498,2023-04-14 09:15:00,2628.09,Дебетовая карта,Apple Pay,0
user_321,2023-01-01 16:27:00,4119.74,Вклад,Google Pay,0
user_998,2024-03-08 09:28:00,2509.28,Дебетовая карта,Apple Pay,0
user_793,2024-02-21 15:21:00,76062.46,Кредит,карта,0
user_1079,2023-10-19 12:51:00,2511.97,Инвестиции,Apple Pay,0
user_307,2023-10-30 12:04:00,7687.66,Кредит,карта,0
user_892,2023-10-12 19:55:00,8646.64,Дебетовая карта,карта,0
user_1531,2023-10-30 20:48:00,1286.48,Вклад,карта,0
user_139,2023-06-24 19:06:00,2233.27,Вклад,Google Pay,0
user_1575,2024-02-09 20:33:00,2308.48,Дебетовая карта,Google Pay,0
user_438,2024-02-24 10:05:00,3846.34,Страхование,карта,0
user_1737,2023-06-06 09:14:00,1786.65,Дебетовая карта,Apple Pay,0
user_1630,2023-03-26 14:38:00,2577.0,Инвестиции,Google Pay,0
user_895,2023-04-01 12:44:00,1514.07,Кредит,карта,0
user_147,2023-04-20 13:47:00,3021.49,Дебетовая карта,криптовалюта,0
user_771,2023-06-29 11:48:00,2193.9,Кредит,карта,0
user_1245,2024-03-12 19:26:00,2964.36,Вклад,карта,0
user_679,2023-01-11 14:45:00,771.04,Дебетовая карта,карта,0
user_1269,2024-03-05 09:07:00,2610.59,Вклад,криптовалюта,0
user_1647,2023-05-11 10:10:00,1638.46,Страхование,Apple Pay,0
user_1913,2023-07-17 12:35:00,5820.86,Дебетовая карта,карта,0
user_796,2024-03-07 15:30:00,996.01,Вклад,карта,0
user_1975,2024-03-10 16:59:00,5060.44,Страхование,карта,0
user_498,2024-02-25 09:56:00,728.7,Инвестиции,криптовалюта,0
user_1891,2023-03-17 12:33:00,40731.42,Кредит,карта,0
user_286,2023-12-18 20:27:00,3790.0,Дебетовая карта,карта,0
user_1083,2023-05-08 13:22:00,1012.76,Ипотека,карта,0
user_1346,2023-05-14 11:42:00,503.83,Кредит,Apple Pay,0
user_84,2024-03-16 16:09:00,1574.22,Вклад,карта,0
user_888,2023-11-01 15:24:00,2094.1,Кредит,банковский перевод,0
user_555,2023-01-11 18:36:00,1126.57,Инвестиции,криптовалюта,0
user_1632,2023-04-17 13:31:00,2369.46,Страхование,Apple Pay,0
user_951,2023-09-15 16:04:00,56740.34,Ипотека,Apple Pay,1
user_208,2023-09-01 10:09:00,4013.25,Вклад,карта,0
user_79,2023-02-11 16:50:00,5128.94,Дебетовая карта,карта,0
user_48,2024-03-16 17:46:00,4012.4,Дебетовая карта,карта,0
user_75,2023-02-28 09:18:00,3718.17,Страхование,Apple Pay,0
user_970,2023-06-14 14:39:00,3224.11,Страхование,карта,0
user_649,2023-02-14 10:50:00,2411.95,Кредит,Google Pay,0
user_418,2023-09-21 13:49:00,579.45,Кредит,Google Pay,0
user_775,2023-11-02 19:38:00,3705.6,Вклад,банковский перевод,0
user_875,2023-08-18 19:59:00,1265.0,Кредит,Google Pay,0
user_1162,2023-12-04 16:02:00,762.35,Вклад,Apple Pay,0
user_996,2024-01-31 10:01:00,590.22,Инвестиции,карта,0
user_1866,2023-07-22 09:05:00,859.91,Дебетовая карта,банковский перевод,0
user_749,2023-07-30 13:07:00,51008.1,Кредит,карта,0
user_783,2024-03-20 11:12:00,96646.92,Инвестиции,карта,0
user_825,2024-01-03 17:21:00,3851.86,Дебетовая карта,Apple Pay,0
user_97,2023-04-29 19:02:00,2376.31,Инвестиции,банковский перевод,0
user_1499,2023-10-19 10:00:00,892.99,Кредит,карта,0
user_1081,2023-02-17 15:17:00,2295.29,Кредит,банковский перевод,0
user_798,2023-11-11 20:02:00,559.23,Кредит,карта,0
user_716,2023-10-10 19:07:00,4793.01,Дебетовая карта,Apple Pay,1
user_1038,2023-07-10 09:06:00,2183.92,Инвестиции,Apple Pay,0
user_1803,2024-03-17 12:10:00,2268.79,Вклад,Apple Pay,1
user_797,2024-02-12 12:16:00,1070.31,Кредит,криптовалюта,0
user_863,2024-01-18 18:33:00,2281.87,Кредит,карта,0
user_268,2024-01-21 11:47:00,2044.28,Страхование,Google Pay,1
user_644,2023-10-30 15:22:00,4948.44,Кредит,Apple Pay,0
user_1499,2023-02-24 15:48:00,1270.11,Кредит,Google Pay,0
user_1448,2023-02-14 10:52:00,5626.9,Вклад,криптовалюта,0
user_1611,2024-01-29 16:27:00,8311.63,Кредит,карта,0
user_987,2023-01-02 19:33:00,1982.69,Дебетовая карта,карта,0
user_1801,2023-02-06 13:50:00,53629.18,Дебетовая карта,Google Pay,0
user_1111,2024-02-17 16:08:00,5837.75,Дебетовая карта,карта,0
user_262,2023-03-14 13:45:00,2435.08,Кредит,карта,0
user_305,2023-12-14 17:13:00,3093.39,Дебетовая карта,Apple Pay,0
user_993,2023-05-23 12:43:00,2191.98,Кредит,карта,0
user_751,2023-12-17 09:42:00,3660.35,Ипотека,криптовалюта,0
user_215,2023-06-26 13:30:00,604.93,Дебетовая карта,карта,0
user_93,2023-08-01 20:33:00,2157.46,Страхование,карта,0
user_1238,2024-01-11 19:58:00,594.81,Кредит,Google Pay,0
user_1510,2023-10-28 20:35:00,74548.91,Кредит,карта,0
user_441,2023-06-18 18:52:00,6284.09,Дебетовая карта,Apple Pay,0
user_492,2023-05-19 20:26:00,977.38,Страхование,карта,0
user_1070,2023-04-15 17:14:00,1073.32,Кредит,Apple Pay,0
user_242,2023-07-03 15:28:00,1792.32,Кредит,карта,0
user_1676,2023-02-22 10:04:00,3175.5,Страхование,Google Pay,0
user_1180,2023-10-05 20:38:00,2930.83,Дебетовая карта,карта,0
user_724,2023-09-12 19:01:00,1299.23,Инвестиции,криптовалюта,0
user_1159,2023-02-08 20:53:00,1646.57,Кредит,карта,1
user_326,2023-09-10 10:11:00,879.85,Инвестиции,карта,0
user_632,2023-12-06 11:35:00,1023.18,Вклад,карта,0
user_1064,2023-12-11 13:28:00,1144.58,Кредит,карта,0
user_1925,2024-02-25 20:27:00,7001.28,Кредит,карта,0
user_1688,2023-04-03 09:10:00,5909.0,Инвестиции,карта,0
user_1272,2023-08-25 20:31:00,3410.56,Кредит,Apple Pay,0
user_671,2024-03-23 17:04:00,3314.16,Кредит,Google Pay,0
user_1853,2023-06-13 15:04:00,1732.84,Кредит,карта,0
user_258,2023-01-09 13:53:00,663.62,Дебетовая карта,карта,0
user_602,2023-10-02 15:32:00,2357.7,Дебетовая карта,карта,0
user_860,2023-09-06 19:19:00,715.97,Дебетовая карта,карта,0
user_1104,2023-05-03 12:34:00,504.44,Инвестиции,карта,0
user_1349,2023-05-03 20:41:00,1084.48,Кредит,карта,1
user_828,2023-05-23 12:26:00,2378.91,Страхование,карта,0
user_1886,2024-01-27 20:31:00,4451.65,Ипотека,Apple Pay,0
user_827,2023-03-07 09:34:00,1800.6,Кредит,карта,0
user_1260,2023-10-11 13:53:00,3803.44,Страхование,Google Pay,0
user_96,2023-01-21 12:45:00,723.93,Кредит,Apple Pay,0
user_315,2023-04-21 11:43:00,1549.43,Дебетовая карта,Google Pay,0
user_440,2024-02-10 11:25:00,3629.69,Кредит,карта,1
user_3,2024-03-19 10:08:00,1226.39,Кредит,карта,0
user_1739,2023-04-22 14:49:00,4749.1,Кредит,банковский перевод,0
user_1250,2023-07-17 13:50:00,591.43,Кредит,Apple Pay,0
user_1700,2023-04-27 13:14:00,10555.2,Кредит,карта,0
user_666,2023-02-20 15:58:00,6704.08,Ипотека,Google Pay,0
user_211,2023-04-27 09:56:00,4613.04,Инвестиции,Google Pay,1
user_656,2023-02-18 09:44:00,1419.21,Вклад,банковский перевод,0
user_37,2023-03-12 20:25:00,602.11,Дебетовая карта,Apple Pay,0
user_608,2023-11-01 11:12:00,1158.03,Ипотека,Apple Pay,0
user_205,2023-12-21 15:54:00,83185.81,Ипотека,карта,0
user_429,2024-02-24 16:46:00,2326.64,Страхование,Apple Pay,0
user_1278,2024-01-24 15:48:00,772.23,Вклад,карта,0
user_1925,2023-01-13 10:28:00,759.76,Дебетовая карта,Google Pay,0
user_480,2023-02-05 14:37:00,4951.49,Инвестиции,Apple Pay,0
user_1966,2023-06-17 20:52:00,1648.91,Дебетовая карта,Apple Pay,0
user_1526,2024-01-14 17:36:00,1604.34,Вклад,Apple Pay,0
user_241,2023-10-29 10:56:00,2018.71,Кредит,карта,0
user_12,2023-12-21 12:40:00,40543.23,Кредит,карта,0
user_226,2023-07-08 20:32:00,5546.42,Ипотека,Apple Pay,0
user_1432,2023-11-19 11:06:00,9433.23,Вклад,Apple Pay,0
user_1342,2024-02-14 16:39:00,6437.67,Вклад,криптовалюта,0
user_1773,2023-07-03 16:25:00,2187.04,Кредит,Apple Pay,0
user_1051,2023-10-17 16:13:00,2546.52,Дебетовая карта,карта,0
user_90,2024-02-14 20:45:00,2745.29,Кредит,Apple Pay,0
user_2000,2023-01-10 09:48:00,2353.47,Инвестиции,Apple Pay,0
user_1735,2023-03-08 20:21:00,2960.39,Дебетовая карта,Google Pay,0
user_1433,2023-03-22 17:41:00,3131.2,Дебетовая карта,Google Pay,0
user_1836,2023-10-16 18:30:00,4445.34,Кредит,Apple Pay,0
user_559,2023-05-24 14:37:00,2106.04,Дебетовая карта,криптовалюта,0
user_1072,2023-12-26 14:05:00,3857.58,Дебетовая карта,карта,0
user_1065,2023-07-02 16:46:00,2178.73,Страхование,Google Pay,0
user_570,2024-01-03 18:16:00,8640.23,Инвестиции,карта,0
user_1993,2023-01-11 11:07:00,3300.97,Дебетовая карта,Google Pay,0
user_1126,2023-11-03 12:10:00,3040.79,Дебетовая карта,карта,0
user_1839,2023-09-03 14:42:00,1888.42,Ипотека,Apple Pay,0
user_622,2024-02-24 10:03:00,927.75,Дебетовая карта,Google Pay,0
user_991,2024-01-07 19:20:00,784.95,Вклад,карта,0
user_1867,2023-03-28 12:28:00,963.08,Кредит,карта,0
user_359,2023-01-06 10:02:00,5726.94,Дебетовая карта,Google Pay,0
user_1088,2023-11-19 14:59:00,964.65,Кредит,карта,0
user_1593,2023-07-22 12:18:00,5598.23,Кредит,карта,0
user_1598,2024-02-25 11:43:00,1879.56,Кредит,Apple Pay,0
user_1503,2024-02-05 20:05:00,4627.03,Дебетовая карта,Apple Pay,0
user_1220,2023-11-02 18:40:00,2745.86,Кредит,карта,0
user_14,2024-01-18 20:52:00,2906.0,Инвестиции,Apple Pay,0
user_577,2023-11-27 11:50:00,3960.2,Дебетовая карта,Google Pay,0
user_1591,2023-11-08 12:38:00,1520.6,Кредит,карта,0
user_1001,2023-03-18 19:38:00,90402.98,Дебетовая карта,карта,0
user_718,2023-10-21 12:09:00,92190.44,Кредит,Apple Pay,0
user_1760,2023-07-15 13:51:00,1671.32,Кредит,карта,0
user_686,2024-03-23 16:47:00,2607.79,Кредит,криптовалюта,0
user_766,2024-03-05 17:21:00,3435.07,Страхование,карта,0
user_809,2023-04-16 12:18:00,1130.93,Дебетовая карта,Apple Pay,0
user_683,2023-04-08 17:58:00,1850.92,Кредит,Apple Pay,0
user_1012,2023-04-28 14:56:00,1558.59,Дебетовая карта,Google Pay,0
user_1913,2024-02-23 09:20:00,701.34,Кредит,Google Pay,0
user_1995,2023-06-08 12:56:00,1976.29,Страхование,Apple Pay,0
user_669,2023-12-17 09:37:00,3379.15,Ипотека,криптовалюта,0
user_740,2023-09-20 15:43:00,520.04,Кредит,Apple Pay,1
user_1720,2023-07-20 17:27:00,1790.37,Кредит,банковский перевод,0
user_1151,2024-03-06 19:03:00,1534.24,Страхование,карта,0
user_357,2023-03-11 13:03:00,2655.53,Вклад,Google Pay,0
user_1099,2023-02-01 09:53:00,858.83,Инвестиции,Apple Pay,0
user_1584,2023-08-14 18:49:00,1128.77,Вклад,криптовалюта,0
user_808,2023-03-17 17:37:00,3237.73,Кредит,карта,1
user_1231,2024-03-26 19:36:00,1914.77,Инвестиции,Apple Pay,0
user_1550,2023-11-04 15:35:00,2318.32,Кредит,Apple Pay,0
user_241,2023-09-22 19:52:00,2885.14,Кредит,Google Pay,0
user_1950,2023-04-11 09:15:00,741.19,Ипотека,Apple Pay,0
user_128,2023-08-01 11:24:00,3035.75,Вклад,криптовалюта,0
user_228,2023-07-17 20:26:00,93436.02,Дебетовая карта,карта,0
user_597,2023-03-27 13:01:00,2103.93,Кредит,Apple Pay,0
user_40,2023-01-14 16:15:00,2644.74,Кредит,криптовалюта,0
user_1315,2023-10-12 09:19:00,6174.91,Вклад,Apple Pay,0
user_1051,2023-09-18 15:35:00,5748.2,Инвестиции,карта,0
user_721,2023-09-29 12:21:00,3127.06,Вклад,карта,0
user_1975,2023-07-05 14:47:00,4148.06,Страхование,Google Pay,0
user_543,2023-03-06 15:46:00,5723.73,Вклад,криптовалюта,1
user_1759,2023-06-05 13:40:00,4699.46,Кредит,карта,0
user_1164,2023-10-21 15:25:00,3360.88,Дебетовая карта,карта,0
user_1386,2023-01-22 10:29:00,4090.23,Кредит,карта,0
user_1906,2023-11-15 11:25:00,3555.7,Кредит,карта,0
user_509,2023-04-23 11:53:00,2534.78,Кредит,карта,0
user_244,2024-02-29 20:53:00,2321.31,Инвестиции,Google Pay,0
user_1586,2023-07-03 17:17:00,55860.7,Кредит,карта,0
user_1290,2023-09-20 12:37:00,4337.25,Дебетовая карта,карта,0
user_395,2023-07-12 13:05:00,1282.07,Инвестиции,криптовалюта,0
user_1825,2023-04-30 14:35:00,4812.29,Вклад,криптовалюта,0
user_1436,2024-01-16 17:32:00,10859.4,Кредит,Apple Pay,0
user_1083,2023-08-14 14:53:00,2446.33,Дебетовая карта,карта,0
user_265,2024-01-17 13:33:00,2346.06,Страхование,карта,0
user_1929,2023-06-21 15:25:00,1888.72,Дебетовая карта,криптовалюта,0
user_1051,2024-01-22 17:10:00,3830.24,Кредит,криптовалюта,0
user_1196,2023-01-13 20:21:00,1078.58,Вклад,карта,0
user_55,2023-03-10 17:28:00,804.04,Дебетовая карта,банковский перевод,0
user_1346,2023-09-10 16:18:00,1846.9,Дебетовая карта,карта,0
user_1671,2023-09-16 16:36:00,8199.17,Кредит,Google Pay,0
user_1583,2024-02-15 13:30:00,2717.96,Ипотека,криптовалюта,0
user_754,2023-12-08 17:59:00,68997.94,Ипотека,карта,1
user_400,2023-04-01 20:28:00,3664.18,Дебетовая карта,карта,0
user_887,2023-04-08 12:21:00,77638.51,Кредит,Apple Pay,0
user_1121,2024-03-27 10:13:00,3424.79,Кредит,карта,0
user_539,2023-11-22 20:04:00,1023.06,Вклад,банковский перевод,0
user_1229,2023-07-05 13:29:00,666.13,Кредит,карта,0
user_1849,2023-12-14 15:08:00,1053.85,Вклад,Google Pay,0
user_241,2023-04-21 17:14:00,2910.38,Ипотека,карта,0
user_493,2023-08-15 13:26:00,1686.47,Кредит,банковский перевод,0
user_912,2023-12-06 11:42:00,2102.6,Кредит,Google Pay,0
user_348,2023-12-13 20:27:00,1998.18,Кредит,карта,0
user_1542,2023-02-10 17:45:00,1976.3,Дебетовая карта,карта,1
user_122,2023-01-15 11:20:00,3917.9,Инвестиции,карта,0
user_82,2023-08-21 15:11:00,2851.08,Кредит,Apple Pay,0
user_707,2023-04-01 20:43:00,9205.14,Вклад,Google Pay,0
user_827,2023-08-19 12:28:00,2065.5,Дебетовая карта,Google Pay,0
user_1411,2024-03-15 12:19:00,2998.66,Дебетовая карта,Apple Pay,0
user_292,2023-07-24 11:06:00,4773.18,Кредит,Apple Pay,0
user_1568,2024-02-11 17:20:00,580.15,Инвестиции,криптовалюта,0
user_352,2023-09-17 14:05:00,658.4,Инвестиции,карта,0
user_1898,2023-12-10 10:34:00,2984.17,Кредит,Google Pay,0
user_1026,2023-05-14 14:28:00,769.83,Вклад,карта,0
user_1534,2023-07-17 11:04:00,1496.39,Дебетовая карта,карта,0
user_59,2023-03-01 17:05:00,6739.52,Кредит,карта,0
user_1434,2023-08-19 12:41:00,6904.46,Дебетовая карта,банковский перевод,0
user_850,2023-10-14 11:40:00,680.14,Кредит,Google Pay,0
user_1005,2023-10-27 12:50:00,1973.84,Страхование,криптовалюта,0
user_52,2023-07-20 09:37:00,2461.65,Дебетовая карта,карта,0
user_1242,2023-07-24 13:27:00,5594.13,Страхование,карта,0
user_1852,2024-03-21 13:41:00,5124.81,Ипотека,карта,0
user_1991,2024-01-22 15:53:00,2242.77,Дебетовая карта,карта,0
user_1766,2023-08-15 11:29:00,2104.13,Вклад,банковский перевод,1
user_1436,2023-02-26 12:12:00,1704.86,Ипотека,карта,1
user_424,2023-02-05 10:50:00,3301.21,Кредит,криптовалюта,0
user_739,2024-01-26 19:01:00,88874.09,Кредит,карта,0
user_132,2024-03-19 13:24:00,806.2,Дебетовая карта,карта,0
user_450,2023-03-24 20:59:00,2121.14,Дебетовая карта,карта,0
user_502,2023-11-16 09:25:00,1495.55,Ипотека,карта,0
user_1334,2023-05-07 20:39:00,6654.56,Дебетовая карта,Apple Pay,0
user_57,2024-03-16 19:32:00,1608.06,Дебетовая карта,банковский перевод,0
user_1859,2023-05-09 18:41:00,876.62,Дебетовая карта,банковский перевод,0
user_1470,2023-12-20 20:36:00,8511.02,Дебетовая карта,карта,0
user_1345,2023-10-31 14:29:00,6401.4,Инвестиции,Apple Pay,0
user_1148,2023-03-03 11:59:00,1613.22,Вклад,карта,0
user_508,2023-03-23 09:47:00,1337.25,Страхование,карта,0
user_1088,2023-03-03 14:22:00,1746.61,Кредит,Apple Pay,0
user_1276,2023-07-09 13:02:00,4367.68,Инвестиции,карта,0
user_1704,2023-05-02 16:04:00,4335.99,Ипотека,карта,0
user_1366,2023-05-01 19:39:00,533.43,Ипотека,банковский перевод,0
user_1619,2023-08-22 15:58:00,3587.41,Ипотека,Google Pay,0
user_914,2023-01-23 19:28:00,714.92,Вклад,Google Pay,0
user_818,2023-08-13 11:23:00,1814.37,Вклад,Apple Pay,0
user_1562,2023-09-04 12:20:00,1131.89,Кредит,карта,0
user_1221,2024-03-27 18:36:00,1013.44,Кредит,карта,0
user_788,2023-05-14 19:51:00,2537.0,Страхование,карта,0
user_884,2024-03-24 17:13:00,4333.55,Дебетовая карта,банковский перевод,0
user_1113,2023-06-21 20:06:00,1968.14,Вклад,Apple Pay,0
user_1249,2023-12-28 15:27:00,3971.91,Вклад,Apple Pay,0
user_722,2023-03-14 20:12:00,2420.64,Вклад,Apple Pay,0
user_304,2023-09-26 15:23:00,2753.52,Дебетовая карта,банковский перевод,1
user_1797,2023-03-08 10:38:00,84483.75,Инвестиции,карта,0
user_601,2023-11-28 11:46:00,86562.63,Кредит,криптовалюта,0
user_324,2023-11-08 11:23:00,6827.77,Страхование,карта,0
user_504,2023-06-19 15:03:00,2282.43,Кредит,карта,0
user_1738,2024-03-08 15:41:00,2127.05,Инвестиции,криптовалюта,0
user_335,2023-10-01 13:50:00,70926.91,Страхование,карта,0
user_1395,2023-05-28 09:33:00,38208.93,Ипотека,Apple Pay,0
user_828,2023-02-24 18:01:00,5888.85,Кредит,карта,0
user_1215,2023-04-06 20:15:00,5301.81,Инвестиции,карта,0
user_1453,2023-08-22 19:14:00,1845.39,Дебетовая карта,банковский перевод,0
user_445,2023-05-17 09:48:00,627.25,Кредит,карта,0
user_793,2023-02-13 20:43:00,6664.5,Кредит,карта,0
user_1582,2023-05-23 14:31:00,1214.56,Страхование,карта,0
user_1966,2023-12-01 13:15:00,1003.13,Ипотека,банковский перевод,0
user_1707,2023-03-02 14:28:00,8795.78,Вклад,криптовалюта,0
user_605,2023-10-11 19:12:00,2178.22,Кредит,карта,0
user_475,2023-04-12 12:09:00,4680.57,Дебетовая карта,Apple Pay,0
user_1897,2023-03-06 18:42:00,4751.22,Кредит,Apple Pay,0
user_1374,2024-01-13 15:49:00,6314.59,Кредит,банковский перевод,0
user_388,2023-07-22 19:34:00,1002.39,Страхование,Apple Pay,0
user_1295,2023-01-16 11:30:00,1700.62,Кредит,Google Pay,0
user_642,2024-01-05 10:45:00,638.81,Вклад,карта,0
user_314,2024-02-09 11:33:00,2950.24,Дебетовая карта,карта,0
user_329,2024-02-07 12:23:00,9663.77,Кредит,Google Pay,1
user_757,2023-07-24 14:19:00,2822.32,Дебетовая карта,карта,0
user_476,2023-08-30 12:47:00,2955.89,Кредит,карта,0
user_1571,2023-11-07 10:51:00,4335.29,Вклад,криптовалюта,0
user_315,2023-05-01 15:56:00,2343.58,Вклад,Google Pay,0
user_375,2023-11-07 20:36:00,1942.77,Инвестиции,карта,0
user_1250,2024-01-04 14:10:00,2490.21,Кредит,карта,0
user_869,2023-03-22 16:08:00,1300.78,Кредит,карта,1
user_402,2023-07-22 14:04:00,1335.9,Дебетовая карта,карта,0
user_139,2024-01-21 09:18:00,1878.11,Инвестиции,карта,0
user_171,2024-01-25 09:05:00,2104.81,Вклад,карта,0
user_583,2024-01-19 12:54:00,4023.27,Ипотека,банковский перевод,0
user_533,2023-03-10 10:34:00,2223.53,Кредит,Apple Pay,0
user_1162,2024-03-09 18:36:00,6415.74,Страхование,карта,0
user_1357,2023-05-01 09:46:00,3104.53,Вклад,карта,0
user_332,2023-02-23 11:26:00,4792.55,Кредит,карта,0
user_858,2023-06-12 19:14:00,1204.97,Кредит,Google Pay,0
user_933,2023-10-24 14:14:00,2895.71,Дебетовая карта,Apple Pay,0
user_313,2024-03-22 18:44:00,9193.79,Дебетовая карта,Apple Pay,0
user_978,2023-07-28 11:38:00,579.12,Дебетовая карта,Google Pay,0
user_127,2024-03-15 12:40:00,2413.64,Страхование,карта,0
user_624,2024-01-26 14:04:00,1854.5,Кредит,карта,0
user_1459,2024-02-21 10:45:00,683.1,Страхование,карта,0
user_490,2023-08-06 17:42:00,753.0,Дебетовая карта,карта,0
user_1409,2023-04-02 10:07:00,2660.2,Кредит,карта,1
user_214,2023-04-02 19:05:00,3638.18,Вклад,карта,0
user_924,2023-11-06 13:49:00,6450.81,Дебетовая карта,Apple Pay,0
user_1805,2023-09-30 18:49:00,4630.44,Кредит,карта,0
user_1056,2024-02-15 18:22:00,8700.33,Вклад,карта,0
user_1633,2024-02-23 13:35:00,581.78,Дебетовая карта,карта,0
user_481,2023-04-18 18:06:00,9277.8,Кредит,карта,0
user_372,2024-03-13 14:50:00,2896.69,Дебетовая карта,карта,0
user_971,2023-08-15 10:06:00,2752.8,Дебетовая карта,карта,0
user_496,2024-02-07 16:08:00,1583.13,Страхование,банковский перевод,0
user_1458,2023-06-15 15:27:00,3423.99,Дебетовая карта,карта,0
user_704,2023-02-03 15:10:00,8041.62,Дебетовая карта,Apple Pay,0
user_1544,2023-05-22 17:41:00,3109.64,Вклад,Google Pay,0
user_71,2023-02-06 15:15:00,1249.2,Ипотека,банковский перевод,0
user_681,2023-07-20 18:24:00,3142.47,Кредит,карта,0
user_486,2023-09-24 09:29:00,2331.09,Вклад,карта,0
user_1358,2023-12-17 16:57:00,1457.07,Кредит,карта,0
user_413,2023-12-24 10:03:00,2496.1,Кредит,Apple Pay,0
user_973,2023-05-12 18:50:00,1886.46,Страхование,карта,0
user_721,2023-11-27 17:40:00,1263.1,Дебетовая карта,карта,0
user_1479,2023-05-23 17:38:00,621.53,Кредит,криптовалюта,0
user_740,2023-02-07 20:45:00,898.85,Дебетовая карта,карта,0
user_1382,2023-04-10 12:40:00,5432.38,Дебетовая карта,карта,0
user_179,2023-04-21 18:28:00,1932.37,Ипотека,банковский перевод,0
user_1501,2023-02-13 17:56:00,1373.54,Ипотека,Apple Pay,0
user_1278,2023-06-01 20:43:00,2467.27,Кредит,криптовалюта,0
user_330,2023-11-30 13:30:00,3321.81,Инвестиции,карта,1
user_218,2023-04-12 16:51:00,2991.42,Дебетовая карта,карта,0
user_645,2023-10-23 19:09:00,1331.42,Дебетовая карта,карта,0
user_1977,2023-10-04 12:33:00,12865.79,Кредит,Google Pay,0
user_530,2023-02-15 13:22:00,1327.43,Инвестиции,банковский перевод,0
user_950,2023-08-29 17:34:00,1432.91,Вклад,криптовалюта,0
user_895,2024-02-07 12:22:00,1839.14,Ипотека,Google Pay,0
user_590,2023-08-03 16:50:00,6297.2,Страхование,Google Pay,0
user_930,2023-09-28 20:28:00,2597.77,Дебетовая карта,карта,0
user_352,2023-08-29 17:08:00,1021.36,Инвестиции,карта,0
user_1335,2023-03-10 13:04:00,1713.32,Дебетовая карта,карта,0
user_320,2023-07-08 13:37:00,1117.34,Инвестиции,Apple Pay,0
user_1140,2024-03-17 15:57:00,1856.5,Кредит,банковский перевод,0
user_637,2023-10-02 16:50:00,1719.23,Дебетовая карта,Apple Pay,1
user_1160,2023-09-21 20:37:00,663.24,Инвестиции,карта,1
user_1096,2023-06-02 14:38:00,1413.7,Кредит,карта,0
user_1266,2023-05-12 17:00:00,3331.42,Инвестиции,карта,0
user_1211,2023-11-28 09:09:00,5391.23,Кредит,карта,0
user_546,2024-03-18 18:44:00,1615.98,Вклад,криптовалюта,0
user_1177,2024-02-27 17:06:00,1911.19,Вклад,Google Pay,0
user_453,2024-01-20 11:36:00,4870.81,Кредит,карта,0
user_777,2024-02-10 17:02:00,3530.08,Инвестиции,карта,0
user_431,2023-12-26 18:07:00,7149.43,Кредит,карта,0
user_1069,2024-03-04 11:03:00,1924.41,Инвестиции,карта,0
user_1559,2023-09-10 17:05:00,819.53,Ипотека,карта,0
user_1211,2023-03-12 16:04:00,884.17,Вклад,карта,0
user_195,2024-01-14 12:50:00,1766.61,Ипотека,карта,0
user_154,2023-12-04 12:47:00,4368.31,Вклад,карта,0
user_633,2023-04-03 14:57:00,4729.67,Ипотека,карта,0
user_1178,2024-02-09 19:08:00,1313.98,Страхование,карта,0
user_561,2023-05-23 09:53:00,1096.5,Вклад,карта,0
user_1991,2023-12-24 19:06:00,5346.32,Ипотека,Apple Pay,0
user_1184,2023-06-03 17:21:00,3476.45,Дебетовая карта,Google Pay,1
user_1789,2023-05-14 20:32:00,780.97,Дебетовая карта,карта,0
user_1849,2023-12-04 18:37:00,1887.57,Инвестиции,банковский перевод,0
user_193,2023-12-03 20:29:00,2854.36,Вклад,Apple Pay,0
user_1758,2024-01-29 09:04:00,5596.89,Кредит,Apple Pay,0
user_102,2023-06-28 14:19:00,816.84,Дебетовая карта,карта,0
user_211,2024-02-12 09:06:00,5496.67,Вклад,криптовалюта,0
user_1081,2023-10-14 09:11:00,972.87,Кредит,Apple Pay,0
user_1081,2024-01-26 18:46:00,1415.4,Дебетовая карта,Google Pay,0
user_1297,2023-06-06 11:19:00,4237.08,Кредит,Apple Pay,0
user_75,2023-03-24 11:49:00,9691.86,Кредит,криптовалюта,0
user_216,2023-04-22 11:15:00,619.63,Инвестиции,Google Pay,0
user_1585,2023-03-07 19:54:00,7917.08,Кредит,Google Pay,0
user_1183,2023-04-02 18:16:00,1329.29,Инвестиции,карта,0
user_750,2023-07-03 20:37:00,3030.44,Дебетовая карта,Apple Pay,0
user_365,2024-01-04 14:37:00,1722.22,Ипотека,Apple Pay,0
user_430,2023-05-05 17:59:00,2867.18,Страхование,карта,0
user_614,2023-03-13 15:16:00,3238.63,Дебетовая карта,карта,0
user_969,2023-10-18 14:24:00,3993.25,Кредит,Google Pay,0
user_1629,2023-06-26 15:12:00,527.29,Инвестиции,карта,0
user_871,2023-05-11 09:25:00,2974.01,Страхование,Apple Pay,1
user_875,2023-10-06 16:12:00,1613.61,Кредит,карта,0
user_1887,2024-01-05 13:48:00,2143.37,Ипотека,Apple Pay,0
user_187,2024-01-09 09:02:00,7681.24,Дебетовая карта,криптовалюта,0
user_67,2023-09-01 19:22:00,3978.38,Кредит,криптовалюта,0
user_1986,2023-10-05 16:45:00,1877.9,Кредит,Apple Pay,0
user_1900,2024-02-06 15:46:00,2740.51,Инвестиции,карта,0
user_807,2023-10-01 12:34:00,5078.51,Дебетовая карта,карта,0
user_469,2023-12-03 19:06:00,6341.3,Инвестиции,карта,0
user_246,2023-06-02 10:10:00,84432.57,Дебетовая карта,карта,1
user_291,2023-04-13 19:23:00,753.6,Кредит,карта,0
user_1785,2024-02-23 15:01:00,3381.92,Кредит,карта,0
user_1484,2023-07-01 17:37:00,1788.53,Инвестиции,карта,0
user_1690,2023-06-17 10:45:00,831.04,Кредит,карта,0
user_1046,2023-08-26 18:16:00,3013.96,Ипотека,Google Pay,0
user_1316,2023-03-13 13:14:00,994.24,Кредит,банковский перевод,0
user_1792,2023-08-20 15:07:00,940.28,Ипотека,карта,0
user_716,2023-08-01 13:31:00,28075.86,Кредит,карта,0
user_1086,2023-12-13 14:16:00,2492.18,Дебетовая карта,карта,0
user_577,2024-02-16 18:57:00,2270.79,Кредит,карта,0
user_1011,2023-04-16 16:45:00,1206.49,Кредит,Apple Pay,0
user_425,2024-02-11 11:15:00,3478.3,Инвестиции,Apple Pay,0
user_413,2024-03-08 15:09:00,2411.73,Кредит,Google Pay,0
user_715,2023-03-29 20:53:00,2443.81,Инвестиции,Apple Pay,0
user_1900,2023-04-15 15:42:00,1105.04,Вклад,карта,0
user_543,2023-07-23 12:42:00,9023.8,Страхование,криптовалюта,0
user_1329,2023-02-07 11:01:00,3473.47,Дебетовая карта,криптовалюта,0
user_1144,2024-02-10 10:52:00,1112.41,Ипотека,Google Pay,0
user_1204,2023-07-05 10:34:00,1897.83,Инвестиции,банковский перевод,0
user_261,2023-05-25 14:58:00,5996.82,Ипотека,криптовалюта,0
user_1581,2023-10-14 09:05:00,6296.28,Кредит,карта,0
user_1570,2023-12-17 17:29:00,2252.93,Кредит,Google Pay,0
user_203,2023-12-24 11:13:00,25775.87,Инвестиции,Google Pay,0
user_789,2023-07-05 18:58:00,2773.7,Вклад,карта,0
user_1733,2023-04-24 16:26:00,1818.22,Дебетовая карта,карта,0
user_475,2024-02-05 18:10:00,1072.15,Дебетовая карта,Apple Pay,0
user_1001,2023-11-09 09:30:00,2066.06,Дебетовая карта,карта,0
user_1655,2023-05-02 13:19:00,7690.49,Вклад,Apple Pay,0
user_1605,2023-09-14 19:31:00,6404.11,Дебетовая карта,карта,0
user_775,2024-01-30 20:13:00,6250.02,Дебетовая карта,карта,1
user_1426,2024-01-11 11:06:00,1099.88,Дебетовая карта,карта,0
user_1862,2023-04-05 13:10:00,3357.84,Дебетовая карта,криптовалюта,0
user_903,2023-09-25 16:42:00,5801.74,Кредит,банковский перевод,0
user_1949,2024-02-19 11:58:00,6632.18,Кредит,банковский перевод,0
user_1540,2024-01-13 09:37:00,2429.33,Вклад,Apple Pay,0
user_1296,2023-04-28 09:40:00,3195.5,Ипотека,Google Pay,0
user_1442,2023-01-27 11:41:00,583.74,Кредит,карта,0
user_375,2023-02-08 18:01:00,5188.49,Ипотека,Apple Pay,0
user_8,2023-05-22 12:09:00,4329.02,Вклад,карта,0
user_1655,2023-08-31 11:09:00,5003.64,Ипотека,карта,0
user_1419,2023-06-28 14:37:00,796.81,Дебетовая карта,Google Pay,0
user_1876,2023-02-08 11:03:00,9452.39,Вклад,карта,0
user_1018,2023-12-27 15:14:00,1350.2,Дебетовая карта,криптовалюта,0
user_772,2023-08-31 18:45:00,1950.01,Ипотека,банковский перевод,0
user_1679,2024-02-25 11:09:00,2802.81,Кредит,карта,0
user_1884,2023-12-14 20:10:00,3473.6,Кредит,карта,0
user_1620,2023-11-17 15:53:00,3027.28,Инвестиции,Google Pay,0
user_1655,2023-03-29 13:37:00,1440.72,Кредит,Google Pay,0
user_342,2024-01-28 18:28:00,5481.45,Ипотека,Google Pay,0
user_1737,2023-06-18 11:24:00,1204.39,Кредит,Google Pay,0
user_44,2024-03-29 11:56:00,950.55,Кредит,Google Pay,0
user_1511,2023-05-08 10:43:00,2285.11,Дебетовая карта,криптовалюта,0
user_393,2023-07-27 17:59:00,889.32,Страхование,карта,0
user_83,2023-03-09 15:15:00,9138.5,Вклад,банковский перевод,0
user_1483,2023-08-15 12:11:00,3528.22,Ипотека,Google Pay,0
user_679,2023-08-25 14:46:00,1416.37,Вклад,Apple Pay,0
user_1743,2023-08-15 16:42:00,1492.89,Вклад,карта,0
user_566,2023-01-25 14:31:00,5095.68,Вклад,банковский перевод,0
user_1402,2023-10-16 09:06:00,1451.88,Дебетовая карта,карта,0
user_1288,2024-01-22 18:25:00,2453.27,Вклад,Google Pay,0
user_1642,2023-01-02 12:38:00,5664.05,Ипотека,карта,0
user_1723,2023-11-06 18:33:00,2282.99,Ипотека,Apple Pay,0
user_1175,2023-12-15 11:08:00,2346.15,Кредит,карта,0
user_692,2023-06-02 19:53:00,1429.56,Дебетовая карта,карта,0
user_1014,2023-02-06 11:03:00,2742.95,Вклад,карта,0
user_1204,2023-12-14 18:55:00,2760.33,Страхование,карта,0
user_1941,2023-03-25 15:26:00,10361.51,Дебетовая карта,карта,0
user_345,2024-03-20 20:50:00,4259.98,Ипотека,карта,0
user_162,2023-04-06 13:46:00,3711.0,Дебетовая карта,карта,0
user_929,2023-10-04 16:04:00,699.73,Кредит,Apple Pay,0
user_843,2023-07-04 20:27:00,3526.72,Страхование,Google Pay,0
user_1802,2024-02-06 13:50:00,1073.05,Вклад,карта,0
user_557,2024-01-12 16:48:00,81567.32,Ипотека,Apple Pay,0
user_297,2023-01-22 13:05:00,643.98,Кредит,Apple Pay,0
user_245,2023-11-14 12:31:00,827.03,Кредит,Google Pay,0
user_1789,2024-01-19 17:39:00,5995.61,Ипотека,банковский перевод,0
user_1212,2023-01-23 16:20:00,2154.42,Дебетовая карта,криптовалюта,0
user_1953,2024-03-26 13:44:00,2410.93,Кредит,Google Pay,1
user_527,2023-09-29 13:12:00,5476.11,Страхование,Google Pay,0
user_163,2023-04-29 15:53:00,4790.47,Ипотека,карта,0
user_926,2024-03-21 12:02:00,3191.61,Ипотека,карта,0
user_346,2023-04-11 15:24:00,1812.16,Ипотека,Apple Pay,0
user_274,2023-03-04 11:34:00,2972.21,Кредит,Apple Pay,0
user_1766,2023-05-02 11:22:00,4542.96,Инвестиции,Apple Pay,0
user_780,2024-02-15 19:19:00,7524.96,Кредит,Google Pay,0
user_141,2023-12-16 20:16:00,57737.69,Дебетовая карта,Apple Pay,0
user_401,2023-01-02 11:49:00,719.73,Кредит,карта,0
user_734,2023-02-18 12:57:00,6497.77,Дебетовая карта,криптовалюта,0
user_1794,2023-04-02 14:53:00,512.6,Кредит,криптовалюта,0
user_1277,2024-01-21 12:14:00,4891.25,Инвестиции,карта,0
user_1045,2023-09-23 12:44:00,2487.76,Ипотека,Apple Pay,0
user_1166,2023-11-04 14:24:00,3859.74,Кредит,криптовалюта,0
user_1600,2023-02-16 17:55:00,36725.79,Кредит,Apple Pay,0
user_388,2024-02-03 16:43:00,2355.04,Кредит,Apple Pay,1
user_972,2024-02-11 11:46:00,2203.24,Вклад,криптовалюта,0
user_773,2023-02-17 18:13:00,1870.32,Инвестиции,Google Pay,0
user_85,2023-09-26 09:00:00,2002.44,Страхование,Apple Pay,0
user_1102,2023-10-23 19:06:00,4422.45,Дебетовая карта,карта,0
user_1390,2024-01-14 18:43:00,3928.29,Ипотека,Google Pay,0
user_1333,2023-05-05 19:36:00,1360.33,Дебетовая карта,криптовалюта,0
user_96,2023-03-25 19:16:00,1798.59,Страхование,карта,0
user_790,2023-08-15 10:23:00,2482.63,Дебетовая карта,Apple Pay,0
user_791,2023-10-22 19:26:00,82483.5,Вклад,Apple Pay,0
user_312,2023-10-09 10:14:00,12222.81,Дебетовая карта,карта,0
user_1094,2023-09-19 09:20:00,33121.48,Кредит,Google Pay,0
user_1062,2023-01-28 14:15:00,1785.25,Вклад,криптовалюта,1
user_1560,2023-04-29 14:09:00,4966.42,Кредит,карта,0
user_1528,2023-12-12 14:54:00,11378.54,Вклад,Google Pay,1
user_1798,2023-04-13 09:24:00,1890.67,Вклад,карта,0
user_850,2023-02-17 13:46:00,2207.61,Дебетовая карта,карта,0
user_410,2024-03-03 14:11:00,5188.4,Кредит,карта,0
user_1083,2023-06-26 12:07:00,500.6,Инвестиции,Apple Pay,0
user_1328,2023-12-27 17:17:00,1006.57,Кредит,криптовалюта,0
user_667,2023-08-09 14:25:00,5157.72,Кредит,Apple Pay,0
user_941,2023-12-13 17:00:00,1225.01,Дебетовая карта,карта,0
user_1838,2023-04-12 20:24:00,2383.55,Кредит,карта,0
user_1536,2023-07-30 18:45:00,10475.29,Дебетовая карта,карта,0
user_1220,2023-09-15 20:35:00,1047.91,Страхование,карта,0
user_1880,2024-02-03 14:13:00,1421.35,Страхование,Apple Pay,0
user_29,2023-02-20 15:53:00,84201.16,Дебетовая карта,банковский перевод,0
user_1066,2023-07-06 17:31:00,6617.39,Кредит,криптовалюта,0
user_533,2024-01-02 18:41:00,1917.86,Ипотека,карта,0
user_574,2023-06-11 13:28:00,2012.86,Инвестиции,карта,0
user_1569,2024-01-10 16:10:00,954.55,Кредит,Apple Pay,0
user_1598,2023-05-04 12:36:00,22622.21,Вклад,Apple Pay,0
user_973,2023-12-15 10:43:00,686.04,Ипотека,карта,1
user_1054,2023-10-10 11:08:00,8309.49,Ипотека,банковский перевод,0
user_1200,2023-03-08 18:14:00,1812.53,Дебетовая карта,Apple Pay,0
user_1765,2023-03-30 14:38:00,685.71,Вклад,Apple Pay,0
user_44,2023-07-21 15:21:00,3711.76,Вклад,Google Pay,0
user_1133,2023-07-13 16:38:00,4590.41,Страхование,карта,0
user_136,2023-12-02 19:19:00,1872.99,Ипотека,Google Pay,0
user_1875,2023-02-24 10:40:00,3173.54,Дебетовая карта,криптовалюта,0
user_477,2023-07-16 13:44:00,2511.2,Кредит,криптовалюта,0
user_36,2023-11-03 19:52:00,5587.16,Страхование,карта,0
user_1619,2023-12-08 16:53:00,2164.85,Ипотека,карта,0
user_1478,2023-03-14 20:24:00,8044.82,Инвестиции,Google Pay,0
user_1804,2023-04-23 15:53:00,4403.0,Кредит,карта,1
user_694,2023-02-27 11:38:00,2726.42,Инвестиции,Apple Pay,0
user_554,2023-11-01 17:53:00,1298.47,Кредит,Google Pay,0
user_1338,2023-12-13 18:07:00,1107.07,Ипотека,карта,0
user_1892,2023-06-12 17:49:00,5275.02,Страхование,карта,0
user_1885,2023-06-16 15:12:00,1178.17,Кредит,Apple Pay,0
user_800,2024-01-29 15:05:00,41070.89,Кредит,банковский перевод,0
user_1308,2023-09-18 12:27:00,1402.36,Кредит,Apple Pay,0
user_1655,2023-06-07 19:50:00,1879.37,Кредит,банковский перевод,0
user_1490,2023-03-12 12:24:00,563.62,Кредит,Google Pay,0
user_1202,2024-01-24 12:42:00,1104.63,Инвестиции,карта,0
user_317,2023-01-23 20:20:00,3229.09,Кредит,карта,0
user_1264,2023-05-03 17:36:00,3917.51,Ипотека,Apple Pay,0
user_342,2023-08-27 20:25:00,6129.46,Кредит,карта,0
user_903,2023-09-03 14:10:00,1204.89,Вклад,карта,0
user_1147,2023-05-23 16:07:00,737.88,Вклад,карта,0
user_53,2023-11-29 16:38:00,1009.05,Дебетовая карта,Apple Pay,0
user_862,2024-01-07 14:47:00,2269.02,Дебетовая карта,криптовалюта,0
user_627,2023-12-07 11:16:00,1010.18,Страхование,банковский перевод,0
user_223,2023-07-17 10:33:00,2100.33,Кредит,Google Pay,0
user_1295,2024-02-20 18:43:00,4602.73,Дебетовая карта,карта,0
user_1457,2023-03-31 18:07:00,5378.43,Страхование,карта,0
user_1788,2023-07-07 20:45:00,3162.07,Дебетовая карта,карта,0
user_1398,2023-03-08 15:59:00,2390.31,Кредит,Apple Pay,0
user_367,2023-07-23 16:22:00,2195.67,Кредит,Apple Pay,0
user_184,2023-08-16 15:11:00,2671.24,Вклад,карта,0
user_1645,2024-03-04 19:06:00,2083.19,Ипотека,карта,0
user_98,2023-03-20 16:24:00,539.41,Кредит,банковский перевод,0
user_761,2023-11-06 09:45:00,2054.23,Дебетовая карта,карта,0
user_758,2023-01-11 11:43:00,1286.21,Кредит,Google Pay,0
user_364,2023-06-08 11:52:00,536.81,Ипотека,Apple Pay,0
user_1266,2023-10-01 12:43:00,1153.46,Ипотека,Apple Pay,0
user_1541,2023-03-02 14:11:00,2855.41,Дебетовая карта,карта,0
user_1788,2023-10-26 12:14:00,509.14,Кредит,криптовалюта,0
user_939,2023-04-27 18:51:00,742.77,Вклад,Apple Pay,0
user_870,2023-04-04 10:35:00,1427.71,Вклад,Apple Pay,0
user_407,2023-10-20 19:49:00,2585.98,Вклад,Google Pay,0
user_169,2023-12-27 09:03:00,2490.44,Кредит,карта,0
user_1682,2023-03-26 13:44:00,2301.69,Кредит,карта,0
user_1681,2024-01-23 17:51:00,2978.07,Кредит,Google Pay,0
user_1963,2023-06-19 16:08:00,536.58,Страхование,карта,0
user_250,2023-02-19 18:24:00,770.84,Дебетовая карта,Google Pay,0
user_844,2023-11-27 20:34:00,6427.43,Кредит,карта,0
user_1275,2023-02-18 16:48:00,1296.2,Ипотека,Google Pay,0
user_1762,2023-05-06 14:37:00,3904.2,Инвестиции,Google Pay,1
user_827,2023-12-05 11:03:00,650.98,Инвестиции,Google Pay,0
user_277,2023-10-18 09:27:00,76622.22,Вклад,Apple Pay,0
user_1820,2023-05-17 14:52:00,2058.57,Вклад,Apple Pay,0
user_167,2024-03-01 17:22:00,3012.84,Дебетовая карта,криптовалюта,0
user_1410,2023-10-06 10:59:00,5438.81,Кредит,карта,0
user_733,2024-02-02 13:01:00,1803.45,Страхование,банковский перевод,0
user_1,2024-01-22 09:06:00,919.21,Дебетовая карта,Google Pay,0
user_1052,2023-01-03 11:55:00,2074.2,Дебетовая карта,карта,0
user_746,2023-08-06 11:57:00,635.03,Вклад,карта,0
user_873,2023-07-09 17:32:00,4526.57,Дебетовая карта,криптовалюта,0
user_361,2023-02-21 17:57:00,2023.51,Страхование,карта,0
user_1346,2024-03-20 18:40:00,762.56,Кредит,карта,0
user_568,2023-12-02 20:33:00,1219.12,Инвестиции,карта,0
user_305,2024-02-17 13:19:00,3173.81,Ипотека,криптовалюта,0
user_798,2023-02-20 14:37:00,2895.8,Вклад,карта,0
user_376,2023-07-05 10:26:00,43162.32,Дебетовая карта,карта,0
user_1083,2023-09-26 10:32:00,636.08,Кредит,карта,0
user_1065,2023-06-23 16:00:00,4676.31,Инвестиции,Apple Pay,0
user_1597,2024-01-12 13:24:00,512.81,Дебетовая карта,карта,0
user_1960,2023-02-20 14:23:00,1610.62,Инвестиции,карта,0
user_173,2023-01-28 15:17:00,1512.49,Дебетовая карта,карта,0
user_75,2023-06-12 09:38:00,1516.86,Инвестиции,Apple Pay,0
user_883,2023-03-06 16:25:00,1285.9,Дебетовая карта,карта,0
user_135,2023-12-05 13:39:00,2842.89,Вклад,Apple Pay,0
user_1702,2024-03-01 12:07:00,87703.03,Кредит,Google Pay,0
user_1616,2023-10-04 10:13:00,2739.61,Ипотека,Apple Pay,0
user_865,2023-12-08 17:01:00,1910.71,Вклад,карта,0
user_1922,2023-09-25 16:19:00,3793.0,Вклад,карта,0
user_1039,2023-12-07 17:37:00,1237.58,Кредит,криптовалюта,0
user_1091,2023-04-24 12:32:00,1547.66,Вклад,карта,0
user_1558,2023-02-17 13:59:00,2086.81,Дебетовая карта,криптовалюта,1
user_1103,2023-10-20 19:19:00,5400.08,Дебетовая карта,карта,0
user_1426,2023-11-29 17:11:00,640.63,Дебетовая карта,Apple Pay,0
user_479,2023-04-11 14:38:00,918.24,Дебетовая карта,карта,0
user_1020,2023-11-19 20:06:00,2231.05,Инвестиции,Google Pay,0
user_1621,2023-10-19 20:10:00,670.79,Дебетовая карта,карта,0
user_1935,2024-03-10 19:09:00,2889.59,Инвестиции,Google Pay,0
user_385,2023-04-07 11:05:00,73537.29,Кредит,карта,0
user_73,2023-06-15 14:27:00,1511.35,Дебетовая карта,карта,0
user_1188,2024-01-14 14:11:00,15569.81,Вклад,карта,0
user_110,2023-11-10 16:28:00,2893.81,Ипотека,криптовалюта,0
user_1366,2023-10-20 11:46:00,3202.07,Дебетовая карта,Google Pay,0
user_855,2023-04-29 09:24:00,4500.8,Вклад,карта,0
user_1602,2023-04-20 15:27:00,4049.43,Страхование,карта,0
user_316,2024-02-24 13:05:00,4928.16,Инвестиции,криптовалюта,0
user_92,2023-08-22 18:15:00,3287.88,Ипотека,карта,0
user_434,2023-05-22 11:43:00,903.02,Дебетовая карта,карта,0
user_127,2023-03-17 12:05:00,1097.77,Инвестиции,карта,1
user_301,2023-06-25 19:26:00,3619.09,Ипотека,карта,0
user_1516,2023-02-23 18:21:00,6315.46,Дебетовая карта,криптовалюта,0
user_1385,2023-03-17 09:20:00,1849.13,Вклад,Apple Pay,0
user_1244,2023-03-13 15:25:00,2529.64,Дебетовая карта,карта,0
user_843,2023-10-27 12:04:00,5031.8,Кредит,Google Pay,0
user_447,2023-02-21 10:16:00,3608.38,Кредит,Google Pay,0
user_1669,2023-11-23 15:21:00,4338.12,Кредит,карта,0
user_1753,2023-04-19 10:08:00,51632.52,Вклад,карта,0
user_501,2023-04-30 14:35:00,809.72,Инвестиции,карта,0
user_1793,2024-03-06 20:15:00,6548.12,Кредит,карта,1
user_1247,2023-11-30 10:47:00,1432.62,Кредит,карта,0
user_692,2024-02-27 16:32:00,1113.26,Кредит,карта,0
user_427,2023-06-18 19:57:00,663.81,Страхование,карта,0
user_1182,2023-11-18 09:52:00,707.6,Дебетовая карта,Google Pay,0
user_29,2024-01-03 13:15:00,39606.26,Страхование,карта,0
user_633,2023-12-16 16:45:00,9076.36,Кредит,Apple Pay,0
user_1378,2024-03-22 13:50:00,1639.52,Вклад,Apple Pay,0
user_994,2023-08-02 19:14:00,5272.5,Страхование,Google Pay,0
user_292,2024-01-10 17:27:00,5125.55,Инвестиции,карта,1
user_319,2024-02-23 13:44:00,1758.73,Вклад,карта,0
user_1388,2023-08-24 10:17:00,1895.32,Ипотека,карта,0
user_1675,2023-12-31 14:51:00,2012.09,Кредит,карта,0
user_1382,2023-02-27 18:53:00,6657.46,Вклад,карта,0
user_315,2024-03-27 17:28:00,1240.85,Дебетовая карта,карта,1
user_1337,2023-01-29 11:39:00,744.52,Ипотека,Apple Pay,0
user_554,2024-02-06 18:36:00,1157.6,Дебетовая карта,Google Pay,0
user_1184,2024-01-28 12:19:00,2914.12,Вклад,карта,0
user_1182,2023-02-10 16:10:00,3023.51,Ипотека,Google Pay,1
user_1770,2023-05-06 10:50:00,4497.33,Кредит,карта,0
user_1651,2023-04-04 19:13:00,2696.62,Дебетовая карта,Apple Pay,0
user_152,2023-02-04 20:17:00,536.18,Дебетовая карта,Apple Pay,0
user_1,2023-11-25 10:11:00,8371.1,Кредит,карта,0
user_1864,2023-07-01 18:00:00,11057.62,Вклад,карта,0
user_612,2023-10-15 18:06:00,2236.13,Дебетовая карта,банковский перевод,0
user_132,2023-07-16 20:32:00,1526.9,Кредит,карта,0
user_383,2023-12-08 17:24:00,813.49,Кредит,карта,0
user_991,2023-11-21 20:18:00,626.84,Кредит,карта,0
user_1778,2023-01-22 18:18:00,791.73,Дебетовая карта,Google Pay,0
user_1847,2023-10-19 10:13:00,6954.9,Вклад,карта,0
user_1313,2023-12-11 09:29:00,8344.79,Кредит,карта,0
user_538,2023-12-11 14:09:00,1099.45,Ипотека,карта,0
user_1425,2023-10-16 10:34:00,1284.96,Кредит,карта,0
user_1676,2023-07-11 15:55:00,3149.57,Кредит,карта,0
user_822,2024-02-07 17:29:00,2302.93,Дебетовая карта,карта,0
user_1187,2023-12-30 10:16:00,10488.45,Кредит,Apple Pay,0
user_979,2023-07-31 19:23:00,90327.88,Ипотека,карта,0
user_1723,2023-07-08 20:58:00,1479.4,Страхование,криптовалюта,0
user_1225,2023-01-18 15:41:00,7712.27,Дебетовая карта,карта,0
user_98,2023-10-03 20:54:00,758.9,Ипотека,карта,0
user_1744,2023-04-25 20:25:00,822.0,Вклад,карта,0
user_1112,2023-01-09 13:13:00,1373.71,Страхование,Google Pay,0
user_862,2024-02-26 16:18:00,2547.09,Дебетовая карта,карта,0
user_378,2023-01-02 13:19:00,10185.63,Кредит,карта,0
user_1398,2023-07-24 11:32:00,3232.85,Дебетовая карта,криптовалюта,0
user_37,2023-08-27 17:35:00,1124.26,Дебетовая карта,карта,0
user_348,2023-11-26 11:08:00,4302.27,Ипотека,банковский перевод,0
user_1378,2023-09-02 20:23:00,1299.62,Кредит,карта,0
user_545,2023-11-29 20:05:00,2053.82,Кредит,карта,0
user_1500,2023-01-30 16:50:00,5513.28,Вклад,Google Pay,0
user_525,2023-11-01 20:02:00,501.96,Вклад,карта,0
user_1473,2023-09-04 17:40:00,4486.84,Дебетовая карта,карта,0
user_1359,2023-01-16 10:59:00,2787.81,Дебетовая карта,Apple Pay,0
user_1454,2023-06-09 11:10:00,2680.79,Дебетовая карта,Google Pay,0
user_1468,2023-03-20 15:30:00,3787.47,Кредит,карта,0
user_1600,2024-03-04 14:01:00,1411.4,Страхование,Google Pay,0
user_736,2023-08-29 14:19:00,694.11,Дебетовая карта,карта,0
user_940,2023-11-26 20:25:00,572.07,Инвестиции,карта,0
user_141,2023-11-27 15:43:00,6163.87,Дебетовая карта,карта,0
user_696,2023-07-26 12:35:00,3726.15,Ипотека,банковский перевод,0
user_920,2023-06-28 09:44:00,1428.77,Ипотека,карта,0
user_1542,2023-09-06 16:30:00,1904.2,Вклад,криптовалюта,0
user_1806,2024-02-08 11:04:00,5085.9,Страхование,карта,0
user_1333,2023-09-01 19:27:00,1294.38,Кредит,карта,0
user_257,2023-07-10 16:20:00,1698.21,Кредит,Google Pay,0
user_401,2023-09-14 20:24:00,3426.51,Страхование,карта,0
user_1067,2023-08-09 18:40:00,1578.13,Кредит,карта,0
user_871,2023-06-12 15:28:00,1719.58,Страхование,карта,0
user_1862,2023-07-01 14:00:00,7467.42,Кредит,карта,0
user_365,2023-08-10 12:48:00,1495.86,Кредит,карта,0
user_1143,2023-10-14 17:15:00,2010.13,Дебетовая карта,карта,0
user_1558,2023-01-20 13:29:00,2711.91,Ипотека,карта,0
user_876,2023-07-16 10:12:00,866.15,Страхование,Google Pay,0
user_495,2023-11-28 19:59:00,4030.04,Страхование,Apple Pay,0
user_261,2023-08-19 16:36:00,707.24,Страхование,криптовалюта,0
user_1246,2023-06-22 12:04:00,3052.07,Инвестиции,карта,0
user_1262,2023-01-17 12:22:00,707.14,Кредит,карта,0
user_1471,2023-08-28 20:52:00,8006.55,Ипотека,карта,0
user_1676,2023-03-30 15:33:00,9832.31,Дебетовая карта,карта,0
user_1984,2024-03-23 13:22:00,5144.93,Вклад,карта,0
user_375,2023-12-13 09:05:00,1272.63,Инвестиции,карта,0
user_867,2023-10-14 12:13:00,3812.39,Инвестиции,Apple Pay,0
user_648,2024-01-12 11:01:00,4191.31,Дебетовая карта,карта,0
user_1745,2023-01-08 19:31:00,2164.44,Дебетовая карта,криптовалюта,0
user_236,2023-01-07 11:19:00,92780.98,Дебетовая карта,криптовалюта,0
user_1329,2024-03-28 15:50:00,963.01,Кредит,Apple Pay,0
user_631,2023-07-24 17:02:00,4842.16,Вклад,карта,0
user_17,2023-06-11 14:04:00,2322.52,Вклад,Apple Pay,0
user_1196,2023-05-01 17:41:00,3131.47,Дебетовая карта,карта,0
user_783,2023-01-11 12:26:00,1018.65,Кредит,Apple Pay,0
user_1382,2023-05-04 09:02:00,683.64,Вклад,карта,0
user_789,2023-09-12 13:33:00,500.27,Кредит,криптовалюта,0
user_381,2023-11-18 15:33:00,5026.15,Дебетовая карта,карта,0
user_240,2023-11-22 11:13:00,5626.09,Страхование,Apple Pay,0
user_362,2023-11-27 11:52:00,74569.77,Кредит,Google Pay,0
user_875,2023-07-09 09:42:00,4170.79,Ипотека,Google Pay,0
user_538,2023-07-13 10:12:00,4558.99,Страхование,карта,0
user_233,2024-02-08 14:15:00,3849.44,Кредит,Apple Pay,0
user_634,2023-09-04 10:23:00,2933.82,Кредит,криптовалюта,0
user_1671,2023-09-30 20:16:00,4843.77,Кредит,карта,0
user_1680,2024-01-12 13:53:00,2916.98,Инвестиции,карта,0
user_724,2023-01-28 10:27:00,67139.83,Кредит,криптовалюта,0
user_1044,2023-12-25 12:07:00,580.02,Вклад,криптовалюта,0
user_367,2023-03-19 12:23:00,933.33,Страхование,карта,0
user_824,2023-09-19 18:07:00,789.04,Кредит,карта,0
user_1204,2023-12-14 20:21:00,3832.21,Дебетовая карта,карта,0
user_39,2023-04-04 20:54:00,5426.37,Кредит,Google Pay,0
user_1716,2023-02-27 19:51:00,609.85,Инвестиции,банковский перевод,0
user_1810,2023-05-19 20:11:00,31814.8,Ипотека,карта,0
user_1870,2023-09-18 17:03:00,8119.78,Ипотека,криптовалюта,0
user_423,2024-02-23 20:22:00,6783.07,Кредит,карта,0
user_1789,2023-07-18 13:10:00,1368.57,Вклад,карта,0
user_228,2024-02-07 19:34:00,1585.87,Вклад,карта,0
user_1765,2023-07-14 17:29:00,2218.19,Ипотека,банковский перевод,0
user_272,2023-12-09 15:10:00,2744.92,Вклад,карта,0
user_697,2024-02-17 14:30:00,7916.48,Дебетовая карта,криптовалюта,0
user_1898,2023-10-29 19:25:00,883.6,Дебетовая карта,Google Pay,0
user_1011,2023-03-19 10:37:00,1590.38,Инвестиции,криптовалюта,0
user_434,2023-07-10 15:50:00,91018.67,Вклад,Apple Pay,0
user_743,2023-05-28 16:12:00,5308.25,Кредит,Apple Pay,0
user_661,2023-11-13 09:12:00,713.36,Ипотека,карта,0
user_1845,2023-04-30 11:40:00,2309.43,Вклад,карта,0
user_825,2023-06-30 12:16:00,1937.86,Кредит,Apple Pay,0
user_186,2023-11-28 15:52:00,2104.71,Дебетовая карта,карта,0
user_332,2023-08-18 17:55:00,2294.14,Кредит,карта,0
user_1109,2024-01-02 18:34:00,639.16,Вклад,карта,0
user_28,2024-02-01 20:07:00,1578.25,Вклад,Apple Pay,0
user_494,2023-12-14 09:19:00,548.44,Ипотека,карта,0
user_1209,2024-01-04 17:36:00,2094.64,Кредит,карта,0
user_1701,2023-11-02 10:45:00,2451.82,Дебетовая карта,карта,0
user_193,2023-02-15 12:05:00,3919.15,Кредит,карта,0
user_679,2023-08-20 19:52:00,2457.05,Кредит,Apple Pay,0
user_782,2023-01-05 20:12:00,5346.8,Страхование,карта,0
user_1728,2023-06-13 12:29:00,1492.55,Страхование,Apple Pay,0
user_1573,2023-01-04 12:18:00,963.42,Ипотека,Apple Pay,0
user_1857,2023-11-23 19:02:00,1120.17,Вклад,карта,0
user_1242,2023-07-06 20:55:00,2443.52,Кредит,карта,0
user_344,2023-09-07 18:16:00,1121.57,Дебетовая карта,карта,0
user_1878,2024-01-01 09:30:00,5401.77,Вклад,карта,0
user_1509,2023-09-13 11:35:00,8736.85,Вклад,Google Pay,0
user_1322,2024-03-03 17:08:00,1323.24,Кредит,Apple Pay,0
user_700,2023-08-28 17:30:00,9134.24,Ипотека,банковский перевод,0
user_1591,2023-03-11 12:27:00,2430.21,Ипотека,криптовалюта,0
user_807,2023-03-30 14:15:00,1178.51,Страхование,карта,0
user_649,2023-03-05 13:01:00,1114.14,Кредит,Google Pay,0
user_549,2023-12-18 09:07:00,2289.72,Дебетовая карта,карта,0
user_1320,2023-05-18 16:26:00,1745.57,Страхование,карта,0
user_1234,2023-01-18 13:02:00,9992.29,Дебетовая карта,Apple Pay,0
user_455,2023-07-13 12:53:00,2652.21,Дебетовая карта,Apple Pay,0
user_687,2023-06-12 16:11:00,2130.26,Вклад,криптовалюта,0
user_455,2023-08-07 19:01:00,1456.74,Кредит,криптовалюта,0
user_1482,2023-05-19 13:28:00,5512.72,Кредит,карта,0
user_687,2023-07-07 20:08:00,6733.54,Кредит,Google Pay,0
user_1557,2023-04-26 14:37:00,3508.88,Кредит,криптовалюта,1
user_464,2023-02-07 17:31:00,5288.33,Дебетовая карта,Google Pay,0
user_791,2023-05-04 13:03:00,2039.07,Инвестиции,Apple Pay,0
user_53,2023-10-30 18:59:00,3267.91,Кредит,Apple Pay,0
user_10,2023-05-12 12:19:00,4309.69,Дебетовая карта,Apple Pay,0
user_58,2023-03-01 13:07:00,1831.47,Кредит,карта,0
user_133,2023-01-18 13:51:00,11405.44,Дебетовая карта,карта,0
user_1856,2024-03-17 19:57:00,2222.18,Кредит,карта,0
user_548,2024-02-01 16:10:00,1209.37,Дебетовая карта,криптовалюта,0
user_1064,2024-01-05 20:29:00,2494.33,Инвестиции,карта,0
user_1908,2023-10-28 13:35:00,2939.74,Ипотека,карта,0
user_975,2023-01-10 17:31:00,6638.33,Дебетовая карта,карта,0
user_788,2023-12-10 13:24:00,2590.44,Кредит,карта,0
user_1458,2023-03-08 16:55:00,941.58,Страхование,банковский перевод,0
user_1489,2023-09-24 19:00:00,1039.4,Вклад,карта,0
user_202,2023-12-02 09:25:00,3825.48,Дебетовая карта,Apple Pay,0
user_1873,2023-08-03 14:33:00,1511.3,Ипотека,банковский перевод,0
user_247,2023-12-16 17:03:00,1661.63,Дебетовая карта,криптовалюта,0
user_684,2023-12-09 13:35:00,2683.81,Ипотека,криптовалюта,0
user_1907,2024-02-23 12:36:00,1561.94,Инвестиции,Google Pay,0
user_1123,2023-10-09 15:15:00,718.75,Ипотека,карта,0
user_1137,2023-12-07 18:56:00,551.1,Кредит,Google Pay,0
user_1705,2023-07-12 10:53:00,808.91,Кредит,Apple Pay,0
user_898,2023-10-05 10:46:00,3376.42,Дебетовая карта,карта,0
user_1230,2023-11-17 18:25:00,4479.83,Страхование,Apple Pay,0
user_1091,2023-08-04 10:25:00,3361.45,Кредит,криптовалюта,0
user_225,2023-09-12 19:12:00,1665.07,Кредит,карта,0
user_609,2023-01-21 12:12:00,1055.58,Дебетовая карта,криптовалюта,0
user_1540,2023-07-27 17:21:00,92215.36,Дебетовая карта,Google Pay,0
user_658,2023-06-05 13:58:00,1985.27,Инвестиции,карта,0
user_1809,2023-06-30 17:01:00,1448.29,Ипотека,карта,0
user_1919,2023-02-20 13:31:00,75565.27,Дебетовая карта,карта,0
user_1538,2023-06-29 12:35:00,3746.24,Кредит,карта,0
user_2,2023-04-29 14:06:00,2082.08,Страхование,карта,0
user_1506,2023-03-20 19:35:00,616.39,Дебетовая карта,карта,0
user_1963,2023-05-20 09:46:00,1916.0,Дебетовая карта,карта,0
user_1512,2023-06-01 14:37:00,6356.62,Дебетовая карта,карта,0
user_1276,2023-02-03 16:59:00,3378.06,Дебетовая карта,карта,0
user_1226,2023-03-24 20:20:00,2216.41,Кредит,криптовалюта,0
user_991,2023-01-04 14:12:00,5881.52,Вклад,Apple Pay,0
user_496,2023-07-07 11:41:00,2383.47,Ипотека,криптовалюта,0
user_956,2023-06-15 17:12:00,1563.53,Ипотека,Apple Pay,0
user_1822,2023-01-19 12:44:00,807.56,Страхование,карта,0
user_172,2024-03-23 19:00:00,613.07,Дебетовая карта,Google Pay,0
user_258,2024-02-20 13:03:00,1411.59,Ипотека,Apple Pay,0
user_1750,2023-04-19 19:35:00,1204.78,Вклад,Apple Pay,0
user_1655,2023-03-16 18:20:00,721.8,Дебетовая карта,карта,0
user_1022,2023-02-24 13:46:00,2469.58,Кредит,карта,0
user_719,2023-05-17 10:17:00,6036.32,Страхование,карта,0
user_222,2023-12-28 11:27:00,3910.52,Страхование,карта,0
user_1348,2023-10-27 09:34:00,780.09,Вклад,криптовалюта,0
user_1079,2023-12-22 16:11:00,607.45,Кредит,Google Pay,0
user_1611,2023-08-26 19:13:00,2864.16,Дебетовая карта,карта,0
user_726,2023-03-15 16:25:00,3764.01,Вклад,карта,0
user_1598,2023-10-25 16:03:00,4339.97,Кредит,карта,0
user_1910,2023-11-26 20:08:00,2090.45,Дебетовая карта,карта,0
user_323,2023-09-21 13:38:00,944.67,Кредит,Apple Pay,0
user_1530,2023-09-26 15:08:00,3174.33,Инвестиции,карта,0
user_1222,2023-11-11 17:39:00,2856.2,Дебетовая карта,карта,0
user_816,2023-03-29 18:12:00,5760.84,Дебетовая карта,криптовалюта,0
user_430,2023-03-15 12:09:00,1873.21,Инвестиции,карта,0
user_310,2023-06-01 11:04:00,1132.05,Дебетовая карта,криптовалюта,0
user_225,2024-03-14 17:21:00,664.51,Дебетовая карта,Apple Pay,0
user_533,2023-06-23 12:44:00,1166.8,Кредит,карта,0
user_1028,2023-04-15 10:28:00,3972.28,Инвестиции,Apple Pay,0
user_1077,2023-04-12 19:21:00,2097.75,Дебетовая карта,Google Pay,0
user_1976,2023-11-03 13:11:00,2174.74,Дебетовая карта,банковский перевод,1
user_1483,2023-05-25 19:04:00,2728.73,Дебетовая карта,карта,0
user_1964,2024-03-06 09:42:00,1442.18,Вклад,Apple Pay,0
user_1508,2023-11-11 16:04:00,2583.76,Дебетовая карта,Apple Pay,0
user_1147,2023-11-02 09:44:00,2711.5,Дебетовая карта,карта,0
user_1634,2023-12-19 19:23:00,9195.63,Вклад,Apple Pay,0
user_1545,2023-10-27 11:31:00,63729.95,Вклад,карта,0
user_1616,2023-11-24 11:49:00,2347.85,Страхование,карта,0
user_500,2023-06-20 20:05:00,2278.26,Дебетовая карта,карта,0
user_1449,2023-04-12 17:11:00,1004.63,Ипотека,карта,0
user_449,2024-03-27 20:05:00,3082.74,Вклад,Apple Pay,0
user_636,2024-01-20 14:50:00,1335.93,Страхование,криптовалюта,0
user_1414,2023-11-15 12:01:00,1468.02,Дебетовая карта,карта,0
user_1011,2023-05-25 14:32:00,3246.93,Дебетовая карта,карта,0
user_1572,2023-12-28 18:17:00,2692.7,Дебетовая карта,карта,0
user_1442,2023-03-30 16:44:00,71953.96,Вклад,банковский перевод,0
user_1484,2023-10-04 16:42:00,3448.49,Дебетовая карта,Google Pay,0
user_296,2023-07-06 11:47:00,4006.61,Страхование,банковский перевод,0
user_210,2023-03-18 09:01:00,1063.82,Дебетовая карта,Apple Pay,0
user_497,2023-06-29 14:32:00,1156.74,Вклад,Apple Pay,1
user_713,2023-03-27 14:39:00,3287.63,Кредит,криптовалюта,0
user_1640,2023-05-13 15:16:00,1533.07,Дебетовая карта,карта,0
user_89,2024-01-15 14:48:00,782.31,Дебетовая карта,криптовалюта,0
user_1081,2023-06-03 13:45:00,7228.28,Дебетовая карта,карта,0
user_1573,2023-05-15 17:04:00,1270.72,Вклад,банковский перевод,0
user_727,2024-01-18 18:33:00,6737.07,Кредит,карта,0
user_624,2023-08-14 13:20:00,1905.57,Кредит,карта,0
user_409,2023-05-22 17:12:00,2236.25,Дебетовая карта,карта,0
user_860,2023-05-05 13:28:00,1250.05,Кредит,карта,0
user_1232,2023-05-02 14:48:00,7556.51,Кредит,карта,0
user_1158,2023-05-03 11:47:00,1677.25,Инвестиции,карта,0
user_1701,2023-05-03 17:57:00,1068.29,Кредит,карта,0
user_2,2023-08-25 15:41:00,762.75,Вклад,карта,0
user_586,2023-02-27 10:10:00,4294.03,Дебетовая карта,карта,0
user_709,2023-07-15 19:36:00,3212.24,Кредит,Apple Pay,0
user_783,2024-01-26 13:48:00,893.55,Кредит,карта,0
user_1455,2023-11-21 10:31:00,99730.83,Кредит,Apple Pay,0
user_202,2023-10-16 13:46:00,1748.77,Кредит,Apple Pay,0
user_573,2023-07-08 17:42:00,1844.52,Дебетовая карта,карта,0
user_110,2023-04-11 09:52:00,3294.19,Страхование,карта,0
user_1141,2024-01-17 20:03:00,9097.6,Дебетовая карта,Apple Pay,0
user_1929,2023-11-14 10:29:00,2241.1,Вклад,Google Pay,0
user_1955,2024-01-04 12:22:00,3570.08,Кредит,карта,0
user_96,2023-08-12 14:01:00,6778.74,Инвестиции,Apple Pay,0
user_237,2023-06-19 19:05:00,5247.3,Дебетовая карта,карта,0
user_1142,2023-06-08 16:23:00,3514.17,Кредит,Google Pay,0
user_537,2023-11-10 12:11:00,3108.74,Дебетовая карта,Apple Pay,0
user_463,2024-02-25 18:17:00,4609.53,Ипотека,карта,0
user_1368,2023-02-15 14:46:00,1597.56,Вклад,Apple Pay,0
user_615,2023-10-06 17:31:00,2733.6,Кредит,банковский перевод,0
user_1197,2024-02-20 10:48:00,5159.1,Кредит,Apple Pay,0
user_78,2024-03-15 19:16:00,1038.88,Страхование,карта,0
user_1957,2024-03-11 20:50:00,1722.94,Инвестиции,карта,0
user_169,2023-05-25 18:51:00,2131.27,Кредит,карта,0
user_70,2023-03-31 12:45:00,1061.57,Кредит,криптовалюта,0
user_836,2024-01-04 16:32:00,2584.84,Кредит,Apple Pay,0
user_1756,2024-03-13 13:43:00,563.95,Кредит,карта,0
user_1277,2024-03-10 12:04:00,12240.55,Кредит,криптовалюта,0
user_978,2023-03-16 17:16:00,2138.68,Дебетовая карта,Apple Pay,0
user_554,2023-11-21 14:51:00,946.2,Кредит,карта,0
user_454,2023-10-24 16:12:00,2430.58,Страхование,Apple Pay,0
user_1307,2023-05-29 11:03:00,3701.85,Дебетовая карта,банковский перевод,0
user_1007,2023-05-18 20:48:00,7667.09,Дебетовая карта,Google Pay,0
user_1226,2023-04-18 13:43:00,1510.97,Ипотека,карта,0
user_825,2023-02-05 17:32:00,2515.59,Дебетовая карта,Google Pay,0
user_602,2023-11-20 09:56:00,800.58,Кредит,карта,0
user_359,2023-11-03 11:50:00,1179.37,Дебетовая карта,карта,0
user_585,2023-01-14 10:47:00,1317.11,Дебетовая карта,Apple Pay,0
user_439,2024-01-20 10:40:00,505.6,Дебетовая карта,карта,0
user_976,2024-01-03 10:04:00,2385.43,Дебетовая карта,карта,0
user_577,2023-04-14 11:13:00,949.81,Дебетовая карта,Apple Pay,0
user_1592,2023-12-27 11:31:00,2024.26,Дебетовая карта,карта,0
user_1105,2023-06-02 12:54:00,5548.49,Инвестиции,карта,0
user_612,2023-05-26 11:13:00,1504.39,Дебетовая карта,Google Pay,0
user_167,2024-02-26 19:32:00,516.94,Дебетовая карта,криптовалюта,0
user_245,2023-09-08 15:35:00,2321.63,Инвестиции,карта,0
user_178,2023-11-03 09:48:00,4288.13,Дебетовая карта,криптовалюта,0
user_644,2023-12-10 20:25:00,6867.24,Кредит,карта,0
user_664,2023-01-02 13:23:00,838.14,Дебетовая карта,карта,1
user_99,2023-10-06 11:04:00,5995.94,Дебетовая карта,Google Pay,0
user_1415,2023-03-11 17:08:00,6105.97,Инвестиции,карта,0
user_1058,2023-10-16 17:34:00,3655.25,Инвестиции,Google Pay,0
user_1957,2023-01-24 10:50:00,2496.58,Страхование,Apple Pay,0
user_1775,2023-10-10 18:56:00,3063.08,Дебетовая карта,Apple Pay,0
user_25,2023-07-06 19:25:00,852.23,Кредит,Google Pay,0
user_1400,2024-02-16 17:13:00,8156.44,Дебетовая карта,Google Pay,0
user_1945,2023-01-05 19:23:00,5866.44,Дебетовая карта,карта,0
user_1603,2024-01-28 11:27:00,2121.32,Ипотека,Apple Pay,0
user_1373,2023-03-24 10:33:00,1167.39,Кредит,карта,0
user_279,2023-07-21 11:20:00,15094.36,Дебетовая карта,Apple Pay,0
user_1802,2023-06-20 11:43:00,2382.41,Дебетовая карта,Apple Pay,0
user_1644,2023-05-15 16:44:00,3205.49,Страхование,карта,0
user_1073,2023-05-31 09:02:00,9782.89,Вклад,карта,0
user_1844,2023-09-25 09:07:00,919.2,Кредит,Apple Pay,0
user_926,2023-08-10 12:25:00,2308.4,Вклад,Google Pay,0
user_1066,2023-11-15 18:23:00,3426.69,Дебетовая карта,карта,0
user_1571,2023-02-07 11:50:00,1814.04,Вклад,Apple Pay,0
user_1441,2023-01-07 11:58:00,2543.19,Кредит,криптовалюта,0
user_1103,2023-06-09 09:51:00,4902.58,Дебетовая карта,карта,0
user_1567,2023-12-03 19:40:00,659.61,Дебетовая карта,карта,0
user_1795,2023-08-23 17:04:00,970.8,Кредит,Google Pay,0
user_1298,2023-02-16 16:28:00,2228.99,Вклад,карта,0
user_1787,2023-12-13 20:15:00,4654.18,Ипотека,Apple Pay,0
user_822,2023-06-01 11:48:00,1321.04,Кредит,карта,0
user_1061,2023-08-15 13:44:00,1743.88,Кредит,криптовалюта,0
user_1298,2023-07-31 15:49:00,3855.8,Дебетовая карта,Google Pay,0
user_1148,2023-04-19 16:52:00,1266.26,Дебетовая карта,Google Pay,0
user_358,2024-02-04 19:12:00,5947.93,Страхование,Apple Pay,0
user_913,2023-10-27 15:04:00,3784.9,Вклад,карта,0
user_270,2023-09-02 11:31:00,2380.19,Дебетовая карта,карта,0
user_1379,2023-10-09 17:46:00,2125.77,Ипотека,карта,0
user_1598,2023-09-24 14:58:00,1726.31,Дебетовая карта,Apple Pay,0
user_1365,2023-05-19 12:53:00,1819.27,Страхование,Apple Pay,0
user_1730,2024-03-15 13:51:00,4810.69,Инвестиции,карта,0
user_1302,2024-02-21 19:31:00,27705.86,Кредит,криптовалюта,0
user_759,2023-12-12 16:02:00,3157.52,Кредит,карта,0
user_125,2023-02-26 20:16:00,7748.44,Ипотека,карта,0
user_67,2023-03-21 20:20:00,6926.02,Дебетовая карта,Google Pay,0
user_1928,2023-11-23 18:28:00,2553.85,Вклад,Apple Pay,0
user_1559,2023-10-16 15:27:00,933.79,Кредит,карта,0
user_672,2023-02-09 10:46:00,1129.1,Страхование,Google Pay,0
user_1912,2024-01-23 09:18:00,2194.47,Дебетовая карта,карта,0
user_493,2023-06-26 09:24:00,1203.45,Вклад,карта,0
user_1545,2024-03-08 16:54:00,863.93,Кредит,Google Pay,0
user_423,2023-07-09 18:57:00,774.14,Кредит,Apple Pay,0
user_1420,2023-09-03 18:11:00,2187.29,Инвестиции,карта,0
user_139,2024-03-12 20:31:00,5564.86,Вклад,карта,0
user_1366,2023-02-15 12:18:00,63222.51,Страхование,карта,0
user_915,2024-03-22 09:04:00,2907.4,Кредит,карта,0
user_1165,2024-01-15 20:15:00,601.32,Дебетовая карта,банковский перевод,0
user_84,2023-02-13 20:48:00,1726.66,Инвестиции,Apple Pay,0
user_740,2023-11-27 18:56:00,1409.76,Вклад,карта,0
user_322,2023-10-28 10:46:00,3493.7,Вклад,банковский перевод,0
user_1233,2023-02-08 10:29:00,726.0,Кредит,банковский перевод,0
user_11,2023-06-19 15:20:00,3500.04,Вклад,карта,0
user_1810,2024-01-20 20:57:00,1027.13,Страхование,карта,0
user_350,2023-08-04 15:02:00,674.65,Кредит,карта,0
user_1044,2024-02-05 12:14:00,1947.36,Кредит,Apple Pay,0
user_1991,2024-01-20 20:53:00,2252.0,Кредит,карта,0
user_820,2023-01-11 20:25:00,3571.92,Ипотека,Google Pay,0
user_1083,2023-03-07 10:41:00,595.42,Инвестиции,карта,0
user_1920,2024-01-03 13:36:00,3221.49,Кредит,Apple Pay,0
user_135,2023-12-01 14:49:00,1938.25,Инвестиции,карта,0
user_1125,2023-05-13 12:28:00,10133.74,Дебетовая карта,карта,0
user_1129,2023-08-16 12:19:00,4215.44,Ипотека,Apple Pay,0
user_1448,2023-05-18 14:41:00,5172.04,Дебетовая карта,банковский перевод,1
user_1202,2023-05-13 17:20:00,8541.55,Кредит,карта,0
user_961,2023-03-29 12:49:00,69265.03,Инвестиции,Google Pay,0
user_1096,2023-05-16 16:34:00,1281.71,Ипотека,Apple Pay,0
user_570,2023-11-11 16:59:00,5981.68,Дебетовая карта,Google Pay,0
user_672,2024-02-23 12:23:00,5928.9,Дебетовая карта,Apple Pay,0
user_1900,2023-06-16 16:29:00,97708.14,Страхование,карта,0
user_1315,2024-03-15 17:27:00,692.95,Кредит,карта,0
user_1365,2023-05-25 18:49:00,1212.7,Инвестиции,Google Pay,0
user_286,2024-03-17 15:47:00,992.42,Инвестиции,Google Pay,1
user_774,2024-02-06 09:08:00,1385.81,Кредит,Apple Pay,0
user_440,2023-03-29 11:17:00,56220.93,Кредит,карта,0
user_1897,2023-01-02 17:36:00,71551.17,Кредит,карта,0
user_1990,2023-11-02 18:08:00,524.09,Ипотека,Google Pay,0
user_671,2023-05-29 14:15:00,7086.83,Страхование,Apple Pay,0
user_832,2023-07-11 14:41:00,870.4,Дебетовая карта,Apple Pay,0
user_1371,2023-04-11 12:17:00,1405.29,Инвестиции,карта,0
user_296,2023-04-19 18:35:00,1116.86,Инвестиции,Apple Pay,0
user_1123,2024-01-01 09:42:00,2383.0,Ипотека,Google Pay,0
user_435,2023-11-01 18:26:00,1338.72,Дебетовая карта,карта,0
user_1056,2023-12-05 15:48:00,2030.74,Инвестиции,карта,0
user_1449,2023-12-31 19:10:00,708.91,Кредит,карта,0
user_1479,2023-11-23 11:28:00,2542.47,Кредит,карта,0
user_233,2024-02-14 10:44:00,1038.23,Вклад,Apple Pay,1
user_580,2023-05-19 12:03:00,78402.1,Кредит,карта,0
user_708,2023-11-24 18:27:00,2007.06,Кредит,карта,0
user_1451,2023-03-31 16:58:00,1682.22,Кредит,Google Pay,0
user_657,2023-12-24 18:02:00,2341.01,Дебетовая карта,криптовалюта,0
user_927,2024-02-14 16:38:00,5089.11,Дебетовая карта,Google Pay,0
user_456,2023-06-04 19:30:00,1399.1,Ипотека,Apple Pay,1
user_690,2023-04-23 13:13:00,2715.13,Дебетовая карта,карта,0
user_954,2024-03-04 18:35:00,2311.3,Дебетовая карта,карта,0
user_421,2023-12-17 19:20:00,3264.49,Инвестиции,карта,0
user_221,2023-04-27 19:21:00,937.56,Инвестиции,карта,0
user_285,2023-01-19 18:13:00,2189.52,Дебетовая карта,Google Pay,0
user_914,2023-04-17 17:59:00,872.96,Страхование,Google Pay,0
user_328,2023-02-10 16:19:00,2928.48,Инвестиции,карта,0
user_66,2024-02-13 19:06:00,931.56,Инвестиции,карта,0
user_1668,2023-01-22 13:03:00,1055.55,Дебетовая карта,Apple Pay,0
user_1941,2023-06-02 11:58:00,1643.77,Страхование,Apple Pay,0
user_1023,2023-11-19 10:37:00,2382.58,Страхование,Apple Pay,0
user_1210,2023-12-07 18:37:00,1522.74,Кредит,криптовалюта,0
user_334,2023-09-24 19:15:00,3490.36,Вклад,карта,0
user_151,2024-03-20 11:48:00,914.28,Кредит,карта,0
user_160,2024-03-15 12:39:00,2808.02,Кредит,карта,1
user_382,2024-01-15 12:31:00,3857.42,Кредит,карта,1
user_223,2023-12-31 16:48:00,3395.1,Кредит,карта,0
user_1473,2023-05-08 15:48:00,1971.14,Кредит,Google Pay,0
user_1541,2023-04-13 14:31:00,3930.06,Ипотека,карта,0
user_1464,2024-01-03 18:25:00,1790.01,Кредит,Apple Pay,1
user_575,2024-03-10 16:37:00,708.52,Кредит,карта,0
user_730,2023-02-16 11:05:00,1535.01,Страхование,Google Pay,0
user_718,2023-01-08 20:16:00,1869.27,Вклад,Apple Pay,0
user_297,2023-11-27 15:10:00,535.34,Вклад,карта,0
user_946,2024-01-05 16:45:00,2023.35,Инвестиции,карта,0
user_1072,2023-12-22 18:35:00,27079.82,Вклад,Google Pay,0
user_410,2023-03-15 14:44:00,4663.46,Вклад,Apple Pay,0
user_553,2024-01-16 15:03:00,589.99,Дебетовая карта,карта,0
user_941,2024-03-26 16:33:00,1852.62,Вклад,карта,0
user_194,2023-08-04 14:38:00,2952.42,Страхование,карта,0
user_1179,2023-10-12 12:23:00,5289.22,Дебетовая карта,карта,1
user_692,2023-03-15 12:58:00,1534.08,Кредит,карта,0
user_1420,2023-04-24 19:26:00,1914.43,Дебетовая карта,Apple Pay,0
user_1503,2024-02-18 15:46:00,1147.27,Дебетовая карта,карта,0
user_742,2023-06-26 09:21:00,3160.16,Кредит,Google Pay,0
user_709,2023-10-13 11:22:00,1161.45,Страхование,Apple Pay,0
user_1056,2023-01-20 13:05:00,3017.85,Инвестиции,Google Pay,0
user_82,2023-04-24 13:10:00,2878.77,Кредит,Apple Pay,0
user_385,2023-02-06 10:39:00,6328.48,Дебетовая карта,криптовалюта,1
user_241,2023-02-25 09:42:00,2140.01,Дебетовая карта,банковский перевод,0
user_568,2023-07-31 20:23:00,1314.88,Вклад,Apple Pay,0
user_1193,2023-06-23 09:06:00,1346.97,Кредит,Apple Pay,0
user_490,2024-01-18 11:04:00,9620.85,Ипотека,карта,0
user_1045,2023-12-06 20:20:00,1368.45,Кредит,криптовалюта,0
user_1385,2023-06-25 16:06:00,3103.94,Инвестиции,Google Pay,0
user_1350,2023-04-04 19:45:00,3955.01,Кредит,карта,0
user_1063,2023-03-07 16:57:00,5952.62,Страхование,карта,0
user_1144,2023-04-12 11:55:00,2071.23,Кредит,Google Pay,0
user_885,2024-03-13 15:28:00,10620.18,Страхование,карта,0
user_995,2023-04-11 09:34:00,1232.33,Ипотека,Google Pay,0
user_1591,2023-03-10 13:56:00,1901.43,Ипотека,криптовалюта,0
user_951,2024-02-22 14:18:00,3913.86,Инвестиции,карта,0
user_704,2024-03-20 19:36:00,6953.29,Дебетовая карта,Apple Pay,0
user_1924,2023-12-04 14:40:00,1018.06,Дебетовая карта,криптовалюта,0
user_1834,2023-09-10 11:04:00,4998.8,Ипотека,Apple Pay,0
user_1725,2023-02-09 18:51:00,1454.1,Инвестиции,карта,0
user_1642,2023-08-22 15:55:00,2108.65,Дебетовая карта,Google Pay,0
user_766,2024-03-15 17:30:00,2761.43,Дебетовая карта,карта,0
user_1920,2023-07-24 16:44:00,7938.2,Кредит,карта,0
user_1307,2024-03-29 16:42:00,7752.86,Дебетовая карта,банковский перевод,0
user_1782,2023-01-12 13:16:00,2901.71,Дебетовая карта,криптовалюта,0
user_41,2024-01-12 12:17:00,3130.8,Инвестиции,Apple Pay,0
user_214,2023-10-25 15:24:00,14543.12,Дебетовая карта,карта,0
user_42,2023-04-19 19:59:00,97290.68,Дебетовая карта,карта,0
user_1995,2023-01-30 20:49:00,3561.16,Кредит,карта,0
user_638,2024-02-02 14:24:00,2360.95,Кредит,Apple Pay,0
user_79,2023-10-06 17:56:00,1210.52,Инвестиции,Google Pay,0
user_1510,2023-04-29 20:23:00,1365.46,Кредит,Apple Pay,0
user_1584,2023-10-29 18:39:00,3110.33,Ипотека,Apple Pay,0
user_1851,2023-01-26 19:02:00,57807.87,Кредит,карта,0
user_1158,2023-09-02 16:15:00,3157.41,Инвестиции,карта,0
user_1366,2023-12-19 16:23:00,5107.74,Кредит,банковский перевод,0
user_1236,2023-03-12 17:06:00,956.27,Вклад,криптовалюта,0
user_1413,2024-02-15 10:05:00,963.55,Страхование,Google Pay,0
user_1035,2023-04-04 18:50:00,6599.0,Кредит,криптовалюта,0
user_65,2023-09-22 18:25:00,1673.89,Вклад,Google Pay,0
user_335,2024-03-29 09:36:00,5105.69,Страхование,Apple Pay,0
user_1861,2023-06-24 13:47:00,2539.3,Кредит,Google Pay,0
user_97,2023-12-16 15:52:00,3063.66,Дебетовая карта,карта,0
user_174,2023-03-22 09:13:00,3798.08,Дебетовая карта,банковский перевод,0
user_1601,2023-02-13 19:30:00,2421.02,Страхование,карта,0
user_1894,2023-07-16 14:05:00,1170.59,Дебетовая карта,карта,0
user_894,2023-10-23 20:08:00,3234.25,Вклад,карта,0
user_284,2023-04-26 18:47:00,10713.14,Ипотека,Apple Pay,0
user_1177,2023-05-09 09:43:00,3002.27,Страхование,Apple Pay,0
user_67,2023-04-27 18:20:00,37952.33,Кредит,Apple Pay,0
user_721,2024-03-20 19:04:00,1303.62,Кредит,Apple Pay,0
user_1128,2023-12-07 17:18:00,5293.95,Дебетовая карта,Apple Pay,0
user_1761,2024-02-22 18:15:00,4490.87,Дебетовая карта,Google Pay,0
user_228,2024-01-04 17:30:00,1085.54,Дебетовая карта,карта,0
user_1214,2024-02-10 15:16:00,3830.35,Дебетовая карта,карта,0
user_58,2023-08-20 14:10:00,1355.52,Ипотека,карта,0
user_931,2023-09-18 18:52:00,5398.39,Инвестиции,Apple Pay,0
user_1336,2023-11-22 14:50:00,1649.46,Кредит,карта,0
user_73,2024-02-28 18:47:00,2540.93,Дебетовая карта,криптовалюта,0
user_1477,2023-12-24 14:46:00,2540.87,Вклад,карта,0
user_1972,2023-06-24 20:53:00,4006.92,Кредит,Apple Pay,0
user_586,2023-10-03 17:49:00,5330.71,Кредит,карта,0
user_1515,2023-09-20 18:44:00,2816.13,Ипотека,карта,0
user_1068,2023-05-03 10:33:00,1316.07,Страхование,карта,0
user_1837,2023-01-01 17:41:00,3011.78,Инвестиции,Apple Pay,0
user_1173,2023-02-17 12:31:00,7857.76,Страхование,карта,0
user_1607,2023-11-27 09:33:00,11908.64,Вклад,карта,0
user_322,2023-04-20 13:29:00,3135.71,Страхование,карта,0
user_512,2023-04-01 12:24:00,604.66,Дебетовая карта,Apple Pay,0
user_881,2023-12-17 12:38:00,857.74,Кредит,карта,0
user_1808,2023-06-14 12:06:00,1234.58,Кредит,криптовалюта,0
user_1274,2023-01-08 13:15:00,3358.91,Вклад,карта,0
user_425,2023-12-09 15:03:00,1839.74,Кредит,карта,1
user_1772,2023-12-13 13:36:00,5146.32,Инвестиции,Apple Pay,0
user_1238,2023-02-27 09:06:00,5737.61,Дебетовая карта,Apple Pay,0
user_838,2023-08-01 19:57:00,4653.73,Ипотека,карта,0
user_769,2024-01-01 19:46:00,886.9,Дебетовая карта,карта,0
user_1399,2023-12-04 14:17:00,2549.24,Дебетовая карта,карта,0
user_1763,2023-10-14 09:10:00,4065.33,Кредит,банковский перевод,0
user_1004,2023-07-27 16:22:00,1286.92,Кредит,криптовалюта,0
user_1689,2023-12-17 17:15:00,2043.34,Дебетовая карта,банковский перевод,0
user_1415,2023-02-02 12:55:00,1357.08,Кредит,карта,0
user_148,2023-04-15 17:41:00,748.66,Инвестиции,Apple Pay,0
user_1578,2024-03-17 20:51:00,2497.92,Кредит,Apple Pay,0
user_1122,2023-05-22 14:29:00,1628.7,Ипотека,Google Pay,0
user_1062,2023-10-29 10:50:00,1963.27,Дебетовая карта,карта,0
user_1226,2023-10-20 11:02:00,698.75,Дебетовая карта,карта,0
user_123,2023-01-05 13:18:00,1477.41,Ипотека,карта,0
user_1815,2023-03-10 14:01:00,3176.71,Страхование,Apple Pay,0
user_1751,2023-10-12 14:15:00,5538.75,Кредит,банковский перевод,0
user_1997,2023-07-28 14:50:00,3854.36,Дебетовая карта,карта,0
user_1202,2023-10-23 11:49:00,3253.49,Кредит,Apple Pay,0
user_480,2023-05-31 11:43:00,1383.31,Вклад,карта,0
user_1202,2023-12-30 09:56:00,819.69,Вклад,карта,0
user_564,2023-10-14 13:45:00,1623.99,Инвестиции,Apple Pay,0
user_1019,2023-09-09 20:00:00,1002.14,Кредит,карта,0
user_1603,2023-09-01 17:02:00,3336.7,Кредит,Google Pay,0
user_348,2024-02-01 13:01:00,27725.52,Кредит,карта,1
user_910,2023-06-25 19:57:00,4486.72,Ипотека,карта,0
user_973,2023-03-09 13:50:00,2112.77,Ипотека,Google Pay,0
user_1860,2023-01-10 15:32:00,1564.83,Дебетовая карта,Apple Pay,0
user_1074,2023-06-18 12:56:00,2629.29,Дебетовая карта,криптовалюта,0
user_682,2023-06-13 16:45:00,1238.32,Инвестиции,Apple Pay,0
user_768,2023-01-18 18:45:00,45531.71,Дебетовая карта,карта,0
user_607,2023-03-29 11:34:00,9043.43,Ипотека,Google Pay,0
user_299,2024-02-25 19:09:00,3019.86,Инвестиции,Apple Pay,0
user_1421,2023-10-01 14:41:00,3253.54,Страхование,карта,0
user_1525,2023-08-26 15:33:00,5466.55,Вклад,Google Pay,0
user_398,2023-01-09 15:08:00,2649.88,Кредит,Google Pay,0
user_914,2023-07-19 15:42:00,1014.96,Кредит,банковский перевод,0
user_1506,2024-01-22 10:35:00,4512.87,Инвестиции,карта,0
user_1402,2023-12-25 12:02:00,1497.32,Кредит,Google Pay,0
user_160,2024-02-26 19:42:00,2367.64,Кредит,Google Pay,0
user_94,2023-12-08 12:47:00,3441.55,Инвестиции,карта,0
user_143,2024-03-28 12:28:00,649.45,Кредит,карта,0
user_1009,2024-01-22 11:41:00,4940.73,Страхование,карта,0
user_1828,2023-01-14 20:04:00,10471.92,Вклад,карта,0
user_148,2023-01-10 13:47:00,1077.08,Кредит,карта,0
user_1403,2023-04-05 16:20:00,3624.32,Кредит,криптовалюта,0
user_1468,2024-03-26 14:26:00,6518.59,Кредит,карта,0
user_1928,2023-01-09 12:01:00,898.78,Кредит,Google Pay,0
user_1162,2024-02-05 14:19:00,591.94,Кредит,карта,0
user_1910,2023-04-23 17:38:00,985.3,Инвестиции,карта,0
user_903,2023-05-31 12:56:00,5606.69,Ипотека,Google Pay,0
user_531,2023-01-27 15:57:00,5654.05,Кредит,криптовалюта,0
user_1946,2023-05-26 09:49:00,9461.96,Вклад,карта,0
user_1043,2024-02-16 09:22:00,1609.26,Дебетовая карта,Google Pay,0
user_653,2023-02-12 19:50:00,2192.54,Дебетовая карта,криптовалюта,0
user_1287,2024-01-06 12:42:00,2012.3,Ипотека,карта,0
user_846,2023-03-22 10:35:00,1309.57,Кредит,карта,0
user_1496,2024-03-16 12:28:00,70598.51,Ипотека,карта,0
user_1476,2024-03-25 14:49:00,4782.51,Дебетовая карта,карта,0
user_38,2023-11-08 19:20:00,3831.32,Вклад,карта,1
user_1051,2024-01-15 18:53:00,2250.83,Ипотека,Apple Pay,0
user_1710,2024-02-17 13:49:00,1819.07,Вклад,карта,0
user_1318,2023-11-03 10:54:00,22028.81,Страхование,Google Pay,0
user_1441,2023-11-25 17:04:00,2048.29,Кредит,Apple Pay,0
user_1953,2024-03-29 20:51:00,13110.19,Вклад,карта,0
user_688,2023-06-03 09:44:00,1246.45,Дебетовая карта,криптовалюта,0
user_1392,2023-08-17 12:16:00,843.56,Дебетовая карта,Apple Pay,0
user_60,2023-11-03 19:34:00,696.3,Кредит,карта,0
user_302,2024-03-02 15:33:00,1597.4,Вклад,карта,0
user_1396,2023-06-14 09:15:00,11912.18,Дебетовая карта,Apple Pay,0
user_419,2023-06-07 16:11:00,1045.18,Кредит,Google Pay,0
user_1575,2023-08-20 15:30:00,606.08,Страхование,Apple Pay,0
user_1740,2024-03-24 11:20:00,4268.04,Кредит,Google Pay,0
user_1788,2023-06-17 17:39:00,1031.2,Вклад,Google Pay,0
user_96,2024-01-14 15:49:00,3567.75,Инвестиции,Apple Pay,0
user_651,2023-01-13 10:36:00,1570.6,Дебетовая карта,карта,0
user_1019,2023-04-19 12:13:00,1119.58,Вклад,Google Pay,0
user_32,2023-03-04 12:54:00,3574.37,Инвестиции,карта,0
user_1812,2023-01-22 20:32:00,1147.47,Вклад,карта,0
user_1931,2023-12-17 17:03:00,1587.19,Ипотека,криптовалюта,0
user_1553,2023-04-29 19:38:00,6396.06,Кредит,карта,0
user_556,2023-06-19 15:25:00,49228.1,Дебетовая карта,карта,0
user_232,2023-02-15 20:14:00,561.63,Страхование,карта,0
user_1654,2024-01-28 11:36:00,585.28,Дебетовая карта,карта,0
user_1481,2023-08-11 19:37:00,1021.98,Кредит,карта,0
user_1892,2023-09-28 12:51:00,7270.12,Дебетовая карта,Apple Pay,0
user_765,2023-02-27 15:16:00,4114.55,Страхование,карта,1
user_337,2023-07-28 09:41:00,1344.14,Страхование,криптовалюта,0
user_1803,2023-12-07 17:41:00,1924.67,Вклад,карта,0
user_216,2023-01-18 17:19:00,3690.52,Инвестиции,карта,0
user_1146,2023-10-09 16:17:00,3555.68,Дебетовая карта,Apple Pay,0
user_943,2023-03-03 10:26:00,841.94,Инвестиции,карта,0
user_1098,2023-09-30 09:43:00,2201.1,Кредит,карта,0
user_805,2023-04-24 18:41:00,1851.99,Ипотека,Apple Pay,0
user_18,2023-11-27 11:39:00,3065.41,Инвестиции,карта,0
user_1244,2023-11-05 18:34:00,1652.07,Инвестиции,карта,0
user_500,2023-12-13 14:56:00,2192.86,Инвестиции,карта,0
user_235,2023-11-19 09:47:00,6727.23,Инвестиции,карта,0
user_826,2023-03-08 09:34:00,2054.68,Кредит,криптовалюта,0
user_582,2023-08-13 13:24:00,4446.99,Ипотека,карта,1
user_1448,2023-06-04 20:44:00,3935.43,Кредит,карта,0
user_725,2023-12-27 15:44:00,631.16,Инвестиции,Apple Pay,0
user_1041,2023-08-28 19:02:00,4400.5,Вклад,карта,0
user_971,2023-12-27 14:19:00,4126.15,Кредит,криптовалюта,1
user_1706,2023-10-04 19:16:00,3467.68,Дебетовая карта,карта,0
user_206,2023-08-06 11:49:00,6789.78,Кредит,карта,0
user_69,2023-09-08 12:54:00,5731.49,Страхование,Google Pay,0
user_1734,2023-04-13 10:15:00,4458.83,Страхование,карта,1
user_646,2023-05-21 12:03:00,4682.12,Дебетовая карта,банковский перевод,0
user_1436,2024-03-24 12:57:00,763.28,Дебетовая карта,Google Pay,0
user_1196,2023-11-13 18:19:00,54653.92,Кредит,карта,0
user_1527,2023-10-26 13:21:00,2171.07,Дебетовая карта,карта,0
user_1318,2024-03-01 19:20:00,11060.12,Вклад,карта,0
user_489,2023-01-02 15:57:00,13926.66,Вклад,карта,0
user_1005,2024-02-29 14:30:00,619.12,Кредит,карта,0
user_613,2024-01-27 11:16:00,688.33,Страхование,карта,0
user_798,2023-03-07 16:53:00,3403.77,Ипотека,Google Pay,0
user_1090,2023-05-23 19:30:00,3701.21,Инвестиции,Google Pay,0
user_144,2023-04-25 20:37:00,64150.51,Кредит,карта,0
user_63,2023-09-06 10:33:00,5943.66,Инвестиции,карта,0
user_1393,2023-04-16 14:55:00,3372.65,Кредит,карта,0
user_177,2024-03-28 13:19:00,1394.92,Кредит,банковский перевод,0
user_1808,2023-04-05 11:31:00,638.95,Кредит,карта,1
user_1286,2024-03-15 19:17:00,1063.88,Дебетовая карта,Apple Pay,0
user_1618,2024-01-14 14:39:00,4476.22,Инвестиции,карта,1
user_943,2023-04-26 18:27:00,6903.08,Инвестиции,Google Pay,1
user_1403,2023-12-21 11:57:00,2332.19,Дебетовая карта,карта,0
user_372,2023-07-11 16:32:00,52172.04,Дебетовая карта,карта,0
user_1269,2023-09-30 12:54:00,594.84,Кредит,карта,0
user_622,2023-04-05 13:25:00,1838.52,Ипотека,банковский перевод,0
user_1545,2023-08-13 11:51:00,4849.87,Кредит,карта,0
user_735,2023-10-08 20:21:00,604.35,Кредит,карта,0
user_1554,2023-07-11 15:35:00,3146.97,Ипотека,карта,0
user_1789,2023-03-20 19:59:00,847.13,Кредит,Apple Pay,0
user_14,2023-08-25 13:24:00,1898.92,Кредит,карта,0
user_126,2023-01-29 09:22:00,1408.43,Ипотека,карта,0
user_716,2023-04-07 12:19:00,1015.01,Кредит,карта,1
user_1094,2023-03-23 13:02:00,1562.56,Кредит,карта,0
user_1737,2023-12-20 17:10:00,2423.49,Дебетовая карта,Google Pay,0
user_879,2023-03-16 09:11:00,703.64,Кредит,карта,1
user_1702,2023-09-25 09:00:00,1060.25,Инвестиции,карта,0
user_1460,2023-09-17 20:28:00,1203.07,Страхование,криптовалюта,0
user_1420,2023-04-27 18:50:00,591.8,Дебетовая карта,Apple Pay,0
user_1820,2024-01-16 13:02:00,1264.42,Кредит,криптовалюта,0
user_619,2024-03-30 19:30:00,1396.24,Кредит,карта,0
user_1340,2023-12-24 20:03:00,1503.02,Инвестиции,криптовалюта,0
user_1596,2023-08-02 19:42:00,505.06,Кредит,Google Pay,0
user_1937,2023-02-20 09:19:00,2533.88,Кредит,карта,0
user_464,2023-07-22 10:16:00,2790.39,Кредит,карта,0
user_1574,2023-08-22 18:34:00,2964.46,Страхование,карта,0
user_449,2023-08-31 17:38:00,1437.4,Инвестиции,криптовалюта,0
user_1925,2023-04-13 12:06:00,2556.24,Кредит,Apple Pay,0
user_1072,2023-02-23 18:40:00,2335.67,Кредит,Google Pay,0
user_1751,2023-10-19 14:05:00,900.6,Инвестиции,криптовалюта,0
user_1143,2023-07-09 10:57:00,1563.58,Кредит,карта,0
user_151,2023-07-03 10:16:00,2143.66,Дебетовая карта,карта,0
user_703,2023-10-20 14:03:00,1748.32,Дебетовая карта,карта,0
user_1219,2023-06-14 17:31:00,1987.13,Дебетовая карта,криптовалюта,0
user_1208,2023-09-12 16:43:00,1954.9,Кредит,Apple Pay,0
user_1101,2023-07-14 18:54:00,1604.99,Инвестиции,карта,0
user_1419,2023-03-02 17:16:00,4091.23,Кредит,банковский перевод,0
user_1155,2023-02-19 12:55:00,3004.27,Дебетовая карта,Apple Pay,0
user_361,2023-10-04 14:15:00,668.47,Вклад,карта,0
user_157,2023-08-31 15:24:00,1683.85,Инвестиции,карта,0
user_578,2023-07-21 17:35:00,2066.32,Вклад,Apple Pay,0
user_276,2023-01-14 13:03:00,8738.58,Дебетовая карта,криптовалюта,0
user_1400,2024-02-25 12:57:00,2444.39,Кредит,карта,0
user_1955,2023-04-24 13:24:00,2069.01,Дебетовая карта,Apple Pay,0
user_1855,2024-02-20 10:47:00,5196.01,Вклад,карта,0
user_1133,2023-10-26 11:50:00,2318.67,Дебетовая карта,карта,0
user_1769,2023-09-14 15:22:00,5211.14,Вклад,криптовалюта,0
user_1316,2023-07-10 18:58:00,2857.34,Страхование,Google Pay,0
user_260,2024-02-11 13:37:00,1984.43,Кредит,криптовалюта,0
user_1173,2024-03-30 16:00:00,9842.87,Инвестиции,карта,0
user_1140,2023-11-25 15:29:00,3296.92,Вклад,карта,0
user_1101,2023-01-17 14:47:00,16664.53,Дебетовая карта,Apple Pay,0
user_1601,2023-09-14 12:49:00,75739.63,Вклад,карта,0
user_1973,2023-07-23 16:00:00,717.5,Страхование,Apple Pay,0
user_475,2023-03-07 11:08:00,11554.06,Страхование,карта,0
user_35,2023-07-13 13:04:00,1842.85,Дебетовая карта,карта,0
user_1287,2023-10-27 14:23:00,833.87,Вклад,карта,0
user_222,2023-04-21 13:09:00,999.23,Дебетовая карта,карта,1
user_856,2024-02-12 15:52:00,725.29,Дебетовая карта,карта,0
user_1865,2024-01-25 14:23:00,6700.52,Кредит,карта,0
user_1326,2023-11-23 13:27:00,1887.36,Ипотека,банковский перевод,0
user_1876,2023-07-06 16:03:00,840.88,Кредит,карта,0
user_65,2023-05-05 17:29:00,1251.34,Вклад,Apple Pay,0
user_1414,2023-11-11 16:19:00,1620.0,Дебетовая карта,карта,0
user_626,2023-07-21 09:45:00,3598.78,Инвестиции,карта,0
user_149,2023-07-21 12:32:00,3045.39,Дебетовая карта,Google Pay,0
user_615,2023-01-06 13:54:00,5504.43,Кредит,Google Pay,0
user_1868,2023-06-24 13:26:00,827.57,Кредит,карта,0
user_838,2023-04-25 11:28:00,4644.02,Дебетовая карта,карта,0
user_1836,2023-10-29 11:12:00,2326.36,Дебетовая карта,Google Pay,0
user_230,2023-11-30 15:18:00,1396.08,Вклад,карта,0
user_1313,2024-01-21 20:50:00,1139.55,Инвестиции,карта,0
user_874,2023-05-06 20:21:00,605.72,Дебетовая карта,карта,0
user_599,2023-02-05 15:57:00,1881.92,Страхование,карта,0
user_1083,2023-01-02 09:00:00,1155.41,Кредит,криптовалюта,0
user_1229,2024-01-18 11:29:00,1839.09,Инвестиции,карта,0
user_54,2023-02-07 20:45:00,584.28,Кредит,карта,0
user_1308,2023-09-17 19:12:00,2930.84,Инвестиции,Apple Pay,0
user_602,2023-07-08 20:30:00,1100.05,Кредит,карта,0
user_1608,2023-05-19 16:56:00,982.98,Вклад,банковский перевод,0
user_355,2023-02-13 20:28:00,1888.39,Дебетовая карта,карта,0
user_572,2023-02-10 20:34:00,37987.34,Вклад,карта,0
user_1945,2023-04-05 11:05:00,753.26,Ипотека,Apple Pay,0
user_495,2023-08-29 12:19:00,2298.81,Вклад,Apple Pay,0
user_261,2023-09-07 20:52:00,1166.17,Кредит,карта,0
user_1101,2023-02-17 13:13:00,540.76,Дебетовая карта,карта,0
user_1255,2023-06-06 19:20:00,1835.21,Кредит,карта,0
user_1134,2023-10-22 19:16:00,1549.73,Дебетовая карта,карта,1
user_804,2023-08-02 18:19:00,1708.33,Кредит,карта,1
user_215,2023-11-01 11:55:00,15777.42,Вклад,Apple Pay,0
user_575,2023-02-27 17:58:00,1310.2,Ипотека,Apple Pay,0
user_113,2023-03-06 14:56:00,872.37,Кредит,Apple Pay,0
user_1709,2023-02-02 12:54:00,2164.7,Инвестиции,карта,0
user_520,2023-03-02 20:44:00,665.81,Инвестиции,Apple Pay,0
user_1329,2023-04-18 11:18:00,7191.33,Вклад,карта,0
user_521,2023-08-29 20:47:00,5738.56,Вклад,Apple Pay,1
user_1241,2023-01-08 16:19:00,1951.87,Страхование,карта,0
user_183,2023-08-30 14:35:00,2530.71,Дебетовая карта,Apple Pay,0
user_188,2023-12-17 11:22:00,1629.1,Ипотека,карта,0
user_633,2023-01-22 13:59:00,2124.91,Дебетовая карта,Google Pay,0
user_518,2023-11-28 17:50:00,2721.54,Кредит,карта,0
user_645,2023-09-17 10:39:00,4521.61,Страхование,Apple Pay,0
user_553,2023-03-06 11:39:00,2039.49,Дебетовая карта,карта,0
user_1389,2024-02-25 12:18:00,1047.47,Кредит,карта,0
user_869,2023-11-01 12:10:00,759.19,Кредит,Apple Pay,0
user_309,2023-04-15 18:36:00,1291.9,Дебетовая карта,Google Pay,0
user_1843,2023-05-27 20:20:00,6947.47,Кредит,Apple Pay,0
user_1271,2023-11-09 11:56:00,3892.13,Кредит,карта,0
user_808,2023-04-07 14:35:00,8836.53,Кредит,Apple Pay,0
user_1020,2023-08-25 15:46:00,3768.27,Вклад,Google Pay,0
user_657,2024-01-11 13:37:00,8790.82,Кредит,карта,0
user_786,2023-09-17 14:30:00,3031.55,Страхование,карта,0
user_142,2024-01-01 17:00:00,2567.81,Инвестиции,карта,0
user_1663,2023-01-30 17:31:00,21780.4,Страхование,Google Pay,0
user_770,2023-09-05 19:13:00,3026.33,Кредит,карта,0
user_1393,2023-04-26 16:46:00,4768.34,Вклад,карта,0
user_105,2024-03-24 20:20:00,813.45,Кредит,Apple Pay,0
user_184,2023-03-22 16:11:00,2370.09,Ипотека,Google Pay,0
user_731,2023-07-19 12:23:00,1184.24,Кредит,карта,0
user_77,2024-02-07 12:51:00,66177.55,Кредит,криптовалюта,0
user_1936,2023-04-15 12:14:00,1957.48,Кредит,Apple Pay,0
user_79,2023-12-07 18:02:00,1952.94,Ипотека,карта,0
user_1113,2023-05-28 20:31:00,44571.49,Кредит,банковский перевод,0
user_702,2023-03-22 11:27:00,5401.61,Кредит,Google Pay,0
user_418,2023-04-07 14:35:00,1677.18,Кредит,карта,0
user_282,2023-08-01 15:03:00,1081.59,Инвестиции,карта,0
user_599,2023-08-18 09:41:00,5755.48,Дебетовая карта,карта,0
user_103,2023-08-27 16:20:00,2436.97,Ипотека,карта,0
user_1143,2023-04-02 17:03:00,10780.21,Ипотека,криптовалюта,0
user_470,2023-08-08 12:21:00,5383.78,Страхование,карта,1
user_39,2023-07-16 14:12:00,1701.2,Кредит,карта,1
user_231,2023-02-27 14:17:00,6828.35,Ипотека,Apple Pay,0
user_1800,2023-01-17 19:28:00,5602.73,Дебетовая карта,Google Pay,0
user_480,2023-02-10 13:07:00,1107.41,Дебетовая карта,криптовалюта,0
user_1157,2024-03-12 14:52:00,685.82,Вклад,карта,0
user_820,2023-06-05 20:56:00,2181.93,Страхование,карта,0
user_985,2023-10-27 14:58:00,67043.37,Ипотека,Apple Pay,0
user_1709,2023-09-18 11:04:00,1983.58,Ипотека,карта,0
user_1433,2023-08-31 11:44:00,1937.16,Дебетовая карта,карта,0
user_1103,2023-09-07 14:16:00,1102.55,Кредит,карта,0
user_401,2023-04-08 11:39:00,572.63,Ипотека,банковский перевод,0
user_1700,2023-12-23 20:40:00,1370.23,Кредит,Google Pay,0
user_44,2023-08-27 17:14:00,9859.92,Вклад,карта,0
user_1115,2024-02-03 09:54:00,1122.94,Кредит,Apple Pay,0
user_1231,2023-02-17 20:46:00,1348.8,Дебетовая карта,криптовалюта,0
user_1892,2023-07-10 14:17:00,4171.69,Дебетовая карта,криптовалюта,0
user_321,2023-04-05 12:51:00,2745.2,Страхование,Apple Pay,0
user_578,2023-04-26 14:41:00,1272.59,Ипотека,криптовалюта,0
user_25,2023-12-29 12:48:00,4124.67,Ипотека,Google Pay,1
user_495,2023-03-21 17:06:00,3446.42,Дебетовая карта,Apple Pay,0
user_1858,2024-03-18 10:53:00,1211.13,Дебетовая карта,карта,0
user_18,2023-12-13 10:46:00,4790.27,Дебетовая карта,криптовалюта,0
user_1577,2023-06-06 20:57:00,1544.89,Дебетовая карта,карта,0
user_1870,2024-02-27 16:53:00,4208.91,Дебетовая карта,Apple Pay,0
user_229,2023-07-21 09:51:00,948.58,Ипотека,карта,0
user_722,2023-01-22 16:32:00,1706.68,Дебетовая карта,карта,1
user_1793,2023-06-18 17:16:00,9676.37,Кредит,карта,0
user_1441,2024-02-28 19:55:00,4520.69,Вклад,карта,0
user_136,2024-01-21 18:55:00,1342.68,Кредит,Google Pay,0
user_1732,2024-02-22 18:47:00,1308.74,Кредит,карта,0
user_1606,2023-03-26 11:23:00,4196.89,Страхование,Google Pay,0
user_624,2023-06-16 12:17:00,2278.04,Кредит,банковский перевод,0
user_829,2023-04-28 15:47:00,551.21,Вклад,Apple Pay,0
user_610,2024-01-04 10:32:00,1316.75,Инвестиции,Google Pay,1
user_1037,2023-08-07 18:51:00,1317.49,Дебетовая карта,Apple Pay,0
user_1560,2023-05-31 18:35:00,38852.72,Дебетовая карта,карта,0
user_1337,2023-05-02 15:02:00,6887.37,Вклад,карта,0
user_1937,2023-01-25 13:57:00,4583.12,Вклад,Apple Pay,0
user_198,2023-09-28 17:51:00,692.93,Ипотека,карта,0
user_1849,2023-07-23 15:16:00,3017.87,Инвестиции,карта,1
user_1816,2023-05-01 20:41:00,6598.28,Кредит,карта,0
user_765,2023-03-02 13:46:00,1380.16,Дебетовая карта,Apple Pay,0
user_288,2024-01-11 16:01:00,2902.69,Кредит,карта,0
user_452,2023-06-20 14:10:00,13793.64,Кредит,Google Pay,0
user_1884,2023-07-12 13:35:00,5356.49,Дебетовая карта,карта,0
user_20,2023-05-23 13:52:00,83098.31,Дебетовая карта,Google Pay,1
user_183,2023-07-02 11:44:00,1399.66,Вклад,карта,0
user_145,2023-04-30 11:45:00,8935.38,Вклад,Google Pay,0
user_345,2023-04-19 09:06:00,4900.14,Дебетовая карта,криптовалюта,0
user_1579,2023-12-05 12:23:00,762.19,Инвестиции,карта,0
user_116,2023-08-18 12:11:00,1094.23,Инвестиции,карта,0
user_1930,2023-02-01 09:54:00,3390.77,Страхование,Google Pay,0
user_796,2024-03-29 16:27:00,1325.67,Дебетовая карта,банковский перевод,0
user_1064,2024-01-04 18:26:00,6455.79,Кредит,карта,0
user_1182,2023-12-03 10:09:00,1775.55,Кредит,Google Pay,0
user_1623,2024-01-20 15:48:00,7251.76,Кредит,карта,0
user_1251,2023-09-16 10:09:00,972.33,Ипотека,банковский перевод,0
user_122,2023-08-31 10:50:00,5422.21,Дебетовая карта,Google Pay,0
user_1658,2023-04-30 17:15:00,2977.19,Дебетовая карта,криптовалюта,0
user_177,2023-12-19 12:31:00,1847.79,Дебетовая карта,карта,0
user_1057,2023-04-25 19:32:00,1442.72,Вклад,карта,0
user_1733,2023-08-26 12:10:00,6244.49,Ипотека,карта,0
user_1021,2023-12-18 09:03:00,6709.5,Кредит,карта,0
user_839,2023-10-26 16:19:00,96278.19,Инвестиции,карта,0
user_653,2023-12-18 09:26:00,3580.3,Дебетовая карта,карта,0
user_1571,2024-02-17 12:47:00,5531.46,Кредит,карта,0
user_1303,2023-05-18 11:19:00,61352.58,Дебетовая карта,карта,0
user_1622,2023-05-13 10:54:00,1534.43,Дебетовая карта,карта,0
user_1818,2023-09-22 20:37:00,2108.82,Кредит,Apple Pay,0
user_1185,2024-02-11 13:11:00,917.23,Кредит,карта,0
user_711,2024-03-10 18:54:00,7294.35,Вклад,Apple Pay,0
user_1187,2024-02-25 12:32:00,3884.73,Страхование,Apple Pay,0
user_713,2023-11-30 19:06:00,1897.77,Вклад,карта,0
user_411,2024-02-29 18:28:00,3069.39,Дебетовая карта,карта,0
user_687,2023-12-01 12:21:00,1017.61,Вклад,банковский перевод,0
user_959,2023-04-01 13:18:00,715.26,Ипотека,карта,0
user_455,2023-09-24 14:16:00,2496.3,Ипотека,криптовалюта,0
user_631,2023-06-25 15:47:00,2363.36,Кредит,карта,0
user_1134,2024-02-08 12:26:00,730.43,Кредит,карта,0
user_270,2023-11-21 11:44:00,859.89,Вклад,криптовалюта,0
user_212,2023-09-11 10:39:00,1189.51,Кредит,Apple Pay,0
user_1549,2023-03-14 15:18:00,4946.74,Инвестиции,Google Pay,0
user_1670,2023-01-11 17:40:00,993.12,Кредит,Apple Pay,0
user_627,2023-05-05 09:52:00,2195.37,Кредит,банковский перевод,0
user_276,2023-07-09 19:24:00,4203.87,Инвестиции,карта,0
user_923,2023-12-04 19:40:00,4141.13,Кредит,карта,0
user_348,2024-01-28 09:46:00,1629.87,Кредит,карта,0
user_1754,2023-11-23 18:38:00,1663.53,Инвестиции,Apple Pay,0
user_138,2023-04-10 16:42:00,36425.22,Кредит,карта,1
user_1008,2024-03-28 17:50:00,23900.72,Дебетовая карта,Google Pay,0
user_763,2023-12-21 10:47:00,78720.88,Дебетовая карта,карта,0
user_934,2023-11-18 10:11:00,4863.43,Кредит,карта,0
user_1516,2023-04-27 16:47:00,807.19,Кредит,карта,0
user_524,2024-02-05 10:58:00,11766.28,Кредит,банковский перевод,0
user_1821,2023-02-26 16:58:00,646.37,Дебетовая карта,Google Pay,0
user_1957,2023-07-09 20:37:00,909.62,Ипотека,карта,1
user_869,2023-06-03 19:00:00,1492.7,Страхование,Apple Pay,0
user_772,2023-12-14 13:42:00,542.99,Страхование,карта,0
user_471,2023-01-12 19:08:00,802.99,Вклад,криптовалюта,0
user_1628,2023-10-03 11:55:00,2033.22,Страхование,карта,0
user_1452,2024-01-17 19:22:00,35675.92,Дебетовая карта,карта,0
user_900,2023-03-24 09:12:00,2952.0,Ипотека,карта,0
user_1377,2023-10-17 13:04:00,4760.82,Вклад,криптовалюта,0
user_736,2024-03-30 19:26:00,720.53,Вклад,криптовалюта,0
user_1364,2023-04-22 14:14:00,1609.88,Кредит,карта,0
user_1641,2023-02-03 13:09:00,3103.09,Страхование,Apple Pay,0
user_887,2023-02-18 20:01:00,3039.27,Дебетовая карта,Apple Pay,0
user_1333,2024-01-13 19:25:00,4871.24,Страхование,карта,0
user_1131,2024-01-28 15:54:00,725.83,Инвестиции,карта,0
user_145,2024-01-13 17:34:00,4266.16,Кредит,карта,0
user_124,2023-01-06 12:58:00,3292.05,Дебетовая карта,Google Pay,0
user_527,2024-02-24 17:29:00,4696.16,Ипотека,криптовалюта,0
user_501,2023-07-08 14:43:00,2922.9,Кредит,карта,0
user_380,2023-05-02 15:37:00,1828.89,Страхование,карта,0
user_1854,2023-11-02 10:49:00,959.43,Дебетовая карта,карта,0
user_1212,2023-07-17 20:26:00,5904.97,Дебетовая карта,карта,1
user_84,2023-12-29 10:53:00,1180.17,Ипотека,карта,0
user_1807,2023-01-13 15:44:00,2252.32,Вклад,карта,0
user_604,2023-06-03 20:40:00,1956.96,Дебетовая карта,карта,0
user_1977,2024-02-15 15:42:00,7269.09,Вклад,карта,0
user_454,2023-01-26 09:34:00,85243.1,Кредит,Google Pay,0
user_169,2023-06-19 14:36:00,839.87,Кредит,карта,0
user_261,2023-06-18 20:43:00,977.36,Вклад,криптовалюта,0
user_773,2023-10-02 19:01:00,3452.35,Инвестиции,Google Pay,0
user_1849,2023-03-31 18:47:00,1648.54,Вклад,Apple Pay,0
user_1105,2023-09-23 11:17:00,926.74,Дебетовая карта,Google Pay,0
user_252,2023-09-20 10:50:00,1524.43,Кредит,карта,0
user_636,2023-05-31 19:32:00,1315.56,Кредит,Apple Pay,0
user_979,2023-05-21 09:49:00,3368.47,Кредит,криптовалюта,0
user_1089,2023-10-29 19:13:00,3622.13,Ипотека,Apple Pay,0
user_1680,2023-03-20 11:23:00,6062.93,Дебетовая карта,карта,0
user_92,2023-06-21 18:57:00,1719.49,Инвестиции,Apple Pay,0
user_8,2023-01-07 15:37:00,2370.49,Кредит,карта,0
user_1442,2023-04-19 13:43:00,3766.65,Дебетовая карта,карта,0
user_218,2023-08-24 09:25:00,35488.84,Кредит,карта,0
user_1367,2023-05-29 11:06:00,1456.42,Ипотека,карта,0
user_684,2023-06-08 19:51:00,4908.16,Кредит,Google Pay,0
user_777,2023-03-13 16:44:00,2425.14,Кредит,Apple Pay,0
user_296,2023-08-06 09:42:00,3196.21,Кредит,криптовалюта,0
user_1548,2023-03-17 11:17:00,843.74,Кредит,Apple Pay,0
user_366,2023-02-07 20:32:00,5503.78,Дебетовая карта,Google Pay,0
user_17,2024-01-06 09:11:00,594.46,Ипотека,карта,0
user_1183,2023-03-09 09:43:00,2558.13,Ипотека,карта,0
user_304,2023-03-17 19:44:00,2637.28,Вклад,карта,1
user_342,2023-05-10 12:22:00,2430.69,Инвестиции,карта,0
user_437,2023-09-03 17:26:00,4685.5,Дебетовая карта,Google Pay,0
user_1278,2024-01-02 18:15:00,3950.28,Инвестиции,карта,0
user_1505,2023-06-30 18:43:00,2421.22,Кредит,криптовалюта,0
user_1832,2024-03-18 10:05:00,1347.28,Дебетовая карта,карта,0
user_1965,2023-08-18 11:44:00,830.86,Кредит,криптовалюта,0
user_459,2023-11-27 14:02:00,28632.83,Ипотека,Google Pay,0
user_431,2023-06-09 12:23:00,2318.45,Дебетовая карта,Google Pay,0
user_425,2024-01-20 17:40:00,687.63,Кредит,карта,0
user_375,2023-01-07 16:31:00,5529.89,Кредит,карта,0
user_23,2023-10-06 13:30:00,1937.58,Дебетовая карта,Google Pay,0
user_1176,2023-06-02 18:24:00,4094.11,Дебетовая карта,банковский перевод,1
user_30,2024-01-29 20:47:00,9726.97,Вклад,карта,0
user_78,2023-08-28 14:31:00,3096.77,Инвестиции,Apple Pay,0
user_794,2023-12-21 19:45:00,1711.1,Страхование,карта,0
user_1621,2023-11-22 14:15:00,1251.92,Дебетовая карта,карта,0
user_979,2023-06-02 20:24:00,3711.32,Дебетовая карта,Apple Pay,0
user_796,2023-08-08 14:21:00,3948.25,Ипотека,карта,0
user_366,2023-03-08 11:13:00,1109.25,Дебетовая карта,карта,0
user_1361,2023-04-01 10:56:00,728.46,Дебетовая карта,карта,0
user_646,2023-02-02 10:33:00,3450.73,Вклад,карта,0
user_1993,2024-02-23 17:07:00,1388.89,Вклад,карта,0
user_281,2023-10-07 16:43:00,2095.2,Ипотека,карта,0
user_1571,2023-05-13 13:57:00,36204.86,Дебетовая карта,карта,0
user_1363,2023-12-30 12:44:00,3616.6,Дебетовая карта,карта,0
user_732,2024-01-27 17:37:00,5411.15,Вклад,карта,0
user_786,2023-12-15 15:13:00,9997.11,Страхование,карта,0
user_1924,2023-08-10 15:45:00,3100.29,Кредит,карта,0
user_1469,2023-12-19 10:05:00,1491.52,Ипотека,карта,0
user_87,2023-03-14 11:16:00,12040.92,Кредит,карта,0
user_1101,2023-08-12 17:24:00,959.69,Кредит,карта,0
user_1481,2023-07-25 19:45:00,65047.95,Вклад,карта,0
user_755,2023-12-08 18:02:00,3087.76,Кредит,Apple Pay,0
user_1382,2023-11-30 14:37:00,2287.6,Кредит,карта,0
user_1253,2023-12-13 09:40:00,15914.21,Ипотека,карта,0
user_657,2024-02-06 15:39:00,67423.55,Вклад,Google Pay,0
user_15,2023-02-08 18:54:00,628.02,Ипотека,карта,0
user_71,2023-06-10 13:31:00,1804.63,Кредит,карта,0
user_1381,2023-03-08 10:05:00,5930.14,Кредит,Apple Pay,0
user_1551,2023-03-14 18:37:00,1337.92,Кредит,карта,1
user_743,2023-10-06 09:15:00,6162.77,Кредит,Apple Pay,0
user_952,2024-03-01 15:04:00,2662.47,Дебетовая карта,Apple Pay,0
user_1028,2024-03-06 15:29:00,1586.87,Ипотека,криптовалюта,1
user_1767,2023-09-29 13:41:00,1970.54,Дебетовая карта,банковский перевод,0
user_1047,2023-05-21 13:10:00,1287.11,Страхование,карта,0
user_1142,2023-03-31 19:12:00,3133.49,Вклад,криптовалюта,0
user_1117,2023-03-20 14:03:00,1606.6,Кредит,карта,0
user_261,2023-07-06 10:15:00,5275.25,Кредит,карта,0
user_1405,2023-03-25 19:25:00,882.94,Вклад,карта,0
user_1816,2023-01-01 19:59:00,3428.5,Кредит,карта,0
user_222,2023-03-03 10:08:00,2017.91,Дебетовая карта,карта,0
user_143,2023-05-04 14:47:00,1919.65,Вклад,Google Pay,0
user_978,2024-02-16 19:55:00,4359.15,Дебетовая карта,карта,0
user_1530,2023-01-25 20:39:00,882.58,Дебетовая карта,Apple Pay,0
user_167,2023-02-27 20:42:00,3448.06,Страхование,банковский перевод,0
user_1487,2023-12-09 16:47:00,4756.3,Дебетовая карта,карта,0
user_469,2023-01-14 15:40:00,2756.71,Дебетовая карта,карта,0
user_367,2024-01-28 17:14:00,1078.01,Кредит,карта,0
user_379,2023-10-26 11:12:00,3012.46,Страхование,карта,0
user_1053,2023-10-09 12:19:00,4106.69,Вклад,карта,0
user_1198,2023-09-09 11:08:00,771.37,Ипотека,карта,0
user_924,2023-07-18 10:44:00,1055.69,Страхование,Apple Pay,0
user_1213,2023-11-14 20:09:00,3264.51,Вклад,Google Pay,0
user_1611,2023-12-07 09:37:00,3066.33,Вклад,карта,0
user_1662,2023-03-26 17:04:00,3406.24,Дебетовая карта,Apple Pay,0
user_1459,2023-01-20 12:21:00,599.09,Дебетовая карта,Google Pay,0
user_1044,2023-12-12 11:47:00,1045.13,Вклад,Apple Pay,0
user_438,2023-08-14 09:57:00,6586.02,Дебетовая карта,карта,0
user_1490,2023-09-17 19:05:00,1370.44,Ипотека,карта,0
user_1347,2023-07-25 11:30:00,1709.28,Вклад,Google Pay,0
user_1779,2023-12-23 19:58:00,3004.18,Кредит,карта,1
user_1425,2023-04-30 12:46:00,3655.99,Кредит,карта,0
user_268,2023-12-20 12:20:00,4878.25,Кредит,карта,0
user_1140,2023-03-30 18:06:00,3611.96,Ипотека,карта,0
user_1442,2023-09-17 13:32:00,2935.6,Дебетовая карта,Apple Pay,0
user_1995,2024-02-25 18:54:00,1702.7,Инвестиции,Apple Pay,0
user_656,2023-11-13 14:58:00,6761.53,Дебетовая карта,карта,0
user_1721,2023-09-13 13:51:00,1283.55,Ипотека,банковский перевод,0
user_557,2024-03-10 14:49:00,8225.22,Дебетовая карта,карта,0
user_754,2023-08-13 14:31:00,1634.48,Инвестиции,карта,0
user_1926,2023-08-16 19:54:00,4857.15,Вклад,Apple Pay,0
user_329,2023-12-27 16:06:00,6590.74,Кредит,карта,0
user_413,2023-06-03 10:02:00,1099.06,Вклад,криптовалюта,0
user_1671,2023-10-15 12:04:00,760.89,Кредит,Apple Pay,0
user_1830,2023-04-09 09:07:00,5071.09,Кредит,карта,0
user_210,2023-08-15 17:47:00,96440.92,Дебетовая карта,карта,0
user_1648,2023-06-30 17:05:00,2677.82,Кредит,карта,0
user_1179,2023-02-28 12:38:00,1841.12,Дебетовая карта,карта,0
user_1758,2023-03-05 09:35:00,1373.62,Вклад,Apple Pay,0
user_994,2023-07-05 14:25:00,1077.4,Ипотека,карта,0
user_1172,2024-03-01 10:36:00,1491.4,Дебетовая карта,Apple Pay,0
user_465,2023-12-15 18:05:00,5803.47,Страхование,карта,0
user_1170,2023-06-02 20:45:00,71536.91,Дебетовая карта,карта,1
user_837,2024-02-24 17:04:00,4332.49,Дебетовая карта,карта,0
user_806,2024-03-26 19:39:00,5041.78,Дебетовая карта,карта,0
user_560,2023-01-01 19:53:00,825.52,Инвестиции,криптовалюта,0
user_802,2024-01-30 12:55:00,4238.9,Кредит,карта,0
user_337,2023-01-04 15:46:00,78637.7,Кредит,банковский перевод,0
user_1702,2023-04-12 20:35:00,1347.02,Страхование,Apple Pay,0
user_810,2023-03-16 20:07:00,1679.72,Кредит,карта,0
user_776,2024-03-18 20:56:00,2315.63,Кредит,карта,0
user_1960,2023-05-27 14:45:00,2716.92,Кредит,Apple Pay,0
user_974,2024-01-01 11:29:00,904.23,Кредит,карта,0
user_1405,2023-06-24 17:46:00,568.26,Кредит,Apple Pay,0
user_1993,2023-07-16 19:18:00,1300.43,Дебетовая карта,криптовалюта,0
user_1725,2023-12-11 14:06:00,1725.79,Ипотека,карта,0
user_709,2023-05-20 19:25:00,1684.88,Инвестиции,Google Pay,0
user_1066,2023-12-25 17:24:00,7959.27,Кредит,криптовалюта,0
user_1646,2023-04-02 17:40:00,2848.02,Кредит,карта,0
user_1001,2023-05-23 09:23:00,717.11,Ипотека,карта,0
user_555,2023-01-01 18:13:00,87037.59,Вклад,карта,0
user_1058,2023-06-29 11:54:00,1964.37,Вклад,карта,0
user_51,2024-01-15 20:45:00,4399.59,Вклад,карта,0
user_1762,2023-02-26 16:27:00,2597.63,Кредит,карта,0
user_1187,2023-11-18 17:39:00,837.57,Кредит,Google Pay,0
user_512,2023-10-13 18:52:00,5606.67,Дебетовая карта,криптовалюта,0
user_959,2023-08-31 09:01:00,2062.64,Дебетовая карта,карта,0
user_64,2023-01-16 19:27:00,2235.42,Ипотека,карта,0
user_1574,2023-08-03 12:55:00,6899.27,Кредит,Google Pay,1
user_1062,2023-04-20 19:40:00,677.53,Кредит,Google Pay,1
user_9,2023-07-01 16:55:00,1714.18,Ипотека,карта,0
user_920,2023-01-30 09:10:00,1033.37,Инвестиции,Google Pay,0
user_142,2023-10-29 15:40:00,641.33,Кредит,Google Pay,0
user_775,2023-07-03 19:28:00,2100.88,Дебетовая карта,карта,0
user_1720,2023-08-03 14:14:00,9105.42,Вклад,карта,0
user_1308,2024-03-19 09:01:00,2377.5,Кредит,карта,0
user_962,2023-08-01 17:27:00,7765.28,Инвестиции,карта,0
user_1024,2023-12-26 13:13:00,1685.35,Кредит,карта,0
user_1013,2023-10-17 11:31:00,3213.75,Кредит,карта,0
user_195,2023-10-17 10:13:00,1580.55,Дебетовая карта,Google Pay,0
user_451,2023-01-22 11:53:00,6788.98,Страхование,карта,0
user_1633,2023-01-06 17:10:00,4230.03,Ипотека,криптовалюта,0
user_1852,2023-07-30 09:29:00,2978.87,Вклад,Apple Pay,0
user_292,2024-02-29 10:18:00,3404.74,Кредит,Apple Pay,0
user_1829,2023-04-30 17:49:00,793.88,Вклад,Apple Pay,0
user_61,2023-05-04 10:53:00,1327.03,Кредит,карта,0
user_1034,2023-02-17 19:33:00,741.24,Кредит,карта,0
user_1655,2023-12-22 19:41:00,1814.27,Кредит,карта,0
user_436,2023-06-22 12:38:00,2096.77,Кредит,Apple Pay,0
user_1898,2023-08-23 19:45:00,6753.24,Дебетовая карта,криптовалюта,1
user_1966,2024-02-10 13:28:00,1757.32,Страхование,карта,0
user_849,2024-02-06 12:49:00,66417.09,Кредит,карта,0
user_1785,2023-09-18 14:55:00,868.4,Дебетовая карта,Google Pay,0
user_159,2023-05-01 17:21:00,1470.3,Кредит,карта,0
user_1043,2024-03-10 15:34:00,2320.39,Вклад,карта,0
user_586,2023-05-25 09:59:00,2161.23,Дебетовая карта,карта,0
user_1253,2023-07-23 16:54:00,2254.36,Кредит,карта,0
user_502,2023-06-11 09:46:00,15487.7,Инвестиции,карта,0
user_880,2023-10-09 16:22:00,1295.42,Дебетовая карта,Apple Pay,0
user_1464,2024-02-18 13:02:00,5227.87,Ипотека,карта,0
user_413,2023-09-16 18:24:00,1444.97,Ипотека,Google Pay,0
user_1685,2023-07-27 20:35:00,564.47,Кредит,Apple Pay,0
user_1363,2023-05-19 13:45:00,5881.44,Инвестиции,карта,0
user_502,2023-12-06 10:46:00,1318.04,Страхование,банковский перевод,0
user_1339,2023-06-01 10:09:00,2677.8,Дебетовая карта,банковский перевод,1
user_636,2024-02-06 11:30:00,2366.04,Инвестиции,криптовалюта,0
user_1095,2023-09-14 14:20:00,6102.42,Дебетовая карта,карта,0
user_1221,2023-01-12 09:28:00,11944.6,Дебетовая карта,Apple Pay,0
user_1629,2024-01-28 19:40:00,1881.63,Дебетовая карта,карта,0
user_697,2023-05-09 20:22:00,3928.21,Инвестиции,карта,0
user_904,2023-12-31 10:33:00,3086.34,Ипотека,карта,0
user_886,2023-04-10 14:46:00,3724.66,Кредит,Apple Pay,0
user_1722,2024-03-06 09:25:00,1447.04,Вклад,карта,1
user_1684,2023-02-02 15:59:00,14340.15,Кредит,карта,0
user_435,2023-06-01 13:16:00,1067.29,Инвестиции,криптовалюта,0
user_211,2024-01-21 19:48:00,3310.4,Кредит,Apple Pay,0
user_1924,2023-04-23 11:08:00,1236.15,Кредит,криптовалюта,0
user_335,2023-03-28 17:32:00,1399.0,Страхование,карта,0
user_411,2024-01-18 16:55:00,3175.69,Вклад,Apple Pay,0
user_238,2023-01-24 17:07:00,621.73,Дебетовая карта,Apple Pay,0
user_321,2023-06-08 14:30:00,8316.94,Вклад,карта,0
user_127,2023-04-06 11:08:00,5427.15,Страхование,карта,0
user_1207,2023-04-07 17:53:00,72300.83,Кредит,карта,0
user_1020,2023-06-05 19:48:00,614.35,Дебетовая карта,Apple Pay,0
user_187,2023-05-07 11:22:00,2252.12,Дебетовая карта,карта,0
user_1305,2023-02-23 20:48:00,1170.06,Вклад,карта,0
user_336,2023-06-28 15:19:00,2110.23,Вклад,Google Pay,0
user_1077,2023-01-02 11:02:00,1459.88,Дебетовая карта,Google Pay,0
user_1459,2023-07-05 14:21:00,5441.06,Вклад,Google Pay,0
user_852,2023-11-09 17:33:00,5476.8,Кредит,Apple Pay,0
user_617,2023-06-07 13:27:00,3491.88,Дебетовая карта,Apple Pay,0
user_1793,2023-11-30 12:42:00,1607.08,Вклад,Apple Pay,0
user_1601,2023-05-26 15:15:00,3293.81,Дебетовая карта,Google Pay,0
user_1689,2023-02-10 14:42:00,2815.65,Ипотека,Apple Pay,1
user_312,2023-07-15 18:03:00,1293.99,Ипотека,карта,0
user_547,2023-01-21 20:33:00,1160.95,Дебетовая карта,карта,0
user_771,2023-06-08 16:45:00,2800.92,Кредит,Apple Pay,0
user_337,2024-02-06 19:21:00,1272.99,Кредит,Apple Pay,0
user_773,2023-01-06 13:07:00,2436.05,Дебетовая карта,криптовалюта,0
user_496,2023-08-23 11:40:00,8605.83,Ипотека,карта,0
user_961,2024-02-08 11:32:00,3342.5,Кредит,Google Pay,0
user_1415,2024-03-11 12:47:00,2098.55,Дебетовая карта,Google Pay,0
user_821,2023-01-21 16:02:00,7134.16,Вклад,Google Pay,0
user_1445,2023-02-02 15:52:00,4648.98,Вклад,Apple Pay,0
user_774,2023-11-16 13:23:00,659.14,Вклад,криптовалюта,0
user_989,2023-08-03 12:00:00,529.61,Страхование,Google Pay,0
user_657,2024-01-02 15:51:00,9271.07,Страхование,Google Pay,0
user_170,2023-09-22 13:03:00,2013.82,Дебетовая карта,карта,0
user_31,2023-12-07 16:52:00,4735.53,Кредит,карта,0
user_367,2023-04-22 13:14:00,727.45,Вклад,Apple Pay,0
user_1234,2023-03-15 19:22:00,1146.57,Вклад,карта,0
user_200,2023-01-03 09:20:00,956.34,Кредит,криптовалюта,0
user_947,2023-01-17 19:49:00,2091.37,Инвестиции,Apple Pay,0
user_266,2024-02-17 19:02:00,914.0,Страхование,Google Pay,0
user_747,2023-10-22 19:51:00,1239.91,Дебетовая карта,Apple Pay,0
user_541,2023-07-29 20:10:00,4468.31,Ипотека,Apple Pay,1
user_423,2023-11-09 12:54:00,8092.49,Вклад,криптовалюта,0
user_1031,2024-02-12 20:03:00,2020.72,Ипотека,карта,0
user_1783,2023-05-05 13:56:00,1851.02,Страхование,криптовалюта,0
user_1306,2023-10-30 20:52:00,2824.34,Страхование,Google Pay,0
user_476,2023-05-08 11:37:00,3639.88,Кредит,банковский перевод,0
user_1699,2023-12-23 11:40:00,1443.23,Дебетовая карта,карта,0
user_1842,2023-06-29 18:37:00,1415.41,Вклад,Google Pay,0
user_1514,2023-11-13 09:50:00,4250.33,Инвестиции,карта,1
user_435,2023-10-22 11:29:00,90361.93,Ипотека,карта,0
user_336,2023-05-08 10:28:00,3277.24,Кредит,карта,0
user_1943,2023-11-08 18:56:00,3682.02,Страхование,карта,0
user_1778,2023-10-13 09:23:00,793.83,Кредит,карта,0
user_840,2023-07-19 20:07:00,5338.67,Страхование,криптовалюта,0
user_915,2024-02-07 11:40:00,7249.39,Дебетовая карта,Apple Pay,1
user_1066,2023-08-12 20:17:00,1685.47,Вклад,Apple Pay,0
user_1778,2023-08-05 16:11:00,3236.86,Дебетовая карта,криптовалюта,0
user_598,2023-05-01 18:46:00,43028.37,Инвестиции,криптовалюта,0
user_1357,2023-11-03 11:12:00,4196.01,Вклад,банковский перевод,0
user_1879,2024-02-17 19:24:00,788.32,Кредит,криптовалюта,0
user_599,2023-09-09 09:39:00,2020.08,Вклад,Google Pay,0
user_566,2023-02-15 10:31:00,5976.13,Вклад,карта,0
user_269,2024-01-22 19:25:00,3741.36,Дебетовая карта,Apple Pay,0
user_1461,2023-08-23 15:27:00,565.73,Кредит,карта,0
user_545,2023-11-25 18:27:00,534.82,Ипотека,карта,0
user_41,2023-04-14 19:40:00,2473.25,Кредит,карта,0
user_1006,2023-07-05 11:24:00,2237.43,Кредит,карта,0
user_1118,2024-01-20 12:52:00,938.41,Вклад,криптовалюта,0
user_35,2023-04-23 11:03:00,1754.71,Дебетовая карта,карта,0
user_1484,2023-03-07 12:43:00,1501.74,Дебетовая карта,Google Pay,0
user_1118,2023-08-29 16:05:00,1852.69,Кредит,карта,0
user_942,2023-10-10 16:30:00,1120.96,Дебетовая карта,карта,0
user_688,2023-10-18 10:29:00,2598.14,Дебетовая карта,Google Pay,0
user_1287,2023-11-24 10:09:00,4711.59,Вклад,карта,0
user_1502,2023-12-07 15:13:00,776.21,Кредит,Apple Pay,0
user_1537,2023-06-07 19:19:00,1455.55,Дебетовая карта,карта,0
user_777,2023-06-13 18:12:00,6933.29,Вклад,карта,0
user_1001,2023-07-27 12:29:00,1912.93,Страхование,карта,0
user_508,2023-04-30 19:08:00,1464.86,Кредит,Apple Pay,0
user_437,2023-09-12 16:48:00,5149.92,Дебетовая карта,карта,0
user_1725,2023-02-14 19:14:00,761.13,Дебетовая карта,Google Pay,0
user_794,2023-11-13 09:08:00,2243.88,Кредит,карта,0
user_548,2023-08-30 10:26:00,6113.0,Дебетовая карта,Apple Pay,0
user_1462,2023-07-17 14:03:00,1664.69,Вклад,Apple Pay,0
user_1394,2023-11-30 12:42:00,1357.27,Ипотека,карта,0
user_543,2023-04-05 11:02:00,1464.18,Кредит,карта,1
user_350,2024-01-24 13:08:00,1442.18,Дебетовая карта,карта,0
user_1265,2023-04-24 10:06:00,1251.93,Ипотека,Apple Pay,0
user_1837,2023-02-03 17:34:00,8300.45,Дебетовая карта,карта,0
user_297,2024-02-20 20:37:00,1273.28,Инвестиции,карта,0
user_479,2023-09-03 20:56:00,2167.87,Вклад,карта,0
user_1861,2023-03-17 16:46:00,4128.35,Инвестиции,Apple Pay,0
user_1466,2024-02-01 13:38:00,1236.97,Страхование,криптовалюта,0
user_1206,2023-08-11 16:39:00,4068.64,Кредит,карта,0
user_672,2023-09-23 18:04:00,6355.21,Страхование,Google Pay,0
user_937,2023-01-28 19:23:00,2009.23,Кредит,карта,0
user_379,2023-06-25 18:32:00,3298.8,Страхование,карта,1
user_1624,2023-09-01 20:20:00,3365.51,Дебетовая карта,карта,0
user_1003,2023-04-30 09:56:00,2261.99,Вклад,Google Pay,0
user_1595,2023-01-04 13:25:00,1100.36,Кредит,банковский перевод,0
user_1756,2024-02-26 14:00:00,9887.91,Кредит,карта,0
user_195,2023-04-15 15:47:00,81513.18,Кредит,карта,0
user_1725,2023-01-26 17:10:00,2663.37,Дебетовая карта,карта,0
user_615,2023-03-27 10:11:00,3554.71,Кредит,карта,0
user_656,2023-10-07 19:04:00,1900.43,Кредит,карта,0
user_918,2024-02-23 11:59:00,2860.5,Инвестиции,карта,0
user_595,2024-01-03 17:29:00,2659.3,Страхование,Apple Pay,0
user_682,2024-02-27 14:08:00,1551.69,Вклад,карта,0
user_1387,2023-05-31 10:15:00,1363.18,Страхование,Apple Pay,0
user_635,2023-01-19 14:32:00,754.68,Дебетовая карта,Apple Pay,0
user_1216,2023-08-20 11:15:00,4634.93,Страхование,криптовалюта,1
user_705,2023-09-16 12:00:00,9978.75,Дебетовая карта,карта,0
user_651,2023-11-24 15:11:00,3240.11,Кредит,криптовалюта,0
user_285,2024-02-09 12:43:00,4255.69,Вклад,Apple Pay,0
user_1728,2023-01-21 13:14:00,2958.39,Ипотека,Apple Pay,0
user_239,2023-02-01 14:14:00,2108.52,Кредит,Apple Pay,0
user_1108,2023-04-24 15:52:00,2211.5,Кредит,карта,0
user_521,2023-04-28 10:46:00,713.31,Страхование,карта,0
user_1977,2023-07-09 20:42:00,3334.66,Кредит,Apple Pay,0
user_141,2023-03-22 18:00:00,1339.46,Дебетовая карта,криптовалюта,0
user_852,2023-07-27 10:46:00,5197.48,Кредит,Google Pay,0
user_1021,2024-01-01 20:03:00,2604.26,Кредит,карта,0
user_1974,2024-01-21 17:51:00,1259.03,Страхование,карта,0
user_307,2023-07-04 16:25:00,1270.75,Ипотека,карта,0
user_1666,2023-11-05 17:17:00,712.8,Вклад,карта,0
user_136,2023-05-26 20:48:00,3006.93,Инвестиции,карта,0
user_581,2023-01-25 10:47:00,1648.97,Кредит,Apple Pay,0
user_1675,2023-11-23 11:54:00,612.7,Кредит,карта,0
user_754,2023-01-08 10:33:00,649.35,Дебетовая карта,криптовалюта,0
user_1176,2023-09-10 11:38:00,2814.02,Кредит,карта,0
user_783,2024-01-17 10:47:00,2003.03,Вклад,криптовалюта,0
user_1797,2023-09-05 19:15:00,1380.18,Ипотека,Google Pay,0
user_185,2023-11-08 18:21:00,976.65,Кредит,карта,0
user_1967,2023-09-16 17:24:00,2147.19,Ипотека,Google Pay,0
user_469,2023-10-28 17:14:00,1700.28,Дебетовая карта,Apple Pay,0
user_1188,2023-11-29 16:12:00,1396.21,Кредит,карта,0
user_524,2024-01-19 09:36:00,846.45,Дебетовая карта,Apple Pay,0
user_1592,2023-04-23 17:52:00,6037.45,Дебетовая карта,Apple Pay,0
user_1409,2023-10-30 13:38:00,7221.19,Страхование,карта,0
user_320,2023-04-02 10:22:00,1961.6,Страхование,карта,0
user_493,2023-10-07 13:06:00,2368.53,Вклад,Google Pay,0
user_1397,2023-07-26 19:27:00,2185.04,Вклад,карта,0
user_1006,2023-07-29 12:28:00,2850.89,Вклад,Apple Pay,0
user_1100,2023-05-17 20:47:00,605.38,Кредит,криптовалюта,0
user_733,2023-11-16 16:19:00,6188.94,Ипотека,карта,0
user_1353,2023-11-06 20:11:00,3416.3,Кредит,Google Pay,0
user_1859,2024-01-27 20:03:00,1935.2,Вклад,криптовалюта,0
user_210,2023-02-09 14:40:00,1950.25,Страхование,карта,0
user_1387,2023-08-26 17:49:00,1236.05,Кредит,карта,0
user_1872,2023-05-02 15:04:00,1734.97,Дебетовая карта,Apple Pay,0
user_444,2023-02-23 17:53:00,4171.73,Кредит,криптовалюта,0
user_835,2023-09-15 17:57:00,2367.45,Кредит,Apple Pay,0
user_1134,2023-02-05 17:37:00,1041.52,Вклад,карта,0
user_1552,2024-02-28 12:38:00,84414.93,Ипотека,карта,0
user_1375,2024-01-19 14:16:00,6653.64,Дебетовая карта,Apple Pay,0
user_1982,2024-03-05 10:49:00,547.83,Инвестиции,карта,0
user_1115,2024-01-17 09:21:00,607.07,Дебетовая карта,карта,0
user_1747,2023-09-23 10:08:00,5386.86,Страхование,Google Pay,0
user_1040,2023-05-31 20:25:00,39677.72,Инвестиции,Apple Pay,0
user_624,2023-11-04 16:27:00,2321.49,Вклад,Google Pay,0
user_1349,2023-02-08 20:32:00,2673.1,Дебетовая карта,карта,0
user_804,2023-06-03 14:26:00,1848.08,Вклад,карта,0
user_1316,2024-03-21 13:59:00,92569.71,Вклад,карта,0
user_1298,2023-03-01 11:08:00,91985.91,Инвестиции,Apple Pay,0
user_148,2024-03-06 16:29:00,6019.98,Дебетовая карта,криптовалюта,0
user_1077,2023-02-01 10:55:00,811.02,Инвестиции,криптовалюта,0
user_27,2024-03-14 12:42:00,2478.48,Дебетовая карта,карта,0
user_821,2023-05-27 20:08:00,3542.93,Страхование,карта,0
user_1315,2023-02-11 13:10:00,2381.8,Вклад,карта,0
user_1307,2023-11-11 20:57:00,1749.2,Кредит,карта,0
user_207,2024-03-22 11:03:00,2009.92,Дебетовая карта,Apple Pay,0
user_1820,2023-03-22 18:08:00,994.23,Страхование,карта,0
user_1476,2023-11-08 15:47:00,1818.85,Вклад,Google Pay,0
user_619,2023-02-23 14:05:00,42605.54,Вклад,Apple Pay,0
user_900,2023-01-11 17:33:00,6489.87,Страхование,карта,0
user_257,2023-12-27 09:18:00,2755.24,Ипотека,Google Pay,0
user_726,2023-03-04 15:33:00,2713.78,Кредит,Google Pay,0
user_1352,2023-12-04 10:02:00,863.29,Кредит,криптовалюта,0
user_1765,2024-01-24 16:07:00,7513.45,Ипотека,карта,0
user_1180,2023-05-11 13:24:00,1109.23,Кредит,карта,0
user_566,2023-11-30 13:35:00,2144.83,Инвестиции,карта,0
user_1812,2023-11-23 10:28:00,1015.24,Дебетовая карта,банковский перевод,0
user_1089,2023-04-26 18:07:00,2178.54,Дебетовая карта,карта,0
user_1486,2023-05-24 16:32:00,2325.48,Страхование,Google Pay,0
user_1418,2023-01-18 19:04:00,5232.43,Страхование,карта,0
user_795,2023-07-19 09:34:00,2773.2,Кредит,карта,0
user_42,2023-06-11 17:37:00,600.17,Кредит,карта,0
user_1267,2024-02-20 09:38:00,582.97,Страхование,Apple Pay,0
user_1784,2023-06-04 16:57:00,10610.16,Вклад,карта,0
user_1725,2024-01-15 20:59:00,1162.79,Кредит,карта,0
user_1720,2023-12-21 19:41:00,1189.89,Кредит,карта,0
user_695,2023-02-26 19:40:00,5763.83,Вклад,карта,0
user_1812,2024-01-29 12:35:00,1115.73,Вклад,карта,0
user_28,2023-07-08 09:38:00,611.89,Страхование,Google Pay,0
user_633,2023-05-18 10:12:00,4225.66,Инвестиции,Google Pay,0
user_1253,2023-11-12 17:17:00,5792.95,Вклад,Google Pay,0
user_623,2023-06-05 18:28:00,908.98,Вклад,карта,1
user_52,2023-06-19 19:02:00,1645.55,Дебетовая карта,карта,1
user_349,2023-11-05 16:23:00,3110.7,Вклад,карта,0
user_1875,2023-12-08 12:37:00,1424.43,Ипотека,карта,0
user_857,2023-04-28 18:25:00,3707.97,Кредит,карта,0
user_337,2024-01-01 15:02:00,1888.76,Дебетовая карта,карта,0
user_1239,2023-10-08 09:43:00,1244.17,Кредит,карта,0
user_749,2023-04-13 20:13:00,2743.81,Страхование,Apple Pay,0
user_787,2023-07-26 15:08:00,15590.47,Страхование,карта,0
user_1893,2023-04-15 20:21:00,2731.75,Кредит,карта,0
user_1086,2023-12-18 14:12:00,3593.74,Страхование,карта,0
user_160,2023-10-01 10:59:00,678.9,Вклад,карта,0
user_1885,2023-11-04 17:01:00,1220.12,Ипотека,криптовалюта,0
user_9,2023-05-01 13:21:00,6090.54,Инвестиции,банковский перевод,0
user_1374,2023-02-21 09:35:00,1831.95,Страхование,карта,0
user_208,2023-07-10 11:35:00,1017.7,Кредит,карта,0
user_544,2024-03-26 20:52:00,1671.89,Ипотека,карта,0
user_1973,2023-05-02 11:14:00,612.8,Страхование,Google Pay,0
user_338,2023-05-22 09:18:00,1553.18,Инвестиции,карта,0
user_1944,2023-09-19 11:59:00,4832.79,Страхование,банковский перевод,0
user_586,2024-01-22 13:24:00,7774.91,Инвестиции,карта,0
user_770,2023-08-15 12:03:00,3136.35,Вклад,карта,0
user_1875,2023-06-24 15:15:00,9096.3,Кредит,Google Pay,0
user_1486,2023-04-06 15:00:00,3663.78,Дебетовая карта,Google Pay,0
user_589,2023-12-03 17:57:00,68797.95,Кредит,карта,1
user_1472,2023-03-09 18:06:00,625.89,Дебетовая карта,карта,0
user_955,2023-12-17 11:49:00,2796.84,Кредит,криптовалюта,0
user_200,2023-03-04 18:37:00,5660.59,Вклад,банковский перевод,0
user_505,2023-01-21 12:28:00,3403.53,Страхование,Google Pay,0
user_471,2023-11-02 17:32:00,1640.54,Инвестиции,карта,0
user_948,2023-11-11 13:19:00,3213.63,Инвестиции,карта,0
user_1778,2023-03-30 17:40:00,1742.68,Кредит,Apple Pay,0
user_1139,2024-02-20 15:36:00,1962.94,Страхование,карта,0
user_332,2023-11-24 19:30:00,5329.68,Ипотека,карта,0
user_1215,2023-12-06 18:34:00,1646.37,Страхование,карта,0
user_1042,2023-09-08 17:48:00,1566.05,Кредит,Apple Pay,0
user_775,2023-09-11 15:13:00,3726.63,Ипотека,Apple Pay,0
user_489,2024-03-13 09:51:00,6506.08,Дебетовая карта,банковский перевод,0
user_1426,2023-06-24 12:13:00,1438.73,Вклад,карта,0
user_1116,2023-11-28 12:07:00,2451.24,Кредит,криптовалюта,0
user_860,2023-07-29 19:52:00,3839.54,Инвестиции,карта,1
user_394,2023-06-07 16:28:00,1676.96,Инвестиции,криптовалюта,0
user_242,2023-07-01 09:09:00,2179.99,Инвестиции,Apple Pay,0
user_432,2024-01-30 20:56:00,1854.67,Кредит,карта,0
user_1241,2024-03-10 14:03:00,2436.22,Кредит,криптовалюта,0
user_94,2023-03-27 18:41:00,7559.2,Ипотека,Apple Pay,0
user_144,2024-03-25 12:23:00,1427.07,Инвестиции,Apple Pay,0
user_1981,2024-03-12 19:18:00,4897.01,Инвестиции,криптовалюта,0
user_537,2024-03-11 15:59:00,3285.15,Страхование,карта,0
user_227,2023-01-23 15:59:00,2533.13,Кредит,карта,0
user_1930,2024-03-13 15:02:00,7713.3,Дебетовая карта,карта,0
user_832,2024-03-19 10:18:00,4706.12,Кредит,карта,0
user_3,2024-02-03 15:15:00,2579.92,Дебетовая карта,криптовалюта,0
user_836,2023-01-09 11:46:00,965.46,Кредит,банковский перевод,0
user_42,2023-11-23 10:54:00,1454.51,Дебетовая карта,Apple Pay,0
user_608,2023-07-13 17:40:00,3721.35,Вклад,Apple Pay,0
user_1891,2023-02-22 09:36:00,2569.08,Инвестиции,карта,0
user_1588,2023-12-23 20:48:00,5161.73,Кредит,криптовалюта,0
user_837,2023-09-24 15:24:00,9323.53,Инвестиции,карта,0
user_676,2023-10-03 20:05:00,2225.52,Кредит,карта,0
user_1168,2023-08-06 14:18:00,5385.41,Ипотека,банковский перевод,0
user_1251,2024-01-18 15:05:00,697.87,Дебетовая карта,Google Pay,0
user_1518,2023-11-13 20:11:00,1606.31,Кредит,Google Pay,0
user_1087,2023-08-10 11:00:00,4739.56,Страхование,карта,0
user_155,2023-07-15 13:54:00,816.05,Кредит,карта,1
user_1729,2023-08-16 16:57:00,19333.87,Вклад,карта,0
user_672,2023-08-30 17:31:00,2633.94,Страхование,карта,0
user_1639,2023-09-22 11:57:00,11300.67,Дебетовая карта,Google Pay,0
user_1622,2023-05-20 12:20:00,5877.36,Вклад,Google Pay,0
user_436,2023-06-22 13:46:00,89579.99,Вклад,криптовалюта,0
user_1030,2023-11-25 16:17:00,2148.68,Кредит,карта,0
user_1501,2023-04-10 17:45:00,637.45,Вклад,карта,0
user_716,2023-07-02 12:27:00,770.1,Ипотека,Google Pay,0
user_1586,2023-09-12 09:51:00,10142.86,Дебетовая карта,карта,0
user_1048,2023-11-23 12:49:00,1070.28,Кредит,карта,0
user_1839,2023-12-13 15:51:00,3907.84,Кредит,Google Pay,0
user_1794,2023-04-03 12:59:00,842.94,Вклад,карта,0
user_1927,2023-03-31 19:51:00,1005.32,Ипотека,карта,0
user_441,2023-06-22 14:56:00,1071.06,Инвестиции,Apple Pay,0
user_1474,2023-05-22 13:00:00,993.06,Страхование,карта,0
user_1504,2023-06-12 11:12:00,1052.9,Дебетовая карта,Google Pay,0
user_900,2023-08-22 18:49:00,1849.83,Вклад,карта,0
user_337,2023-06-20 15:04:00,6328.04,Дебетовая карта,карта,0
user_586,2023-05-06 12:55:00,1390.5,Кредит,криптовалюта,0
user_1030,2024-01-22 13:10:00,1464.07,Дебетовая карта,карта,0
user_1730,2023-03-16 15:56:00,1056.88,Дебетовая карта,карта,0
user_1832,2023-09-30 13:49:00,3017.09,Инвестиции,Apple Pay,0
user_1832,2023-08-08 11:49:00,3506.81,Страхование,карта,0
user_1893,2024-02-19 12:58:00,5615.07,Дебетовая карта,карта,1
user_196,2023-08-29 11:51:00,5318.76,Дебетовая карта,Apple Pay,0
user_1992,2023-03-06 12:22:00,6248.57,Страхование,криптовалюта,0
user_1109,2024-02-11 20:11:00,616.23,Кредит,карта,0
user_200,2023-01-08 19:32:00,4910.03,Дебетовая карта,Apple Pay,0
user_259,2023-06-29 09:32:00,593.48,Ипотека,Apple Pay,0
user_511,2023-03-03 15:09:00,801.45,Страхование,карта,0
user_504,2023-04-04 10:10:00,2942.98,Ипотека,карта,0
user_223,2023-11-15 17:27:00,1042.51,Инвестиции,карта,0
user_767,2024-01-11 20:08:00,1344.07,Страхование,Apple Pay,0
user_1094,2023-04-15 18:35:00,4602.01,Кредит,карта,0
user_623,2023-05-29 15:35:00,45633.11,Дебетовая карта,карта,0
user_1336,2023-09-27 15:01:00,687.0,Дебетовая карта,Google Pay,0
user_1432,2023-12-05 11:32:00,520.56,Дебетовая карта,Apple Pay,0
user_800,2023-08-31 10:17:00,888.97,Страхование,криптовалюта,0
user_158,2023-05-08 11:23:00,1195.4,Дебетовая карта,Google Pay,0
user_624,2023-05-14 15:03:00,6003.02,Кредит,Google Pay,0
user_1228,2023-03-19 15:20:00,3828.15,Дебетовая карта,Apple Pay,0
user_785,2023-07-08 09:15:00,1072.93,Инвестиции,криптовалюта,0
user_1163,2023-05-27 09:30:00,1661.52,Дебетовая карта,Apple Pay,0
user_1686,2023-01-23 20:02:00,21218.61,Кредит,карта,0
user_1575,2023-03-22 15:01:00,5174.24,Вклад,Google Pay,0
user_1247,2023-10-11 13:01:00,20670.01,Кредит,карта,0
user_194,2023-10-04 09:36:00,1544.74,Кредит,Google Pay,0
user_1494,2023-10-30 13:36:00,694.54,Дебетовая карта,банковский перевод,0
user_666,2023-01-18 19:55:00,4031.42,Страхование,карта,0
user_831,2023-03-19 15:24:00,1343.3,Кредит,карта,0
user_1395,2023-12-20 11:23:00,4470.59,Кредит,Google Pay,1
user_1665,2023-06-19 18:31:00,1117.05,Кредит,Google Pay,0
user_1424,2023-12-24 09:05:00,519.74,Инвестиции,Apple Pay,0
user_603,2024-03-06 09:40:00,2523.27,Кредит,карта,0
user_900,2023-03-10 15:49:00,1918.3,Вклад,криптовалюта,0
user_725,2023-08-05 12:09:00,4558.06,Кредит,Apple Pay,0
user_924,2023-06-30 20:34:00,1521.86,Страхование,криптовалюта,0
user_1513,2023-07-31 16:31:00,2569.5,Кредит,карта,0
user_1930,2023-07-13 10:26:00,3024.84,Дебетовая карта,карта,0
user_782,2023-05-04 12:18:00,1055.32,Дебетовая карта,Apple Pay,0
user_653,2023-02-12 15:08:00,12335.95,Вклад,Apple Pay,0
user_1767,2023-07-05 19:50:00,6897.34,Кредит,карта,0
user_301,2024-03-19 10:49:00,1118.78,Кредит,карта,0
user_782,2024-01-06 12:21:00,1173.21,Дебетовая карта,Google Pay,0
user_1906,2023-03-23 20:30:00,5611.6,Ипотека,Apple Pay,0
user_1764,2023-05-12 10:30:00,51140.36,Инвестиции,карта,0
user_1620,2024-02-21 13:46:00,785.95,Ипотека,карта,0
user_1778,2023-06-03 20:38:00,4114.58,Дебетовая карта,Google Pay,0
user_475,2024-01-25 16:24:00,3729.4,Вклад,карта,0
user_117,2023-01-22 12:13:00,1987.93,Страхование,Apple Pay,0
user_1715,2024-01-15 15:35:00,10457.58,Дебетовая карта,Apple Pay,0
user_984,2024-03-19 19:40:00,1300.5,Кредит,банковский перевод,0
user_505,2023-05-28 10:32:00,3623.51,Кредит,Google Pay,0
user_955,2024-03-25 14:58:00,5339.7,Ипотека,Google Pay,0
user_1655,2023-03-25 09:32:00,1565.41,Страхование,Google Pay,0
user_984,2023-06-20 10:56:00,963.89,Кредит,криптовалюта,0
user_1258,2023-06-20 12:32:00,5732.46,Страхование,карта,0
user_1027,2024-01-20 10:21:00,5523.9,Страхование,карта,0
user_966,2023-12-09 17:11:00,1295.66,Дебетовая карта,карта,0
user_1906,2023-01-13 17:12:00,3904.59,Кредит,криптовалюта,0
user_1857,2023-01-11 19:41:00,513.61,Страхование,Apple Pay,0
user_849,2023-07-26 13:52:00,1604.27,Кредит,карта,0
user_1619,2023-12-26 15:33:00,1874.21,Кредит,карта,0
user_1446,2023-09-02 13:30:00,4479.53,Дебетовая карта,Apple Pay,0
user_260,2023-10-30 16:23:00,763.65,Кредит,карта,0
user_1694,2024-01-12 13:44:00,3925.65,Страхование,Apple Pay,0
user_1412,2023-07-13 20:42:00,701.87,Кредит,карта,0
user_1713,2023-11-23 16:10:00,2435.62,Инвестиции,Google Pay,1
user_1580,2024-02-22 17:00:00,1055.38,Дебетовая карта,карта,0
user_1870,2023-05-17 10:08:00,761.53,Дебетовая карта,карта,0
user_1083,2023-08-13 18:40:00,2398.71,Кредит,карта,0
user_123,2024-02-29 10:37:00,1236.78,Кредит,Apple Pay,0
user_553,2023-05-14 09:59:00,3352.24,Кредит,Apple Pay,0
user_293,2023-02-27 12:30:00,1937.49,Дебетовая карта,криптовалюта,0
user_469,2023-06-22 10:14:00,1677.87,Кредит,Google Pay,0
user_1145,2023-11-07 09:03:00,1199.34,Дебетовая карта,Apple Pay,0
user_1949,2023-05-10 20:09:00,2253.47,Вклад,карта,0
user_1526,2023-10-25 13:30:00,798.71,Инвестиции,карта,0
user_874,2023-04-16 20:24:00,500.66,Дебетовая карта,Apple Pay,0
user_981,2023-01-20 12:19:00,520.5,Дебетовая карта,карта,0
user_1038,2024-02-21 09:17:00,3678.39,Ипотека,Apple Pay,0
user_822,2023-03-23 11:59:00,5332.39,Дебетовая карта,карта,0
user_1197,2023-12-13 20:48:00,3926.35,Кредит,карта,0
user_1884,2024-01-27 15:31:00,1024.36,Кредит,Apple Pay,0
user_202,2023-06-06 09:50:00,622.67,Кредит,криптовалюта,0
user_713,2023-06-23 17:57:00,935.03,Вклад,Google Pay,0
user_163,2023-06-23 10:23:00,1625.48,Кредит,Google Pay,1
user_1702,2024-03-09 09:15:00,52339.2,Дебетовая карта,Google Pay,1
user_397,2023-01-27 18:08:00,6407.11,Кредит,карта,0
user_1307,2023-05-02 11:02:00,6110.78,Дебетовая карта,Google Pay,0
user_131,2024-02-26 13:49:00,2487.85,Вклад,карта,0
user_954,2023-08-26 09:11:00,957.02,Кредит,криптовалюта,0
user_1797,2023-01-07 11:35:00,1665.93,Кредит,Google Pay,0
user_1905,2023-02-26 13:01:00,3741.29,Инвестиции,карта,0
user_297,2023-12-31 13:58:00,835.85,Страхование,карта,0
user_1323,2023-05-29 14:29:00,3709.4,Ипотека,Apple Pay,0
user_454,2023-03-22 17:53:00,4297.59,Кредит,карта,0
user_1460,2024-01-26 14:45:00,4295.97,Вклад,карта,0
user_1075,2023-07-09 10:42:00,1732.14,Кредит,Apple Pay,0
user_1597,2023-07-05 13:04:00,3705.43,Дебетовая карта,Apple Pay,0
user_1793,2023-04-17 13:44:00,1857.25,Страхование,карта,0
user_708,2023-06-29 11:23:00,9320.81,Кредит,карта,0
user_99,2023-01-18 14:29:00,4017.84,Дебетовая карта,Google Pay,0
user_635,2023-11-16 09:37:00,1529.89,Кредит,карта,0
user_432,2023-12-26 18:58:00,4989.7,Кредит,криптовалюта,0
user_250,2023-11-05 20:20:00,49712.62,Страхование,Apple Pay,0
user_1435,2023-03-09 09:55:00,2102.62,Кредит,карта,0
user_1806,2023-02-24 10:44:00,3447.27,Дебетовая карта,банковский перевод,0
user_1039,2023-06-11 15:05:00,1361.72,Вклад,Apple Pay,0
user_1066,2023-07-13 18:34:00,5368.19,Дебетовая карта,криптовалюта,1
user_1190,2023-04-12 10:39:00,3211.41,Кредит,банковский перевод,0
user_1797,2023-11-16 18:07:00,1092.09,Кредит,карта,0
user_34,2023-06-23 09:47:00,3199.05,Дебетовая карта,карта,0
user_1054,2023-04-25 12:33:00,2028.62,Ипотека,криптовалюта,0
user_1734,2023-03-09 18:27:00,5400.22,Ипотека,карта,0
user_325,2023-09-12 17:39:00,1983.0,Дебетовая карта,карта,0
user_1158,2023-01-19 10:48:00,70389.93,Дебетовая карта,Apple Pay,0
user_16,2024-02-05 12:01:00,5891.95,Вклад,Google Pay,0
user_1669,2023-11-06 20:06:00,942.02,Инвестиции,Apple Pay,0
user_1310,2023-02-11 13:36:00,4162.31,Вклад,карта,0
user_1928,2023-07-31 14:28:00,6973.65,Страхование,Apple Pay,0
user_600,2024-03-25 12:05:00,2094.87,Кредит,Apple Pay,0
user_1465,2023-08-29 14:16:00,3542.89,Инвестиции,карта,0
user_1539,2024-03-15 10:08:00,780.17,Дебетовая карта,карта,0
user_63,2023-03-02 20:53:00,4302.46,Дебетовая карта,карта,0
user_1519,2024-03-10 10:01:00,1912.49,Кредит,Apple Pay,0
user_1424,2023-06-29 14:15:00,7844.32,Кредит,Apple Pay,0
user_1229,2023-10-08 16:40:00,3883.72,Дебетовая карта,Apple Pay,0
user_1127,2023-06-07 09:17:00,3125.62,Ипотека,банковский перевод,0
user_1601,2023-03-19 20:50:00,7606.06,Вклад,Apple Pay,0
user_208,2024-03-29 18:07:00,2671.61,Дебетовая карта,карта,0
user_786,2023-07-26 17:03:00,2593.57,Кредит,Google Pay,0
user_541,2024-02-09 19:58:00,3038.78,Кредит,карта,0
user_1691,2023-05-17 12:37:00,1637.21,Вклад,карта,0
user_338,2023-12-23 12:19:00,1152.36,Ипотека,Apple Pay,0
user_122,2023-06-08 16:06:00,2360.05,Дебетовая карта,Apple Pay,0
user_1850,2023-08-22 11:42:00,1852.66,Кредит,криптовалюта,0
user_793,2023-12-05 19:21:00,526.72,Дебетовая карта,Apple Pay,0
user_1591,2023-02-21 11:13:00,3256.16,Дебетовая карта,Apple Pay,1
user_467,2023-01-02 16:39:00,953.74,Страхование,карта,0
user_1402,2023-06-12 12:33:00,2140.11,Дебетовая карта,криптовалюта,0
user_1852,2023-03-11 18:14:00,4861.46,Ипотека,карта,0
user_1527,2023-11-15 17:45:00,4890.46,Вклад,карта,0
user_589,2023-09-01 10:02:00,1441.04,Кредит,Apple Pay,1
user_1203,2023-01-14 10:52:00,1193.72,Кредит,банковский перевод,0
user_1663,2023-02-18 14:29:00,1838.36,Вклад,карта,0
user_1711,2023-10-17 10:04:00,3948.81,Инвестиции,Apple Pay,0
user_599,2024-01-20 17:36:00,1133.94,Дебетовая карта,Google Pay,0
user_458,2023-02-16 17:47:00,99163.34,Инвестиции,карта,0
user_867,2024-01-20 09:33:00,1197.1,Кредит,карта,0
user_502,2023-02-07 13:20:00,4800.32,Дебетовая карта,карта,0
user_1441,2023-03-04 11:56:00,746.35,Кредит,карта,0
user_1184,2024-03-23 15:27:00,943.48,Дебетовая карта,карта,0
user_960,2024-03-18 14:25:00,2863.38,Вклад,карта,0
user_1621,2023-01-22 10:29:00,4844.08,Ипотека,Apple Pay,0
user_428,2023-05-24 09:43:00,6360.0,Дебетовая карта,карта,0
user_1672,2023-10-13 09:58:00,964.52,Дебетовая карта,карта,0
user_1128,2023-04-25 12:10:00,1345.38,Вклад,Apple Pay,0
user_1953,2024-01-03 20:57:00,8534.88,Страхование,карта,0
user_1200,2023-02-14 20:03:00,884.05,Кредит,карта,0
user_1525,2023-12-06 16:52:00,13098.38,Страхование,Apple Pay,0
user_380,2023-09-01 13:39:00,1215.15,Дебетовая карта,Apple Pay,0
user_466,2023-09-23 11:39:00,5322.58,Дебетовая карта,карта,0
user_1113,2023-11-09 11:38:00,4028.74,Ипотека,карта,0
user_462,2023-05-23 15:21:00,6292.48,Страхование,Google Pay,0
user_89,2023-10-30 09:11:00,1685.35,Инвестиции,Google Pay,0
user_892,2023-07-27 17:47:00,814.64,Инвестиции,карта,0
user_527,2023-03-27 16:59:00,7095.0,Вклад,Google Pay,0
user_1301,2023-10-12 09:36:00,566.03,Кредит,Apple Pay,0
user_1154,2023-06-22 09:24:00,787.6,Дебетовая карта,карта,0
user_1026,2023-01-02 10:10:00,1237.95,Страхование,карта,0
user_1663,2023-04-13 19:14:00,4083.6,Кредит,карта,0
user_135,2024-01-25 10:34:00,1734.03,Ипотека,карта,0
user_1568,2023-06-01 13:31:00,2094.66,Кредит,карта,0
user_964,2024-03-14 17:03:00,1386.65,Вклад,карта,0
user_1394,2024-02-28 10:28:00,1892.55,Кредит,карта,0
user_1635,2023-10-10 15:32:00,1279.5,Страхование,Google Pay,0
user_605,2023-11-18 20:13:00,4340.54,Вклад,карта,0
user_481,2024-01-01 09:56:00,14751.32,Дебетовая карта,Apple Pay,0
user_1506,2023-06-30 17:15:00,2234.04,Кредит,карта,0
user_1271,2024-02-26 15:41:00,5021.21,Дебетовая карта,Apple Pay,0
user_373,2023-04-13 15:45:00,976.46,Дебетовая карта,карта,0
user_540,2023-09-21 11:54:00,2795.04,Кредит,карта,0
user_1709,2023-04-21 10:38:00,642.73,Кредит,криптовалюта,0
user_1112,2023-09-15 14:23:00,588.3,Инвестиции,карта,0
user_1823,2023-01-07 16:12:00,5590.41,Дебетовая карта,карта,0
user_1402,2023-10-02 19:23:00,4283.16,Кредит,карта,0
user_413,2023-09-15 17:34:00,3760.33,Кредит,криптовалюта,0
user_415,2023-09-01 14:11:00,3555.47,Вклад,карта,0
user_1931,2023-11-02 16:24:00,2305.42,Дебетовая карта,Apple Pay,0
user_1480,2023-01-13 09:49:00,2232.64,Кредит,Apple Pay,0
user_1190,2023-02-20 19:03:00,806.63,Кредит,криптовалюта,0
user_1354,2023-02-05 11:15:00,836.87,Кредит,криптовалюта,0
user_829,2023-05-24 10:06:00,1929.73,Страхование,карта,0
user_626,2023-12-18 20:04:00,85766.17,Инвестиции,карта,0
user_1648,2023-10-08 15:41:00,5738.6,Инвестиции,криптовалюта,0
user_1790,2023-06-26 11:45:00,1562.08,Дебетовая карта,карта,0
user_1813,2023-10-22 16:08:00,5749.49,Дебетовая карта,Google Pay,0
user_1562,2023-09-05 20:30:00,658.11,Дебетовая карта,карта,0
user_1744,2024-02-11 18:23:00,7219.77,Страхование,карта,0
user_1043,2023-08-06 12:25:00,3997.8,Инвестиции,карта,0
user_623,2023-03-26 09:43:00,748.62,Ипотека,банковский перевод,0
user_166,2023-05-03 19:22:00,3903.74,Ипотека,карта,0
user_618,2023-10-22 15:15:00,3181.81,Страхование,Apple Pay,0
user_882,2023-11-03 14:57:00,1147.94,Кредит,Google Pay,0
user_168,2023-06-23 12:01:00,1862.48,Ипотека,карта,0
user_660,2023-09-05 15:45:00,3146.49,Кредит,карта,0
user_1858,2023-03-21 12:14:00,720.07,Кредит,карта,0
user_525,2023-09-07 12:25:00,1074.39,Инвестиции,карта,0
user_787,2024-02-27 13:58:00,3298.85,Дебетовая карта,криптовалюта,0
user_1288,2023-01-29 14:01:00,7814.8,Кредит,карта,0
user_1770,2023-09-11 12:11:00,85046.38,Дебетовая карта,карта,0
user_1844,2024-02-20 16:11:00,989.96,Страхование,карта,0
user_1625,2023-11-19 09:30:00,673.56,Кредит,Apple Pay,0
user_294,2023-10-10 10:57:00,4914.52,Дебетовая карта,Apple Pay,0
user_224,2023-02-09 09:29:00,1468.54,Кредит,карта,0
user_1484,2023-12-06 15:06:00,2388.64,Дебетовая карта,карта,0
user_1771,2023-02-10 10:58:00,2052.68,Кредит,Google Pay,0
user_1244,2024-03-01 09:42:00,7634.54,Страхование,банковский перевод,0
user_1829,2024-01-07 15:09:00,1507.51,Дебетовая карта,Apple Pay,0
user_1335,2023-03-16 17:33:00,3334.57,Дебетовая карта,карта,0
user_702,2023-03-21 09:25:00,1484.44,Инвестиции,криптовалюта,0
user_1691,2023-06-29 20:42:00,1050.0,Кредит,карта,0
user_1515,2023-07-13 15:31:00,2863.92,Вклад,Google Pay,0
user_751,2023-11-04 15:06:00,5410.32,Дебетовая карта,карта,0
user_1179,2023-08-27 18:54:00,642.88,Дебетовая карта,криптовалюта,0
user_1160,2024-03-11 17:54:00,1602.24,Страхование,карта,0
user_199,2023-01-09 10:11:00,1046.19,Ипотека,Apple Pay,0
user_554,2023-02-14 16:30:00,1916.34,Инвестиции,карта,0
user_456,2023-09-06 15:29:00,4154.07,Ипотека,карта,0
user_569,2024-01-25 11:22:00,847.46,Кредит,карта,0
user_1052,2023-02-12 15:20:00,3395.13,Дебетовая карта,Google Pay,1
user_1027,2023-04-03 15:56:00,935.91,Инвестиции,карта,0
user_1717,2023-12-16 10:21:00,1915.85,Инвестиции,карта,0
user_15,2024-02-16 11:53:00,3094.61,Дебетовая карта,карта,0
user_1649,2024-02-12 09:59:00,3948.95,Кредит,карта,0
user_497,2023-12-19 14:20:00,3251.85,Дебетовая карта,карта,0
user_703,2023-07-30 11:46:00,4270.38,Страхование,карта,0
user_304,2023-07-03 14:55:00,1336.45,Вклад,Apple Pay,0
user_27,2023-01-23 13:36:00,2827.5,Кредит,карта,0
user_240,2023-04-21 11:31:00,1082.33,Кредит,Google Pay,0
user_449,2023-03-25 13:05:00,2320.0,Инвестиции,Apple Pay,0
user_770,2023-01-09 17:11:00,593.92,Дебетовая карта,карта,0
user_624,2023-01-14 09:34:00,1418.83,Инвестиции,карта,0
user_209,2023-08-26 15:38:00,2103.4,Инвестиции,Google Pay,0
user_676,2023-10-25 17:51:00,4296.13,Ипотека,банковский перевод,0
user_309,2023-04-05 10:48:00,566.91,Дебетовая карта,Google Pay,0
user_1368,2023-01-31 13:36:00,2274.92,Вклад,Google Pay,0
user_1338,2023-01-23 20:55:00,810.77,Вклад,карта,0
user_126,2024-01-17 17:47:00,1900.95,Кредит,карта,0
user_1303,2023-09-13 18:02:00,7765.72,Дебетовая карта,карта,0
user_1817,2023-04-05 09:07:00,4200.51,Дебетовая карта,карта,0
user_1891,2023-09-14 18:52:00,2144.78,Кредит,карта,0
user_114,2023-03-14 16:44:00,4615.9,Дебетовая карта,карта,0
user_1841,2023-01-03 12:38:00,4198.06,Дебетовая карта,Apple Pay,0
user_814,2023-03-03 13:27:00,1478.82,Страхование,криптовалюта,0
user_1748,2023-02-25 09:48:00,1188.64,Инвестиции,карта,0
user_408,2023-02-09 15:25:00,7759.97,Страхование,карта,0
user_1382,2023-11-26 19:09:00,805.84,Инвестиции,карта,0
user_1606,2024-03-05 10:52:00,1037.54,Кредит,карта,0
user_534,2023-08-23 09:31:00,1381.64,Вклад,карта,0
user_1475,2024-02-03 15:05:00,3873.6,Кредит,Apple Pay,0
user_357,2023-12-05 19:39:00,2074.5,Дебетовая карта,криптовалюта,0
user_1420,2023-07-06 17:20:00,8726.46,Страхование,криптовалюта,0
user_1899,2023-03-21 19:25:00,2665.37,Ипотека,Apple Pay,0
user_599,2023-12-14 16:52:00,9670.06,Дебетовая карта,карта,0
user_1920,2023-08-24 12:18:00,4102.22,Вклад,карта,0
user_1335,2023-08-25 20:11:00,2531.91,Кредит,карта,0
user_1009,2023-03-05 12:58:00,6748.5,Вклад,Google Pay,1
user_655,2023-10-07 18:33:00,3150.23,Кредит,Google Pay,0
user_1097,2023-09-29 16:07:00,961.09,Дебетовая карта,Apple Pay,0
user_1968,2023-10-14 15:49:00,3215.55,Дебетовая карта,Google Pay,0
user_11,2023-02-10 15:55:00,3285.52,Кредит,карта,0
user_1733,2024-01-07 12:43:00,951.53,Страхование,Apple Pay,0
user_298,2023-07-01 18:38:00,1880.16,Вклад,карта,0
user_1753,2023-08-08 09:45:00,2971.14,Инвестиции,Apple Pay,0
user_1092,2023-09-04 15:42:00,2874.49,Ипотека,карта,0
user_1798,2024-02-19 11:54:00,5048.54,Дебетовая карта,Apple Pay,0
user_364,2023-03-12 16:29:00,9571.5,Страхование,криптовалюта,0
user_96,2023-12-11 15:34:00,2856.78,Дебетовая карта,карта,0
user_958,2023-07-19 16:17:00,2962.84,Дебетовая карта,криптовалюта,0
user_1557,2023-05-13 13:12:00,5198.11,Инвестиции,карта,0
user_1590,2023-05-23 09:14:00,642.48,Инвестиции,Apple Pay,0
user_1529,2023-07-06 14:37:00,1692.84,Дебетовая карта,карта,0
user_1602,2023-06-30 16:26:00,1986.11,Инвестиции,карта,0
user_1551,2023-07-19 09:46:00,13696.11,Страхование,Apple Pay,0
user_1724,2023-11-12 09:02:00,11686.16,Кредит,карта,0
user_342,2023-12-02 11:53:00,697.97,Вклад,карта,0
user_472,2024-01-01 13:59:00,1219.87,Дебетовая карта,карта,0
user_7,2023-08-30 20:03:00,2705.82,Кредит,карта,0
user_864,2023-09-27 18:15:00,552.55,Дебетовая карта,карта,0
user_526,2024-01-14 19:46:00,1590.24,Ипотека,Apple Pay,0
user_1254,2023-10-23 10:59:00,9443.53,Страхование,карта,0
user_1106,2024-02-06 15:23:00,3071.55,Кредит,карта,0
user_1163,2023-08-28 20:02:00,2088.33,Кредит,карта,0
user_1318,2023-08-07 11:48:00,2988.35,Дебетовая карта,карта,0
user_1999,2023-10-31 19:59:00,4084.43,Кредит,карта,0
user_213,2023-02-22 14:55:00,3057.0,Кредит,карта,0
user_553,2023-01-14 19:23:00,1437.15,Страхование,Google Pay,0
user_836,2023-09-01 10:20:00,2228.95,Дебетовая карта,карта,0
user_143,2024-03-12 20:08:00,3053.15,Вклад,карта,0
user_1638,2023-09-13 10:59:00,1503.23,Страхование,криптовалюта,0
user_776,2023-07-28 12:32:00,610.01,Кредит,криптовалюта,0
user_334,2023-04-02 17:20:00,3583.55,Ипотека,банковский перевод,0
user_1037,2023-06-17 18:53:00,43888.04,Ипотека,Apple Pay,0
user_384,2023-04-03 16:18:00,802.22,Кредит,карта,0
user_775,2023-01-22 12:02:00,765.76,Кредит,карта,0
user_1289,2023-12-22 14:32:00,4791.62,Инвестиции,карта,0
user_639,2023-07-19 12:27:00,3641.87,Вклад,карта,0
user_1666,2023-03-11 09:09:00,84034.24,Ипотека,карта,0
user_515,2023-01-25 15:03:00,5071.35,Кредит,карта,0
user_230,2023-06-27 17:34:00,4414.15,Страхование,карта,0
user_855,2023-10-01 12:08:00,2854.83,Дебетовая карта,банковский перевод,0
user_383,2023-03-12 14:53:00,1031.7,Вклад,карта,1
user_1379,2024-03-05 10:04:00,11377.41,Кредит,карта,0
user_1048,2023-07-31 11:08:00,5638.41,Вклад,карта,0
user_298,2023-06-27 20:14:00,3621.57,Дебетовая карта,Apple Pay,0
user_674,2023-02-08 10:37:00,1010.3,Кредит,карта,0
user_1732,2024-03-18 20:45:00,1468.47,Инвестиции,карта,0
user_1638,2023-08-29 17:03:00,588.85,Кредит,карта,1
user_1283,2024-02-29 18:11:00,7872.85,Дебетовая карта,криптовалюта,0
user_1807,2023-05-15 19:32:00,5165.59,Кредит,карта,0
user_215,2024-03-23 13:35:00,759.73,Вклад,карта,0
user_1464,2023-01-02 19:50:00,65902.06,Кредит,Apple Pay,0
user_48,2024-01-07 18:19:00,2994.66,Ипотека,Apple Pay,1
user_1200,2023-01-16 12:40:00,1331.75,Страхование,Apple Pay,0
user_103,2023-11-04 19:33:00,2863.17,Ипотека,карта,0
user_684,2023-06-05 13:58:00,6837.37,Кредит,Google Pay,0
user_181,2023-01-22 16:01:00,2754.04,Вклад,карта,0
user_508,2023-07-30 10:13:00,921.05,Инвестиции,банковский перевод,0
user_1288,2023-07-03 12:01:00,5588.0,Ипотека,карта,0
user_1565,2023-12-24 10:42:00,90189.75,Вклад,карта,0
user_1882,2024-03-16 11:27:00,2322.93,Ипотека,карта,0
user_1977,2023-10-21 20:22:00,8653.85,Кредит,Google Pay,0
user_267,2023-03-28 10:21:00,7396.98,Кредит,Apple Pay,0
user_1840,2024-01-14 17:13:00,1141.46,Дебетовая карта,карта,0
user_569,2024-03-26 16:41:00,729.22,Дебетовая карта,криптовалюта,0
user_1769,2023-01-02 19:04:00,2443.45,Ипотека,банковский перевод,0
user_1732,2023-01-23 17:18:00,1244.74,Кредит,карта,1
user_1839,2024-02-29 19:32:00,14150.25,Дебетовая карта,карта,0
user_1012,2023-08-27 11:10:00,1314.68,Дебетовая карта,Apple Pay,0
user_1501,2023-01-06 11:26:00,2093.21,Страхование,Apple Pay,0
user_855,2023-12-12 09:09:00,786.2,Кредит,карта,0
user_156,2023-06-21 14:25:00,7136.87,Инвестиции,карта,0
user_947,2023-03-24 18:12:00,1270.55,Ипотека,карта,0
user_403,2023-02-23 13:59:00,2017.41,Дебетовая карта,криптовалюта,0
user_203,2023-02-23 10:39:00,2486.16,Кредит,карта,0
user_268,2023-10-10 10:39:00,1853.08,Кредит,карта,0
user_440,2023-12-09 16:31:00,3376.46,Кредит,криптовалюта,0
user_1593,2023-07-29 13:04:00,909.01,Кредит,Apple Pay,0
user_1925,2023-10-07 18:24:00,4952.68,Дебетовая карта,Apple Pay,0
user_1701,2023-12-01 09:05:00,3137.95,Дебетовая карта,карта,0
user_1287,2023-05-21 13:31:00,1493.94,Кредит,банковский перевод,0
user_1765,2023-01-15 10:43:00,1186.62,Инвестиции,Apple Pay,0
user_573,2023-11-30 18:21:00,2944.66,Вклад,карта,0
user_1817,2023-11-02 11:52:00,10299.67,Вклад,карта,0
user_1894,2023-01-04 16:05:00,2148.46,Вклад,Apple Pay,0
user_298,2024-01-11 11:01:00,1067.44,Инвестиции,карта,0
user_795,2023-06-16 19:09:00,745.2,Вклад,карта,0
user_562,2023-05-04 15:52:00,24980.41,Кредит,Google Pay,0
user_282,2023-03-30 13:57:00,1179.36,Дебетовая карта,криптовалюта,0
user_346,2023-11-14 15:21:00,6603.05,Дебетовая карта,карта,0
user_1931,2023-12-29 20:25:00,7144.94,Кредит,карта,0
user_363,2024-03-10 11:50:00,702.27,Ипотека,карта,0
user_1332,2023-07-24 11:24:00,2195.94,Кредит,Apple Pay,1
user_1746,2023-07-04 16:47:00,3834.21,Страхование,карта,0
user_1506,2024-02-19 10:14:00,1276.94,Ипотека,Apple Pay,0
user_908,2024-01-15 10:17:00,2060.68,Кредит,банковский перевод,0
user_46,2023-11-22 15:00:00,2657.27,Дебетовая карта,карта,0
user_837,2023-03-09 18:20:00,9004.3,Кредит,Google Pay,0
user_567,2023-11-28 17:49:00,1861.57,Инвестиции,карта,0
user_1730,2023-09-21 10:07:00,956.19,Страхование,карта,1
user_1891,2023-04-03 11:33:00,534.47,Инвестиции,карта,0
user_465,2023-07-29 12:34:00,4136.67,Кредит,Apple Pay,0
user_312,2024-01-20 13:27:00,717.36,Страхование,карта,0
user_1641,2024-02-07 14:04:00,2991.3,Вклад,Apple Pay,0
user_1747,2023-03-26 12:33:00,5692.43,Дебетовая карта,Google Pay,1
user_1967,2023-07-03 13:49:00,1530.83,Инвестиции,карта,0
user_1541,2023-07-24 14:16:00,3651.24,Инвестиции,Google Pay,0
user_927,2023-07-31 16:55:00,5086.2,Вклад,Apple Pay,0
user_758,2024-01-17 09:01:00,3182.32,Кредит,банковский перевод,0
user_120,2024-01-16 11:01:00,892.84,Кредит,Google Pay,0
user_1774,2023-11-05 20:42:00,2375.3,Кредит,Google Pay,0
user_1987,2023-03-03 12:17:00,7730.27,Кредит,карта,0
user_1846,2023-05-11 16:44:00,7134.16,Страхование,карта,0
user_1148,2023-05-14 15:29:00,2259.65,Дебетовая карта,карта,0
user_1734,2023-06-26 11:03:00,5909.14,Кредит,Google Pay,0
user_5,2024-03-04 16:50:00,1615.55,Кредит,Apple Pay,0
user_815,2023-05-14 11:34:00,3175.76,Кредит,Apple Pay,0
user_215,2023-11-13 17:32:00,1296.33,Дебетовая карта,карта,0
user_1175,2023-07-30 15:15:00,1593.53,Кредит,карта,0
user_5,2023-03-15 11:20:00,1394.37,Вклад,карта,0
user_613,2023-11-17 19:53:00,2651.56,Кредит,Apple Pay,0
user_839,2023-06-29 20:59:00,1610.39,Кредит,карта,0
user_260,2024-01-01 09:36:00,2011.64,Дебетовая карта,карта,0
user_173,2023-05-10 19:13:00,3238.9,Дебетовая карта,карта,0
user_1805,2023-06-27 12:52:00,547.35,Дебетовая карта,криптовалюта,0
user_545,2023-09-18 14:48:00,4074.34,Ипотека,карта,0
user_1963,2023-09-28 16:10:00,1194.61,Кредит,криптовалюта,0
user_742,2023-06-21 14:25:00,5958.5,Инвестиции,карта,0
user_118,2023-06-05 20:21:00,4860.63,Ипотека,карта,0
user_207,2023-09-29 16:12:00,781.59,Ипотека,карта,0
user_1376,2024-02-06 10:49:00,1108.4,Инвестиции,карта,0
user_26,2023-09-28 13:16:00,4385.79,Инвестиции,карта,0
user_1899,2023-11-30 14:32:00,980.16,Кредит,криптовалюта,1
user_512,2023-06-14 13:16:00,599.36,Кредит,криптовалюта,0
user_1216,2024-02-18 19:09:00,1797.17,Вклад,Google Pay,0
user_888,2023-03-03 18:21:00,742.3,Дебетовая карта,карта,0
user_95,2023-04-07 11:53:00,1092.98,Страхование,карта,0
user_1406,2023-05-01 17:27:00,1316.33,Кредит,карта,0
user_30,2023-07-31 13:04:00,3645.68,Кредит,криптовалюта,0
user_1594,2023-02-09 11:17:00,1784.9,Вклад,Google Pay,0
user_1009,2023-03-17 12:45:00,1099.36,Вклад,карта,1
user_605,2023-01-05 16:31:00,2775.8,Дебетовая карта,Apple Pay,0
user_1880,2023-04-10 12:22:00,1547.42,Кредит,Google Pay,0
user_407,2023-05-04 12:25:00,4640.87,Инвестиции,карта,0
user_558,2023-10-24 16:19:00,5565.24,Инвестиции,карта,0
user_1292,2023-05-13 18:45:00,1109.33,Кредит,карта,0
user_701,2023-11-13 17:14:00,714.73,Страхование,криптовалюта,0
user_974,2023-10-30 12:31:00,1178.59,Кредит,карта,0
user_1592,2023-09-08 18:54:00,3478.05,Дебетовая карта,карта,0
user_1827,2023-07-11 10:01:00,4796.79,Дебетовая карта,банковский перевод,0
user_1604,2023-06-13 14:35:00,5630.58,Дебетовая карта,криптовалюта,0
user_161,2023-06-11 12:44:00,5554.14,Дебетовая карта,Apple Pay,0
user_1888,2023-05-12 09:25:00,1859.03,Дебетовая карта,криптовалюта,0
user_842,2023-10-09 11:00:00,1968.98,Страхование,карта,0
user_1678,2023-10-02 11:52:00,5210.87,Дебетовая карта,Google Pay,0
user_572,2023-06-02 19:05:00,1360.9,Вклад,Google Pay,0
user_1188,2023-08-03 13:17:00,6932.89,Дебетовая карта,Apple Pay,0
user_1930,2023-06-14 13:03:00,1739.23,Ипотека,карта,1
user_1878,2023-04-14 12:35:00,1001.0,Вклад,карта,0
user_1309,2023-05-13 10:41:00,3567.3,Инвестиции,Apple Pay,0
user_1229,2023-05-25 09:10:00,1937.57,Дебетовая карта,карта,0
user_59,2023-09-09 11:55:00,3059.28,Кредит,карта,0
user_1204,2023-11-02 12:59:00,1303.57,Кредит,криптовалюта,0
user_841,2023-11-22 17:04:00,814.92,Инвестиции,Google Pay,0
user_32,2023-04-22 16:24:00,3690.45,Вклад,карта,0
user_1891,2024-01-23 16:04:00,2146.13,Инвестиции,карта,0
user_911,2024-01-30 20:42:00,2400.37,Вклад,карта,0
user_1539,2023-12-16 10:44:00,1371.59,Кредит,Apple Pay,0
user_86,2023-10-02 10:11:00,1268.09,Дебетовая карта,Apple Pay,0
user_491,2023-09-07 13:34:00,68958.7,Дебетовая карта,карта,0
user_1798,2024-03-14 16:53:00,64305.86,Дебетовая карта,криптовалюта,0
user_1874,2023-01-14 12:53:00,689.1,Вклад,карта,0
user_21,2023-11-28 13:19:00,2630.86,Вклад,криптовалюта,0
user_1786,2023-12-06 09:04:00,580.9,Вклад,Apple Pay,0
user_615,2024-01-22 18:49:00,1114.26,Кредит,Google Pay,0
user_433,2023-08-06 12:23:00,3288.88,Дебетовая карта,Apple Pay,0
user_1991,2023-12-18 11:01:00,2528.94,Кредит,банковский перевод,0
user_1070,2023-08-15 15:25:00,765.03,Дебетовая карта,карта,0
user_1591,2024-03-22 16:47:00,1512.52,Кредит,карта,0
user_276,2023-04-17 15:21:00,1082.34,Кредит,карта,0
user_1516,2023-06-16 10:44:00,3227.26,Ипотека,карта,0
user_733,2023-07-28 20:35:00,7595.91,Кредит,Google Pay,0
user_1426,2023-03-29 17:02:00,2856.01,Вклад,Apple Pay,0
user_1312,2023-12-06 13:02:00,3700.62,Вклад,карта,0
user_103,2023-08-24 14:14:00,20163.81,Вклад,криптовалюта,0
user_1750,2023-02-18 16:27:00,3076.19,Страхование,карта,0
user_577,2023-05-20 15:58:00,1776.79,Вклад,Google Pay,1
user_730,2024-01-31 12:22:00,1200.7,Инвестиции,Apple Pay,0
user_1597,2024-01-01 10:57:00,662.56,Кредит,Google Pay,0
user_1755,2023-07-07 14:58:00,841.99,Кредит,Apple Pay,0
user_1792,2023-04-01 10:53:00,815.23,Вклад,карта,0
user_910,2023-11-26 13:06:00,1549.57,Дебетовая карта,карта,0
user_701,2023-09-05 18:02:00,635.43,Кредит,Apple Pay,0
user_1640,2023-04-09 13:16:00,7008.93,Дебетовая карта,карта,0
user_519,2023-09-10 20:41:00,2894.15,Вклад,Apple Pay,0
user_1287,2023-08-23 20:49:00,3216.3,Инвестиции,карта,1
user_472,2023-09-23 09:16:00,918.87,Кредит,Apple Pay,0
user_421,2024-02-25 15:55:00,1797.34,Кредит,карта,0
user_1097,2023-02-02 11:08:00,1448.55,Кредит,Google Pay,0
user_1730,2023-02-14 13:59:00,1162.99,Ипотека,Apple Pay,0
user_583,2023-01-11 20:04:00,1759.39,Кредит,карта,0
user_1453,2023-01-08 09:46:00,5417.62,Кредит,Apple Pay,0
user_43,2023-03-24 10:49:00,5058.39,Дебетовая карта,карта,0
user_1396,2023-10-19 13:45:00,12341.04,Кредит,криптовалюта,0
user_782,2024-02-15 15:53:00,648.77,Вклад,карта,0
user_150,2023-06-06 19:38:00,1631.12,Кредит,карта,0
user_1108,2023-04-07 16:20:00,1103.03,Дебетовая карта,карта,0
user_479,2023-02-01 14:03:00,2849.63,Кредит,Apple Pay,0
user_1269,2023-07-16 19:04:00,1676.23,Вклад,карта,0
user_87,2023-11-05 11:35:00,5251.34,Кредит,карта,1
user_686,2023-10-10 18:40:00,5260.01,Кредит,Apple Pay,0
user_473,2023-04-24 13:34:00,2594.62,Инвестиции,банковский перевод,0
user_628,2023-05-16 19:35:00,58447.32,Ипотека,карта,0
user_16,2023-11-08 16:21:00,610.09,Дебетовая карта,карта,1
user_568,2023-11-20 16:48:00,807.81,Вклад,карта,0
user_178,2023-06-04 16:53:00,5289.32,Вклад,Apple Pay,0
user_1247,2023-06-22 19:20:00,2901.62,Страхование,карта,0
user_919,2023-03-01 09:29:00,1622.28,Дебетовая карта,Google Pay,0
user_568,2023-07-09 12:52:00,2490.23,Вклад,карта,0
user_1233,2024-01-16 16:46:00,69138.28,Страхование,карта,0
user_1834,2023-09-27 16:13:00,2200.76,Дебетовая карта,карта,0
user_1084,2023-01-09 16:06:00,1249.42,Дебетовая карта,карта,0
user_564,2023-03-24 15:20:00,1680.91,Кредит,Apple Pay,0
user_807,2023-06-29 16:50:00,1225.08,Инвестиции,Apple Pay,1
user_1582,2023-01-21 12:18:00,695.14,Дебетовая карта,Apple Pay,1
user_199,2023-04-22 10:16:00,507.7,Вклад,карта,0
user_640,2023-03-16 19:21:00,2138.72,Вклад,карта,0
user_939,2023-06-06 17:35:00,3312.03,Дебетовая карта,Apple Pay,0
user_1270,2023-05-02 12:01:00,797.74,Дебетовая карта,Apple Pay,0
user_1154,2023-04-10 13:25:00,2439.25,Дебетовая карта,Apple Pay,1
user_1399,2023-04-11 19:46:00,8268.2,Кредит,карта,0
user_1880,2023-07-19 18:18:00,1551.11,Инвестиции,карта,0
user_349,2023-11-02 18:36:00,1386.42,Кредит,Apple Pay,0
user_960,2023-05-23 17:06:00,559.32,Ипотека,карта,0
user_760,2023-06-21 19:39:00,2199.43,Ипотека,карта,0
user_177,2023-06-11 14:24:00,1471.81,Инвестиции,Apple Pay,0
user_256,2023-07-15 11:47:00,664.65,Кредит,карта,0
user_1258,2023-02-11 18:33:00,7996.89,Кредит,карта,0
user_1022,2023-07-02 18:56:00,62192.16,Вклад,карта,0
user_586,2023-07-13 15:26:00,45780.33,Кредит,Google Pay,0
user_1819,2023-08-10 13:30:00,2693.86,Ипотека,карта,0
user_623,2023-01-11 18:05:00,6438.95,Вклад,Apple Pay,0
user_1193,2024-03-16 13:41:00,756.38,Инвестиции,карта,0
user_1978,2023-01-15 13:56:00,1073.66,Ипотека,Apple Pay,0
user_1404,2023-08-24 14:18:00,3887.01,Ипотека,карта,0
user_1457,2023-11-10 16:31:00,1537.97,Кредит,Google Pay,0
user_567,2024-03-30 15:51:00,2439.05,Ипотека,карта,0
user_1830,2023-08-03 14:35:00,2220.13,Кредит,Google Pay,0
user_937,2023-06-05 18:27:00,1303.63,Страхование,Apple Pay,0
user_603,2023-05-02 12:19:00,867.22,Страхование,Google Pay,0
user_1482,2024-03-27 12:12:00,2457.08,Кредит,карта,0
user_1061,2023-11-08 18:25:00,654.7,Дебетовая карта,Apple Pay,0
user_263,2023-07-08 16:39:00,5655.6,Вклад,Google Pay,0
user_40,2023-02-19 20:22:00,792.41,Дебетовая карта,карта,0
user_244,2023-09-27 09:37:00,1281.85,Страхование,карта,0
user_319,2023-02-17 09:57:00,2298.02,Кредит,Google Pay,0
user_449,2023-02-28 17:32:00,1254.51,Дебетовая карта,Google Pay,0
user_691,2023-04-21 13:08:00,1102.85,Страхование,карта,0
user_474,2023-10-05 18:23:00,826.63,Кредит,карта,0
user_1807,2024-02-29 11:56:00,650.2,Вклад,карта,0
user_1925,2023-12-29 09:50:00,687.37,Дебетовая карта,карта,0
user_1945,2023-01-30 20:40:00,3722.56,Ипотека,карта,0
user_318,2023-04-02 19:18:00,1479.93,Ипотека,карта,0
user_1069,2023-02-24 12:51:00,2832.25,Вклад,банковский перевод,0
user_211,2024-02-28 20:35:00,7002.27,Дебетовая карта,банковский перевод,0
user_1418,2023-03-25 20:31:00,5434.68,Дебетовая карта,Apple Pay,0
user_276,2024-02-10 10:14:00,862.06,Дебетовая карта,карта,0
user_580,2023-04-15 14:51:00,7792.44,Страхование,банковский перевод,0
user_406,2023-07-08 16:29:00,2863.21,Дебетовая карта,Apple Pay,0
user_962,2024-03-10 20:52:00,8427.14,Кредит,карта,0
user_738,2023-03-21 19:46:00,92273.13,Дебетовая карта,карта,0
user_1082,2023-06-10 11:59:00,3644.78,Дебетовая карта,Apple Pay,0
user_395,2023-12-03 12:12:00,10720.05,Инвестиции,криптовалюта,0
user_1017,2023-09-28 15:49:00,5205.9,Кредит,карта,0
user_176,2023-10-31 18:25:00,1058.27,Дебетовая карта,карта,0
user_83,2024-03-17 20:56:00,7513.47,Кредит,Google Pay,0
user_274,2023-11-18 13:09:00,5179.47,Дебетовая карта,карта,0
user_534,2023-09-12 13:10:00,746.58,Дебетовая карта,карта,0
user_1580,2023-05-23 18:17:00,861.15,Вклад,Apple Pay,0
user_662,2023-02-14 11:10:00,4799.03,Инвестиции,Apple Pay,0
user_1041,2023-03-26 14:52:00,75164.79,Страхование,карта,0
user_1357,2023-06-19 20:52:00,2717.0,Дебетовая карта,карта,0
user_1492,2023-03-14 16:47:00,664.69,Вклад,карта,0
user_1168,2023-11-20 11:42:00,544.7,Дебетовая карта,карта,0
user_354,2023-08-26 11:11:00,3885.9,Вклад,Apple Pay,0
user_1326,2023-06-19 12:32:00,2100.66,Инвестиции,криптовалюта,0
user_611,2023-07-06 10:42:00,1867.1,Инвестиции,Apple Pay,0
user_1183,2023-01-29 14:03:00,944.43,Инвестиции,карта,0
user_1965,2024-01-04 12:05:00,1990.78,Дебетовая карта,карта,0
user_146,2023-04-23 15:46:00,976.65,Инвестиции,карта,0
user_172,2023-02-18 12:07:00,6994.31,Дебетовая карта,Apple Pay,0
user_500,2023-04-21 12:35:00,822.57,Кредит,карта,0
user_878,2023-02-17 16:46:00,2444.7,Вклад,карта,0
user_958,2024-03-06 15:29:00,3001.94,Вклад,карта,0
user_592,2023-10-21 20:03:00,2231.3,Страхование,Google Pay,1
user_1802,2023-03-24 11:11:00,612.63,Инвестиции,карта,0
user_15,2023-08-27 09:04:00,3678.29,Инвестиции,карта,0
user_1089,2023-11-01 10:19:00,574.81,Страхование,Apple Pay,0
user_1105,2023-01-10 18:54:00,6594.28,Вклад,Apple Pay,0
user_1540,2023-11-09 14:23:00,1792.81,Кредит,карта,0
user_1101,2023-01-21 12:27:00,2883.39,Кредит,Apple Pay,0
user_272,2023-01-23 19:37:00,1743.86,Кредит,Apple Pay,0
user_641,2023-03-28 19:14:00,1183.63,Кредит,карта,0
user_346,2023-10-27 20:21:00,3982.78,Инвестиции,Google Pay,0
user_945,2024-01-24 20:32:00,1690.81,Страхование,карта,0
user_1830,2023-10-23 11:50:00,2097.19,Вклад,Google Pay,1
user_784,2023-04-10 12:51:00,6513.17,Кредит,карта,1
user_730,2023-04-05 17:21:00,860.81,Вклад,карта,0
user_929,2023-06-09 19:01:00,10174.41,Страхование,Apple Pay,0
user_333,2023-12-08 10:48:00,2035.03,Дебетовая карта,Apple Pay,0
user_1697,2023-11-28 16:38:00,1162.94,Кредит,карта,0
user_1331,2023-01-09 13:43:00,4178.78,Вклад,банковский перевод,0
user_1428,2023-09-27 11:45:00,6262.11,Кредит,карта,0
user_700,2023-05-15 16:38:00,1022.62,Вклад,карта,0
user_561,2023-04-19 09:57:00,880.47,Ипотека,карта,0
user_949,2023-12-10 09:11:00,70127.64,Кредит,карта,0
user_480,2023-09-11 19:13:00,1420.96,Кредит,Google Pay,0
user_43,2023-08-28 17:52:00,3652.09,Дебетовая карта,карта,0
user_1451,2023-09-13 14:11:00,4233.01,Кредит,карта,0
user_1720,2023-09-08 15:53:00,503.84,Страхование,Google Pay,0
user_450,2023-08-25 18:25:00,4082.43,Кредит,карта,0
user_1254,2023-08-16 09:29:00,877.03,Кредит,Apple Pay,0
user_1816,2023-04-05 12:58:00,99640.42,Дебетовая карта,карта,0
user_1481,2023-11-05 11:33:00,1845.58,Инвестиции,Google Pay,0
user_1666,2023-07-28 18:17:00,3353.97,Дебетовая карта,карта,0
user_1784,2023-10-20 18:43:00,2767.6,Кредит,банковский перевод,0
user_506,2023-09-21 09:42:00,10685.41,Дебетовая карта,карта,0
user_147,2024-03-13 16:35:00,2370.6,Кредит,карта,0
user_1604,2023-08-18 10:57:00,5519.31,Кредит,Apple Pay,0
user_1583,2023-06-20 17:32:00,1518.19,Дебетовая карта,карта,0
user_383,2023-11-10 09:41:00,41388.62,Инвестиции,карта,0
user_1808,2023-09-09 14:44:00,1054.58,Инвестиции,карта,0
user_50,2023-10-20 18:36:00,632.02,Страхование,карта,0
user_755,2023-12-23 19:48:00,1455.82,Инвестиции,Apple Pay,0
user_1923,2024-03-21 15:28:00,2464.3,Дебетовая карта,Apple Pay,0
user_706,2023-02-01 16:40:00,6221.74,Ипотека,криптовалюта,0
user_1523,2023-05-13 09:50:00,1868.66,Инвестиции,карта,0
user_77,2023-02-27 17:58:00,685.69,Вклад,Apple Pay,0
user_979,2024-02-25 11:36:00,682.64,Кредит,Google Pay,0
user_1564,2024-03-04 17:17:00,1150.85,Страхование,Apple Pay,0
user_1687,2023-02-13 15:36:00,1635.57,Инвестиции,карта,0
user_873,2023-03-27 13:25:00,1908.35,Дебетовая карта,карта,1
user_152,2023-08-20 09:19:00,517.97,Дебетовая карта,карта,0
user_1065,2024-01-18 12:48:00,2272.19,Дебетовая карта,карта,1
user_1480,2024-01-09 19:33:00,7335.33,Страхование,Apple Pay,0
user_902,2023-06-14 12:32:00,3571.77,Ипотека,Apple Pay,0
user_1913,2023-12-15 18:04:00,1693.48,Дебетовая карта,карта,0
user_629,2024-02-27 12:15:00,1638.75,Кредит,криптовалюта,0
user_1638,2023-06-03 13:10:00,1400.85,Кредит,Apple Pay,0
user_1510,2023-05-28 19:01:00,2165.62,Инвестиции,банковский перевод,0
user_864,2023-11-03 19:40:00,879.03,Дебетовая карта,карта,0
user_196,2023-08-05 16:32:00,1387.43,Инвестиции,Apple Pay,0
user_693,2023-06-22 19:39:00,7328.34,Кредит,карта,0
user_1535,2023-01-26 17:14:00,2484.4,Кредит,криптовалюта,0
user_1785,2023-09-03 11:28:00,663.03,Дебетовая карта,карта,0
user_915,2023-03-07 11:52:00,525.63,Дебетовая карта,карта,0
user_584,2023-02-08 12:02:00,1062.33,Ипотека,Apple Pay,0
user_1532,2023-03-27 17:33:00,1232.7,Кредит,карта,0
user_1875,2023-06-08 10:42:00,704.19,Страхование,криптовалюта,0
user_285,2023-04-27 15:07:00,797.49,Ипотека,карта,0
user_640,2023-07-23 19:37:00,1107.11,Страхование,карта,0
user_1590,2023-08-05 11:15:00,726.93,Ипотека,карта,0
user_251,2024-03-21 20:19:00,1232.9,Кредит,карта,0
user_1948,2023-10-20 18:24:00,2321.78,Вклад,Google Pay,0
user_472,2023-04-23 13:28:00,43179.24,Дебетовая карта,криптовалюта,0
user_974,2023-06-13 14:09:00,1240.58,Инвестиции,криптовалюта,0
user_1039,2023-05-20 11:20:00,2493.92,Страхование,криптовалюта,1
user_749,2023-05-08 14:59:00,2641.01,Страхование,карта,0
user_263,2024-01-16 16:30:00,1072.82,Дебетовая карта,Apple Pay,0
user_61,2023-06-01 10:37:00,4752.09,Вклад,карта,0
user_760,2023-04-09 09:59:00,2937.89,Инвестиции,Google Pay,1
user_539,2023-04-06 10:35:00,75465.65,Кредит,криптовалюта,0
user_1812,2023-10-22 12:12:00,3873.64,Кредит,карта,0
user_1330,2023-03-05 14:24:00,4056.95,Дебетовая карта,карта,0
user_188,2023-06-12 20:58:00,825.32,Инвестиции,карта,0
user_1511,2024-02-02 15:57:00,632.63,Дебетовая карта,криптовалюта,0
user_1230,2023-04-24 17:36:00,2703.57,Кредит,криптовалюта,0
user_252,2023-10-07 09:08:00,8419.85,Ипотека,криптовалюта,0
user_808,2024-02-26 12:20:00,99437.37,Кредит,Google Pay,0
user_1475,2023-11-08 19:23:00,5048.67,Инвестиции,криптовалюта,0
user_1295,2024-01-04 16:11:00,6276.84,Страхование,банковский перевод,1
user_1147,2023-09-12 20:59:00,682.95,Дебетовая карта,карта,0
user_980,2024-03-27 09:48:00,1688.18,Кредит,криптовалюта,0
user_1382,2023-08-05 14:25:00,1532.41,Дебетовая карта,Apple Pay,0
user_1754,2023-11-03 15:04:00,2565.95,Дебетовая карта,карта,0
user_344,2023-06-28 20:08:00,1709.81,Кредит,Apple Pay,0
user_805,2023-04-11 10:43:00,596.15,Вклад,карта,0
user_1698,2024-01-04 18:04:00,1018.44,Кредит,Apple Pay,0
user_1017,2024-03-17 19:49:00,785.18,Ипотека,карта,0
user_353,2024-01-28 18:02:00,4372.07,Вклад,Apple Pay,0
user_261,2023-11-17 19:34:00,1578.92,Кредит,Apple Pay,0
user_1455,2024-02-19 09:35:00,1675.66,Вклад,карта,0
user_981,2024-03-18 15:26:00,2179.62,Дебетовая карта,Google Pay,0
user_1582,2023-05-11 18:56:00,3015.91,Кредит,Apple Pay,0
user_230,2023-06-21 14:27:00,4265.67,Кредит,криптовалюта,0
user_1214,2023-10-16 14:43:00,1657.4,Кредит,Apple Pay,0
user_1167,2024-03-26 12:12:00,5535.42,Вклад,банковский перевод,0
user_919,2023-09-10 15:25:00,1322.08,Кредит,Google Pay,0
user_855,2023-03-12 10:29:00,1658.64,Кредит,карта,0
user_543,2023-11-25 15:46:00,1436.89,Инвестиции,карта,0
user_1567,2023-03-04 20:41:00,574.44,Кредит,Apple Pay,0
user_663,2023-10-30 18:56:00,3985.26,Дебетовая карта,карта,0
user_837,2024-01-07 14:43:00,2246.6,Дебетовая карта,карта,0
user_1719,2023-07-11 10:59:00,506.24,Страхование,Google Pay,0
user_1262,2023-10-10 18:41:00,7753.5,Вклад,криптовалюта,0
user_78,2023-06-04 18:19:00,1777.39,Кредит,карта,0
user_118,2023-11-19 18:37:00,1514.9,Дебетовая карта,карта,1
user_1076,2023-08-05 17:04:00,1149.92,Страхование,криптовалюта,0
user_1421,2024-01-23 15:34:00,3122.67,Кредит,карта,0
user_943,2023-04-03 10:21:00,3190.16,Кредит,карта,0
user_1915,2024-01-07 09:39:00,1860.48,Страхование,карта,0
user_1702,2024-03-26 17:17:00,2691.67,Дебетовая карта,карта,1
user_896,2023-05-14 13:08:00,1618.9,Кредит,Apple Pay,0
user_471,2023-09-30 18:30:00,922.58,Вклад,криптовалюта,0
user_20,2023-01-23 19:24:00,2334.37,Кредит,Google Pay,0
user_68,2023-08-21 15:38:00,3917.73,Дебетовая карта,карта,0
user_1208,2023-01-08 11:35:00,2218.28,Инвестиции,Google Pay,0
user_670,2023-06-26 10:55:00,1288.98,Кредит,Apple Pay,0
user_291,2023-04-20 11:59:00,1614.0,Вклад,карта,0
user_147,2023-04-15 15:31:00,2424.13,Дебетовая карта,карта,0
user_936,2024-03-16 20:29:00,13237.42,Инвестиции,карта,0
user_1170,2023-01-21 18:38:00,598.46,Вклад,Google Pay,0
user_65,2023-01-18 10:17:00,1397.1,Дебетовая карта,Apple Pay,0
user_838,2024-01-21 12:53:00,1295.68,Дебетовая карта,Google Pay,0
user_886,2023-02-01 15:57:00,2223.14,Дебетовая карта,банковский перевод,0
user_113,2023-10-23 15:23:00,1733.9,Ипотека,банковский перевод,0
user_1749,2023-09-27 12:31:00,2170.52,Страхование,криптовалюта,0
user_460,2023-01-26 11:43:00,57713.23,Страхование,Google Pay,0
user_271,2024-02-25 14:40:00,3555.7,Ипотека,банковский перевод,0
user_268,2023-07-26 10:57:00,4909.98,Кредит,карта,0
user_997,2023-07-30 10:00:00,8815.81,Дебетовая карта,карта,0
user_1417,2023-04-03 17:19:00,71768.23,Ипотека,Google Pay,0
user_508,2023-08-27 10:54:00,55086.02,Инвестиции,карта,0
user_1532,2024-03-18 20:37:00,2083.65,Кредит,Apple Pay,0
user_523,2023-02-14 10:05:00,2973.78,Дебетовая карта,криптовалюта,0
user_374,2023-08-14 19:47:00,689.28,Кредит,Google Pay,0
user_1287,2023-08-22 17:28:00,687.55,Страхование,карта,0
user_1548,2023-10-11 15:36:00,5246.52,Вклад,карта,0
user_1497,2023-08-01 17:36:00,1008.22,Вклад,Apple Pay,0
user_1115,2023-05-04 20:29:00,2095.15,Ипотека,Google Pay,0
user_1747,2023-10-03 15:19:00,795.44,Кредит,Google Pay,0
user_1699,2023-02-06 11:57:00,2495.32,Ипотека,Google Pay,0
user_557,2024-03-15 10:34:00,1775.34,Дебетовая карта,карта,0
user_1255,2023-04-28 15:39:00,7295.31,Кредит,Google Pay,0
user_142,2023-01-16 20:55:00,2657.23,Ипотека,Apple Pay,0
user_160,2024-03-09 14:43:00,3778.38,Ипотека,карта,0
user_885,2024-03-30 11:10:00,34380.31,Ипотека,банковский перевод,0
user_1408,2023-12-31 12:10:00,90692.14,Инвестиции,карта,0
user_1170,2023-04-06 17:22:00,1800.24,Кредит,карта,0
user_329,2023-05-20 20:58:00,7698.86,Кредит,карта,0
user_1480,2023-07-08 11:49:00,3484.09,Дебетовая карта,карта,0
user_1214,2023-12-08 18:12:00,2637.09,Кредит,Apple Pay,0
user_1513,2023-05-16 09:34:00,2545.28,Ипотека,банковский перевод,0
user_1225,2023-01-21 19:18:00,65638.5,Дебетовая карта,карта,0
user_1728,2023-10-06 10:15:00,90788.7,Кредит,Apple Pay,0
user_725,2023-05-04 19:58:00,2906.89,Страхование,Google Pay,0
user_63,2023-09-11 10:58:00,4401.21,Вклад,Google Pay,0
user_1198,2023-05-12 16:13:00,1541.56,Дебетовая карта,криптовалюта,0
user_1962,2023-07-24 09:26:00,28588.73,Ипотека,Apple Pay,0
user_197,2023-11-04 19:57:00,9000.58,Вклад,криптовалюта,0
user_1934,2024-03-22 20:24:00,2252.65,Вклад,Apple Pay,0
user_1541,2023-04-30 10:09:00,964.05,Кредит,карта,1
user_72,2023-01-19 17:19:00,2714.55,Вклад,карта,1
user_1086,2023-08-20 13:32:00,1458.9,Дебетовая карта,карта,0
user_627,2023-07-13 16:08:00,2835.32,Страхование,Google Pay,0
user_1308,2024-02-16 14:41:00,4018.88,Кредит,карта,0
user_1532,2024-03-05 10:13:00,13346.57,Дебетовая карта,карта,0
user_748,2023-09-04 17:28:00,763.55,Кредит,карта,0
user_958,2023-01-18 17:38:00,5126.93,Ипотека,карта,0
user_80,2023-01-08 20:53:00,2780.38,Дебетовая карта,карта,0
user_10,2023-05-09 16:48:00,5623.01,Кредит,криптовалюта,0
user_1519,2023-07-24 09:24:00,3081.92,Страхование,криптовалюта,0
user_710,2023-06-12 18:00:00,3409.67,Инвестиции,Google Pay,0
user_1757,2024-03-08 13:23:00,1664.86,Страхование,карта,0
user_1158,2023-05-21 09:41:00,4192.61,Инвестиции,криптовалюта,0
user_793,2023-12-04 12:07:00,4241.69,Инвестиции,карта,0
user_1760,2024-01-10 17:17:00,1641.44,Ипотека,карта,0
user_115,2023-11-01 11:38:00,3590.58,Дебетовая карта,карта,1
user_1659,2023-08-14 11:39:00,3229.63,Дебетовая карта,карта,0
user_149,2023-03-24 19:06:00,79850.08,Кредит,карта,0
user_1893,2024-01-06 12:31:00,2168.86,Инвестиции,карта,0
user_1132,2024-01-24 20:29:00,714.88,Ипотека,карта,0
user_936,2023-05-15 17:59:00,1212.87,Кредит,криптовалюта,0
user_1311,2023-05-16 13:49:00,9934.56,Вклад,криптовалюта,0
user_1597,2023-04-30 15:22:00,2199.26,Кредит,криптовалюта,0
user_571,2023-08-20 16:30:00,7945.99,Инвестиции,Google Pay,0
user_202,2023-08-04 13:03:00,2242.59,Кредит,Apple Pay,0
user_1935,2023-12-22 13:04:00,2878.98,Вклад,Apple Pay,0
user_1037,2023-08-12 18:39:00,1748.06,Дебетовая карта,банковский перевод,0
user_574,2023-09-28 20:40:00,2520.88,Кредит,карта,1
user_1834,2024-03-10 19:30:00,6400.31,Ипотека,Google Pay,0
user_80,2023-02-02 15:56:00,3352.79,Дебетовая карта,карта,0
user_1678,2023-11-14 11:50:00,3567.38,Дебетовая карта,карта,0
user_38,2024-01-17 17:09:00,4267.27,Кредит,Apple Pay,0
user_1312,2023-11-24 19:26:00,928.58,Дебетовая карта,криптовалюта,1
user_76,2023-11-08 19:44:00,570.02,Кредит,криптовалюта,0
user_299,2023-10-29 13:09:00,2853.86,Вклад,карта,0
user_653,2023-05-04 16:44:00,5893.45,Вклад,карта,0
user_365,2023-05-22 13:12:00,1307.07,Кредит,криптовалюта,0
user_90,2023-06-09 16:00:00,11282.54,Ипотека,Apple Pay,0
user_1358,2023-10-20 09:57:00,1448.17,Дебетовая карта,карта,0
user_1523,2023-12-03 20:22:00,710.92,Вклад,карта,1
user_652,2023-07-05 14:10:00,1052.36,Ипотека,Google Pay,1
user_1396,2023-11-24 10:50:00,7178.42,Инвестиции,Google Pay,0
user_659,2024-03-19 12:23:00,1106.84,Страхование,криптовалюта,0
user_431,2023-01-16 13:12:00,582.33,Кредит,карта,0
user_1696,2023-10-10 18:03:00,1075.4,Дебетовая карта,карта,0
user_1051,2023-03-20 16:27:00,1178.42,Страхование,карта,0
user_41,2024-02-03 18:43:00,3083.03,Вклад,карта,0
user_1399,2024-03-17 14:39:00,1782.47,Вклад,карта,0
user_786,2023-02-22 10:14:00,7320.46,Ипотека,карта,0
user_147,2023-05-15 12:40:00,6075.97,Вклад,карта,0
user_477,2023-06-25 17:08:00,1980.6,Инвестиции,карта,0
user_639,2023-06-10 15:59:00,4875.39,Инвестиции,карта,0
user_55,2023-06-16 15:29:00,5546.37,Страхование,банковский перевод,0
user_1457,2023-01-06 12:17:00,2197.11,Кредит,Apple Pay,0
user_434,2023-07-26 11:42:00,641.77,Страхование,карта,0
user_314,2023-08-05 10:21:00,1981.7,Страхование,карта,0
user_369,2023-08-21 11:37:00,593.53,Вклад,карта,0
user_1429,2023-12-13 17:40:00,8666.64,Дебетовая карта,Google Pay,0
user_1009,2024-02-24 15:46:00,1991.32,Кредит,карта,0
user_1627,2023-06-06 17:34:00,2950.01,Вклад,карта,0
user_871,2024-01-30 09:54:00,5232.32,Страхование,карта,0
user_1365,2023-04-16 19:22:00,4064.17,Ипотека,банковский перевод,0
user_944,2023-10-07 13:50:00,516.98,Дебетовая карта,карта,0
user_1186,2023-11-27 12:07:00,2636.56,Кредит,карта,0
user_1756,2024-03-09 20:10:00,1724.43,Страхование,Google Pay,0
user_1228,2023-05-25 11:13:00,9793.02,Ипотека,криптовалюта,0
user_989,2023-03-14 17:46:00,4106.81,Кредит,Google Pay,0
user_1732,2023-10-03 14:58:00,607.65,Кредит,карта,0
user_1279,2023-12-02 09:30:00,2362.41,Инвестиции,Google Pay,0
user_1867,2023-03-19 13:23:00,1598.53,Кредит,карта,0
user_1295,2024-02-12 18:25:00,2740.78,Дебетовая карта,карта,0
user_1375,2023-12-17 16:33:00,772.14,Ипотека,карта,0
user_1034,2024-01-26 16:12:00,1732.79,Инвестиции,карта,0
user_1700,2023-06-29 13:50:00,1855.94,Кредит,Apple Pay,0
user_610,2023-03-07 14:32:00,5424.72,Ипотека,карта,0
user_1089,2024-03-09 18:15:00,1342.55,Инвестиции,Google Pay,0
user_1807,2023-01-26 10:03:00,1492.0,Ипотека,карта,0
user_426,2023-07-04 17:39:00,3771.13,Дебетовая карта,Apple Pay,0
user_877,2023-11-19 15:24:00,7382.71,Вклад,карта,0
user_52,2024-01-11 13:35:00,1906.83,Дебетовая карта,Google Pay,0
user_1143,2023-05-09 13:03:00,3479.21,Дебетовая карта,Apple Pay,0
user_695,2023-10-04 15:18:00,1282.59,Вклад,Google Pay,0
user_1119,2023-10-08 10:51:00,1603.48,Дебетовая карта,карта,0
user_473,2023-01-15 15:16:00,84154.98,Дебетовая карта,Apple Pay,0
user_1656,2023-03-11 11:18:00,2306.21,Дебетовая карта,Apple Pay,0
user_1971,2023-10-16 18:55:00,1218.73,Кредит,карта,0
user_1070,2023-10-09 14:46:00,1733.23,Ипотека,карта,0
user_1221,2024-01-05 13:25:00,3643.67,Инвестиции,Apple Pay,0
user_914,2023-01-31 09:53:00,502.69,Дебетовая карта,Apple Pay,0
user_597,2024-01-30 13:56:00,1763.12,Страхование,Google Pay,0
user_921,2023-02-07 20:35:00,7908.52,Ипотека,Google Pay,0
user_988,2023-08-26 17:13:00,4104.98,Дебетовая карта,карта,0
user_1560,2023-08-06 11:36:00,4852.94,Страхование,карта,0
user_1381,2023-07-09 14:44:00,565.87,Кредит,карта,0
user_660,2024-01-06 19:47:00,2495.75,Ипотека,криптовалюта,0
user_1234,2023-03-23 17:42:00,5987.36,Кредит,Apple Pay,0
user_1870,2023-01-10 11:30:00,3526.1,Инвестиции,карта,0
user_836,2023-05-19 18:46:00,772.96,Дебетовая карта,Google Pay,0
user_1694,2023-04-22 09:15:00,6388.93,Вклад,Apple Pay,0
user_948,2024-02-15 19:30:00,2829.24,Вклад,Apple Pay,0
user_277,2024-01-18 15:59:00,799.2,Дебетовая карта,криптовалюта,1
user_365,2023-03-11 14:10:00,8301.12,Ипотека,Apple Pay,0
user_635,2023-02-26 10:00:00,17453.7,Дебетовая карта,криптовалюта,0
user_1165,2024-03-05 17:29:00,964.61,Кредит,Apple Pay,0
user_1812,2024-01-07 15:25:00,2672.48,Инвестиции,Google Pay,0
user_787,2023-08-09 14:24:00,1843.62,Кредит,Apple Pay,1
user_557,2024-01-18 20:11:00,1950.16,Кредит,Apple Pay,0
user_1310,2023-12-02 09:47:00,6244.64,Кредит,карта,0
user_636,2024-03-15 17:32:00,2388.82,Дебетовая карта,Apple Pay,0
user_872,2024-03-07 18:47:00,766.65,Инвестиции,карта,0
user_435,2024-03-10 15:48:00,3285.41,Вклад,Apple Pay,0
user_590,2024-02-14 14:43:00,1796.75,Кредит,Apple Pay,0
user_109,2023-10-22 20:37:00,3155.81,Дебетовая карта,Google Pay,0
user_1137,2023-11-26 20:00:00,1668.2,Вклад,карта,0
user_957,2023-03-06 12:41:00,8147.06,Инвестиции,карта,0
user_344,2023-07-19 19:04:00,2263.92,Вклад,Apple Pay,0
user_1510,2023-06-13 10:42:00,1186.01,Дебетовая карта,карта,0
user_404,2023-05-03 11:36:00,5259.16,Ипотека,карта,0
user_1320,2023-02-10 20:01:00,2588.77,Кредит,карта,0
user_225,2023-06-06 15:00:00,2632.99,Ипотека,карта,0
user_56,2023-01-24 20:35:00,4471.09,Кредит,карта,0
user_247,2023-01-15 13:19:00,1535.68,Дебетовая карта,карта,0
user_1047,2023-01-04 15:13:00,3994.03,Кредит,криптовалюта,0
user_360,2023-10-22 17:25:00,1254.76,Инвестиции,карта,0
user_661,2023-06-22 16:43:00,2434.02,Дебетовая карта,Google Pay,0
user_1076,2023-06-30 18:17:00,775.48,Инвестиции,карта,0
user_1284,2023-12-29 13:40:00,880.74,Инвестиции,карта,0
user_1569,2024-03-29 17:19:00,4057.5,Кредит,Apple Pay,0
user_811,2023-09-17 11:27:00,4263.02,Кредит,Google Pay,0
user_212,2023-10-09 09:23:00,5057.67,Ипотека,карта,0
user_1962,2024-03-19 20:50:00,626.88,Вклад,Apple Pay,0
user_1556,2023-11-22 17:31:00,718.93,Инвестиции,Apple Pay,0
user_1657,2023-10-21 11:34:00,2828.97,Вклад,Apple Pay,0
user_1846,2023-09-11 10:16:00,3606.94,Страхование,Apple Pay,0
user_1401,2023-05-26 17:20:00,611.38,Дебетовая карта,криптовалюта,0
user_1987,2023-04-07 18:30:00,2845.52,Страхование,карта,0
user_1032,2023-10-03 13:23:00,10805.46,Ипотека,Google Pay,0
user_1121,2023-09-21 12:57:00,8652.78,Страхование,криптовалюта,0
user_1183,2024-01-24 20:47:00,2008.54,Ипотека,карта,0
user_1017,2023-02-08 18:14:00,2027.08,Кредит,Google Pay,0
user_885,2023-06-29 14:28:00,2125.77,Инвестиции,Apple Pay,0
user_662,2023-12-31 15:32:00,1674.22,Дебетовая карта,карта,0
user_1590,2023-03-29 18:21:00,595.72,Кредит,карта,0
user_657,2023-10-31 14:39:00,1100.47,Вклад,криптовалюта,0
user_1817,2023-11-02 15:26:00,956.32,Вклад,карта,0
user_1500,2023-11-21 10:58:00,7586.77,Ипотека,карта,0
user_1999,2023-07-13 20:31:00,2080.11,Вклад,банковский перевод,0
user_1291,2023-02-28 16:31:00,3255.21,Кредит,карта,0
user_1198,2024-01-24 19:13:00,3718.12,Ипотека,карта,0
user_670,2023-12-16 15:27:00,76326.09,Дебетовая карта,карта,0
user_1364,2023-07-09 17:41:00,4018.38,Вклад,банковский перевод,0
user_1161,2024-02-03 19:14:00,21644.8,Вклад,карта,1
user_800,2023-08-06 20:50:00,1947.26,Дебетовая карта,криптовалюта,0
user_136,2023-07-24 09:13:00,1153.78,Дебетовая карта,криптовалюта,0
user_17,2024-02-20 17:47:00,1735.87,Вклад,карта,0
user_462,2023-12-19 10:35:00,3220.97,Инвестиции,Google Pay,0
user_1407,2023-11-04 10:30:00,4404.85,Ипотека,Apple Pay,0
user_1838,2023-05-03 20:15:00,1348.82,Ипотека,Apple Pay,0
user_1869,2023-05-19 19:36:00,730.48,Кредит,карта,0
user_1051,2024-03-06 15:11:00,5300.91,Кредит,карта,0
user_1720,2023-04-11 11:48:00,64891.65,Кредит,карта,0
user_9,2023-01-11 17:26:00,658.41,Ипотека,карта,0
user_1758,2023-09-05 18:56:00,2742.59,Кредит,карта,0
user_1928,2023-05-10 20:54:00,64239.32,Вклад,Apple Pay,0
user_805,2024-01-08 10:09:00,4824.43,Ипотека,карта,0
user_91,2023-01-16 19:57:00,514.7,Вклад,карта,0
user_1428,2023-05-20 15:34:00,81634.55,Кредит,Apple Pay,1
user_28,2023-06-28 20:56:00,2680.15,Кредит,Apple Pay,0
user_1277,2023-04-16 15:11:00,1304.11,Страхование,криптовалюта,0
user_643,2023-02-09 19:51:00,675.91,Дебетовая карта,карта,0
user_1082,2023-01-06 15:10:00,4789.81,Дебетовая карта,Google Pay,0
user_1840,2023-09-14 12:32:00,12523.79,Кредит,карта,0
user_304,2023-12-02 10:28:00,2872.39,Инвестиции,Google Pay,0
user_69,2023-06-05 13:55:00,2883.43,Ипотека,криптовалюта,0
user_1151,2024-02-23 16:45:00,2699.47,Вклад,карта,0
user_1393,2023-06-25 16:28:00,1774.44,Дебетовая карта,карта,0
user_598,2023-06-04 18:51:00,5049.81,Дебетовая карта,карта,0
user_329,2023-06-10 12:24:00,9703.86,Кредит,Apple Pay,0
user_1408,2024-03-06 18:15:00,2297.32,Ипотека,Apple Pay,0
user_1379,2023-10-10 18:21:00,1549.59,Дебетовая карта,Google Pay,0
user_1890,2024-02-20 20:13:00,1510.42,Кредит,Google Pay,0
user_1729,2023-10-02 11:40:00,918.51,Страхование,карта,0
user_1456,2023-02-05 16:20:00,1220.17,Ипотека,карта,0
user_40,2023-08-21 15:59:00,1133.12,Кредит,карта,0
user_520,2023-02-09 15:08:00,3912.23,Вклад,Apple Pay,0
user_1311,2023-10-23 14:09:00,1800.15,Ипотека,банковский перевод,0
user_931,2023-03-23 10:46:00,581.66,Кредит,Apple Pay,0
user_104,2024-02-20 12:22:00,1024.13,Инвестиции,карта,0
user_1130,2023-01-22 11:09:00,1933.53,Дебетовая карта,банковский перевод,0
user_1520,2024-03-07 12:47:00,1343.96,Вклад,Google Pay,0
user_1453,2023-03-08 11:12:00,545.84,Кредит,карта,1
user_1846,2023-03-29 11:17:00,4624.01,Кредит,Apple Pay,0
user_296,2023-07-10 11:31:00,725.47,Вклад,карта,0
user_1909,2023-06-15 16:34:00,6589.28,Кредит,банковский перевод,0
user_1052,2024-02-18 16:41:00,2584.53,Вклад,карта,0
user_612,2024-01-17 11:52:00,977.63,Кредит,криптовалюта,0
user_1721,2023-07-24 16:43:00,12307.66,Страхование,карта,0
user_207,2023-04-08 15:17:00,3251.85,Кредит,Google Pay,0
user_56,2023-03-19 19:47:00,6455.9,Страхование,карта,0
user_1461,2023-03-26 11:05:00,92032.04,Кредит,Apple Pay,0
user_1456,2023-06-06 11:44:00,1166.16,Страхование,Apple Pay,0
user_182,2023-07-04 20:33:00,1628.93,Кредит,карта,0
user_1761,2024-02-10 10:58:00,2247.32,Кредит,карта,0
user_1682,2023-05-28 13:35:00,4628.55,Дебетовая карта,банковский перевод,0
user_1592,2023-07-18 12:09:00,1583.65,Страхование,карта,0
user_784,2023-07-10 14:07:00,3419.34,Кредит,карта,0
user_1864,2023-12-22 11:04:00,1390.65,Страхование,карта,0
user_262,2023-05-27 12:17:00,630.24,Кредит,криптовалюта,0
user_1566,2024-02-26 16:10:00,613.84,Ипотека,карта,1
user_1683,2023-08-24 12:57:00,1618.31,Кредит,карта,0
user_1037,2024-03-01 16:20:00,1872.92,Кредит,карта,0
user_692,2023-03-02 18:01:00,3230.08,Вклад,карта,0
user_954,2023-05-11 15:15:00,3482.39,Кредит,карта,0
user_96,2023-11-27 11:51:00,855.48,Дебетовая карта,карта,0
user_64,2023-01-29 13:24:00,88671.76,Страхование,карта,0
user_676,2024-03-24 17:59:00,1580.38,Страхование,карта,0
user_38,2023-08-18 20:24:00,624.01,Кредит,карта,0
user_1271,2023-01-13 11:22:00,837.51,Кредит,карта,0
user_1279,2023-11-07 11:15:00,9163.67,Кредит,Apple Pay,0
user_1710,2023-10-25 09:53:00,674.48,Дебетовая карта,Google Pay,0
user_551,2024-03-14 18:56:00,5470.29,Страхование,Google Pay,0
user_1630,2023-03-16 11:52:00,6175.34,Дебетовая карта,карта,0
user_615,2023-04-19 17:34:00,17374.54,Инвестиции,Apple Pay,0
user_1086,2023-05-16 14:26:00,603.33,Вклад,карта,0
user_1615,2024-02-08 15:25:00,1346.88,Вклад,Apple Pay,0
user_711,2023-11-01 10:19:00,1216.24,Дебетовая карта,криптовалюта,0
user_223,2023-09-06 16:06:00,4054.88,Дебетовая карта,криптовалюта,0
user_1631,2023-05-21 14:00:00,3588.3,Дебетовая карта,Apple Pay,0
user_568,2023-09-20 19:56:00,2590.66,Кредит,карта,0
user_434,2023-10-21 12:42:00,2453.48,Кредит,карта,0
user_1371,2023-10-23 09:00:00,1157.83,Ипотека,карта,0
user_1069,2024-03-29 19:24:00,6789.88,Инвестиции,карта,0
user_62,2023-05-25 10:14:00,3522.6,Кредит,Apple Pay,0
user_1829,2023-02-11 10:51:00,667.78,Кредит,карта,0
user_1040,2023-12-24 18:03:00,915.52,Инвестиции,карта,0
user_541,2023-06-17 16:33:00,73397.99,Вклад,Google Pay,0
user_171,2023-05-24 13:42:00,10194.17,Кредит,Apple Pay,0
user_1371,2024-01-20 20:42:00,10456.89,Инвестиции,карта,0
user_1524,2023-05-06 19:37:00,1087.11,Страхование,Google Pay,0
user_1498,2023-12-15 13:33:00,9266.86,Кредит,карта,0
user_1270,2023-08-20 17:04:00,1203.73,Страхование,Google Pay,0
user_1752,2023-09-04 11:09:00,1975.49,Инвестиции,Google Pay,0
user_1218,2023-12-28 15:20:00,5215.89,Вклад,Google Pay,0
user_484,2023-11-01 09:54:00,2286.87,Страхование,криптовалюта,0
user_443,2023-05-26 10:40:00,1358.28,Кредит,карта,0
user_770,2024-01-21 20:45:00,12270.11,Вклад,карта,0
user_1450,2024-01-24 12:45:00,2254.96,Страхование,Google Pay,0
user_45,2023-01-05 20:48:00,5423.27,Дебетовая карта,Google Pay,0
user_604,2023-10-28 20:31:00,2178.85,Дебетовая карта,карта,0
user_866,2023-05-27 15:03:00,2211.71,Вклад,Apple Pay,0
user_1142,2024-03-05 15:00:00,1611.42,Вклад,карта,0
user_295,2023-10-02 15:59:00,2109.37,Инвестиции,карта,0
user_185,2023-12-16 12:02:00,632.46,Инвестиции,карта,0
user_1821,2023-07-19 18:43:00,27694.37,Страхование,карта,1
user_193,2024-01-20 18:31:00,1889.39,Ипотека,Apple Pay,0
user_160,2024-01-02 18:06:00,2481.98,Дебетовая карта,Apple Pay,0
user_388,2023-03-06 11:56:00,1515.45,Дебетовая карта,Google Pay,0
user_687,2024-01-26 09:55:00,5640.53,Дебетовая карта,карта,0
user_433,2023-01-17 18:31:00,11605.36,Кредит,Google Pay,0
user_1630,2023-10-21 17:52:00,6089.76,Кредит,карта,0
user_253,2023-11-15 15:33:00,859.02,Дебетовая карта,карта,0
user_279,2024-03-15 18:37:00,1420.09,Дебетовая карта,Apple Pay,0
user_237,2023-10-04 12:51:00,3468.45,Ипотека,Apple Pay,0
user_1306,2023-11-23 10:47:00,804.61,Страхование,Google Pay,0
user_1759,2024-03-22 17:52:00,1884.07,Инвестиции,карта,0
user_326,2023-12-22 19:34:00,58040.13,Кредит,криптовалюта,1
user_1110,2023-06-15 14:56:00,7170.6,Кредит,карта,0
user_745,2023-11-13 10:23:00,595.85,Кредит,карта,0
user_1245,2023-02-05 19:23:00,5651.03,Дебетовая карта,Apple Pay,0
user_1300,2023-02-03 20:50:00,2158.22,Кредит,Google Pay,0
user_576,2024-03-16 13:29:00,1764.57,Кредит,карта,0
user_1210,2023-08-19 18:49:00,5045.71,Кредит,карта,0
user_111,2023-09-02 15:06:00,780.14,Страхование,Apple Pay,0
user_973,2023-03-27 16:27:00,537.14,Ипотека,Apple Pay,0
user_1937,2023-03-08 10:39:00,1433.34,Кредит,Apple Pay,0
user_1798,2024-02-11 11:32:00,1289.78,Кредит,карта,0
user_109,2023-04-30 18:40:00,590.78,Дебетовая карта,карта,0
user_115,2023-06-06 14:32:00,2081.82,Вклад,Google Pay,0
user_1646,2024-01-13 14:40:00,1901.2,Дебетовая карта,карта,0
user_419,2023-08-03 12:36:00,586.49,Кредит,карта,0
user_1331,2023-12-20 20:03:00,38909.31,Кредит,Apple Pay,0
user_1087,2024-03-20 17:16:00,62479.58,Дебетовая карта,карта,0
user_816,2023-06-25 17:18:00,3288.46,Кредит,карта,0
user_617,2023-06-04 15:41:00,571.18,Вклад,карта,0
user_1494,2024-02-17 19:15:00,2487.07,Инвестиции,Apple Pay,0
user_516,2023-03-29 20:56:00,1756.69,Ипотека,банковский перевод,0
user_1530,2023-09-25 17:15:00,72857.63,Дебетовая карта,криптовалюта,0
user_466,2023-10-08 17:17:00,581.14,Инвестиции,Google Pay,1
user_1757,2023-12-01 13:31:00,2401.87,Дебетовая карта,карта,0
user_1402,2023-01-21 10:37:00,1362.61,Кредит,Google Pay,0
user_1090,2024-01-06 15:48:00,6263.86,Кредит,криптовалюта,0
user_199,2024-01-01 18:49:00,1146.84,Дебетовая карта,карта,0
user_428,2023-12-10 18:22:00,3462.01,Инвестиции,карта,0
user_1264,2023-06-29 14:32:00,3954.64,Ипотека,криптовалюта,0
user_1146,2023-10-28 15:09:00,1437.46,Дебетовая карта,Google Pay,0
user_206,2023-06-29 16:01:00,1910.16,Страхование,криптовалюта,0
user_199,2023-02-20 20:50:00,10075.5,Кредит,банковский перевод,1
user_1214,2023-09-22 10:15:00,2219.35,Страхование,карта,0
user_753,2023-12-18 17:13:00,2661.97,Кредит,Apple Pay,0
user_948,2023-01-30 20:43:00,3346.1,Дебетовая карта,карта,0
user_1221,2023-10-27 19:25:00,2153.18,Страхование,Apple Pay,0
user_1699,2023-02-19 09:58:00,1176.02,Дебетовая карта,карта,0
user_504,2023-10-04 17:22:00,3176.15,Кредит,карта,0
user_1388,2023-02-20 18:47:00,6460.77,Ипотека,Apple Pay,0
user_1731,2023-12-27 15:41:00,3409.29,Кредит,Apple Pay,0
user_1828,2023-05-23 12:01:00,16127.56,Кредит,карта,0
user_1953,2023-03-20 14:29:00,2097.38,Дебетовая карта,криптовалюта,0
user_10,2023-07-23 14:13:00,6871.73,Вклад,карта,0
user_152,2023-11-03 14:31:00,788.52,Дебетовая карта,Apple Pay,0
user_1738,2023-09-25 14:33:00,3359.68,Ипотека,криптовалюта,0
user_412,2023-08-07 13:30:00,561.21,Кредит,криптовалюта,0
user_581,2023-11-06 19:05:00,1543.87,Вклад,Apple Pay,0
user_947,2023-03-19 10:01:00,3490.55,Кредит,карта,1
user_1312,2024-01-12 11:17:00,6417.62,Кредит,карта,0
user_76,2023-05-22 19:36:00,1741.83,Кредит,Google Pay,0
user_1298,2023-02-17 19:59:00,1370.6,Кредит,карта,0
user_186,2023-11-21 14:59:00,80514.35,Вклад,карта,0
user_741,2023-01-20 09:46:00,1670.02,Инвестиции,карта,0
user_1802,2023-03-28 09:05:00,1244.78,Инвестиции,карта,0
user_252,2023-07-24 16:26:00,1474.74,Вклад,Google Pay,0
user_92,2023-07-14 10:18:00,4146.58,Дебетовая карта,Apple Pay,0
user_951,2024-03-05 12:20:00,3505.09,Кредит,криптовалюта,0
user_495,2024-02-11 09:04:00,938.19,Кредит,карта,0
user_492,2024-02-12 12:14:00,1087.47,Дебетовая карта,криптовалюта,0
user_848,2023-08-16 09:24:00,1957.99,Вклад,банковский перевод,0
user_341,2023-01-06 17:51:00,6148.41,Вклад,Apple Pay,0
user_41,2023-10-04 11:48:00,2142.96,Страхование,карта,0
user_1851,2023-10-29 19:54:00,2128.27,Кредит,карта,0
user_1622,2023-07-01 20:51:00,6349.38,Кредит,криптовалюта,0
user_824,2023-09-24 16:27:00,1204.91,Ипотека,Apple Pay,0
user_1661,2024-01-27 09:27:00,5485.48,Дебетовая карта,карта,0
user_1992,2023-02-15 09:56:00,10823.94,Ипотека,карта,0
user_790,2023-10-27 14:57:00,9349.28,Кредит,криптовалюта,0
user_313,2023-02-11 20:29:00,5874.93,Кредит,банковский перевод,0
user_404,2023-03-11 12:29:00,1272.98,Дебетовая карта,карта,0
user_1922,2024-01-03 19:07:00,43792.16,Кредит,Apple Pay,0
user_1785,2023-07-09 13:31:00,3832.0,Инвестиции,Google Pay,0
user_1400,2023-09-11 20:16:00,1242.46,Дебетовая карта,Google Pay,0
user_1358,2023-08-08 12:11:00,2040.68,Дебетовая карта,Apple Pay,0
user_613,2023-07-01 09:46:00,1131.26,Дебетовая карта,Google Pay,0
user_1048,2023-07-29 14:30:00,7448.22,Кредит,Google Pay,0
user_737,2023-08-25 20:35:00,1187.19,Вклад,Apple Pay,0
user_785,2023-12-27 18:03:00,1989.56,Кредит,карта,0
user_1455,2024-01-01 18:38:00,3695.07,Вклад,Google Pay,0
user_1079,2023-02-01 09:00:00,4018.81,Дебетовая карта,Google Pay,0
user_857,2023-11-15 15:22:00,5681.48,Инвестиции,карта,0
user_500,2023-08-30 14:18:00,1174.8,Дебетовая карта,Apple Pay,0
user_1311,2023-12-13 14:32:00,1834.28,Инвестиции,Apple Pay,0
user_900,2024-02-23 19:40:00,1994.95,Кредит,банковский перевод,0
user_101,2024-02-16 13:22:00,5393.4,Страхование,карта,0
user_1372,2024-02-29 19:09:00,5100.69,Вклад,карта,0
user_671,2023-01-03 11:45:00,2036.62,Кредит,карта,0
user_823,2023-04-17 20:13:00,1551.23,Кредит,криптовалюта,1
user_1978,2023-03-19 09:56:00,3747.42,Страхование,Apple Pay,0
user_1370,2023-05-21 18:32:00,10052.64,Дебетовая карта,карта,0
user_135,2023-03-14 11:05:00,21192.76,Кредит,карта,0
user_1478,2023-02-18 18:39:00,1462.66,Вклад,карта,0
user_584,2023-03-14 14:13:00,1936.38,Кредит,карта,0
user_1508,2023-10-25 10:14:00,2273.47,Дебетовая карта,карта,0
user_700,2023-11-02 18:58:00,2141.48,Кредит,Google Pay,0
user_1139,2024-03-18 17:15:00,1339.86,Дебетовая карта,Google Pay,0
user_1390,2024-01-12 16:57:00,86457.12,Ипотека,карта,0
user_369,2023-12-15 18:32:00,5477.58,Инвестиции,Apple Pay,0
user_272,2024-01-03 12:05:00,4497.48,Дебетовая карта,Google Pay,0
user_1402,2023-04-08 15:38:00,10426.8,Дебетовая карта,карта,0
user_144,2023-08-14 14:11:00,3777.97,Инвестиции,карта,0
user_1639,2024-01-16 11:05:00,3765.38,Страхование,Google Pay,0
user_867,2023-03-11 09:59:00,4755.06,Кредит,Apple Pay,0
user_189,2023-06-18 18:28:00,11152.31,Инвестиции,карта,0
user_1528,2024-02-22 16:14:00,1321.17,Ипотека,Apple Pay,0
user_1792,2023-02-21 11:35:00,1270.11,Дебетовая карта,Google Pay,0
user_135,2023-01-14 18:17:00,573.13,Инвестиции,карта,0
user_1883,2024-02-18 10:53:00,4967.85,Вклад,Apple Pay,0
user_829,2024-02-03 15:28:00,4140.86,Инвестиции,карта,0
user_1337,2024-02-14 18:32:00,6567.47,Дебетовая карта,карта,0
user_533,2023-06-01 09:55:00,1493.88,Дебетовая карта,Google Pay,0
user_223,2024-03-19 19:00:00,3246.43,Дебетовая карта,Apple Pay,0
user_1974,2023-07-15 12:26:00,5256.48,Кредит,криптовалюта,0
user_1308,2023-01-22 15:32:00,652.65,Дебетовая карта,карта,0
user_511,2023-04-23 15:32:00,1296.74,Дебетовая карта,Apple Pay,0
user_713,2023-10-18 11:08:00,4556.52,Кредит,карта,0
user_1516,2023-05-28 09:41:00,2034.02,Инвестиции,криптовалюта,0
user_608,2023-05-01 12:03:00,4672.78,Кредит,Apple Pay,0
user_1376,2023-08-27 09:28:00,4562.36,Инвестиции,криптовалюта,0
user_74,2023-05-01 16:59:00,2350.27,Дебетовая карта,Apple Pay,0
user_1975,2023-09-14 18:11:00,2734.94,Дебетовая карта,карта,0
user_1450,2023-06-14 18:22:00,2217.32,Инвестиции,Apple Pay,0
user_674,2024-02-25 20:44:00,11664.23,Дебетовая карта,криптовалюта,0
user_1134,2023-10-29 13:50:00,1237.84,Дебетовая карта,карта,0
user_348,2024-03-25 19:20:00,2611.87,Кредит,карта,0
user_902,2023-03-19 19:00:00,4994.41,Вклад,Apple Pay,0
user_707,2023-12-29 12:46:00,1364.38,Инвестиции,Apple Pay,0
user_778,2023-09-28 10:54:00,2176.17,Дебетовая карта,карта,0
user_1627,2024-03-01 12:09:00,645.74,Кредит,карта,0
user_824,2024-01-22 14:39:00,2990.74,Ипотека,карта,0
user_13,2024-01-11 16:28:00,3538.98,Вклад,Apple Pay,0
user_907,2023-11-22 09:30:00,3381.21,Дебетовая карта,криптовалюта,0
user_104,2023-10-03 17:13:00,953.2,Страхование,Apple Pay,1
user_955,2023-12-27 12:35:00,1128.72,Дебетовая карта,карта,0
user_1359,2023-11-18 09:57:00,1671.55,Страхование,карта,0
user_196,2023-08-21 09:35:00,3880.32,Дебетовая карта,криптовалюта,0
user_127,2023-04-28 19:09:00,4164.66,Кредит,банковский перевод,0
user_761,2023-01-03 17:02:00,3166.5,Кредит,Google Pay,0
user_965,2023-04-01 13:52:00,4405.86,Инвестиции,Apple Pay,0
user_129,2024-01-01 16:29:00,4293.97,Инвестиции,криптовалюта,0
user_651,2023-11-02 12:53:00,2121.46,Кредит,Apple Pay,0
user_1552,2023-11-12 16:30:00,2495.95,Кредит,карта,0
user_1142,2023-10-15 15:41:00,2814.87,Кредит,карта,0
user_1045,2023-07-14 12:43:00,1452.26,Дебетовая карта,карта,0
user_210,2023-05-20 09:04:00,578.13,Вклад,карта,0
user_1600,2023-01-01 15:40:00,760.92,Вклад,карта,0
user_1185,2023-05-11 09:38:00,36170.25,Кредит,карта,0
user_859,2023-06-03 18:21:00,9242.16,Дебетовая карта,Apple Pay,0
user_1229,2023-10-23 16:17:00,4364.37,Дебетовая карта,Google Pay,0
user_307,2023-12-18 18:49:00,12009.02,Кредит,Apple Pay,0
user_1355,2023-05-25 12:17:00,7316.28,Страхование,Google Pay,0
user_600,2023-03-15 19:58:00,3498.42,Вклад,Google Pay,0
user_83,2024-01-11 09:56:00,4558.09,Страхование,карта,0
user_468,2024-01-06 09:01:00,507.61,Вклад,банковский перевод,1
user_731,2023-04-24 14:21:00,2782.79,Инвестиции,карта,0
user_880,2023-10-19 17:28:00,2316.46,Вклад,Google Pay,0
user_458,2023-06-22 15:06:00,73573.2,Инвестиции,Apple Pay,0
user_1578,2023-01-12 18:09:00,4501.45,Дебетовая карта,Apple Pay,0
user_529,2024-03-23 15:31:00,1484.97,Кредит,криптовалюта,0
user_234,2024-01-12 11:32:00,2189.54,Кредит,Google Pay,0
user_445,2023-08-01 14:55:00,2350.77,Дебетовая карта,карта,0
user_801,2024-03-25 13:23:00,917.83,Страхование,Apple Pay,0
user_90,2023-05-03 13:25:00,1352.11,Вклад,карта,0
user_184,2023-02-03 11:46:00,2141.8,Кредит,карта,0
user_315,2023-11-22 09:53:00,1385.38,Кредит,карта,0
user_783,2023-03-03 10:03:00,2105.68,Дебетовая карта,криптовалюта,0
user_1904,2023-03-12 11:53:00,971.73,Дебетовая карта,карта,0
user_1166,2023-07-19 11:02:00,919.77,Вклад,банковский перевод,0
user_164,2023-04-23 13:26:00,4408.8,Кредит,Google Pay,0
user_138,2023-08-07 11:06:00,2723.29,Дебетовая карта,Google Pay,1
user_207,2023-08-09 09:53:00,943.94,Дебетовая карта,Apple Pay,0
user_134,2023-05-24 16:39:00,2335.18,Ипотека,Google Pay,0
user_1011,2023-01-18 16:37:00,2841.24,Ипотека,карта,0
user_1462,2023-02-27 15:05:00,1611.72,Дебетовая карта,Apple Pay,0
user_869,2023-07-30 11:19:00,631.58,Дебетовая карта,Apple Pay,0
user_815,2024-02-02 19:55:00,738.01,Ипотека,карта,0
user_1190,2024-03-12 15:51:00,714.57,Инвестиции,Apple Pay,0
user_703,2024-02-15 12:07:00,7295.35,Страхование,Google Pay,0
user_1618,2023-06-30 16:07:00,733.11,Вклад,карта,0
user_1373,2023-10-23 12:26:00,4070.23,Страхование,банковский перевод,1
user_1967,2023-06-23 17:19:00,2830.48,Страхование,карта,0
user_170,2023-08-05 16:51:00,7643.41,Инвестиции,Apple Pay,0
user_867,2023-07-28 10:33:00,4705.47,Страхование,криптовалюта,0
user_1720,2023-01-08 16:22:00,2406.66,Вклад,банковский перевод,0
user_1346,2023-10-22 10:29:00,37617.02,Ипотека,Apple Pay,0
user_1551,2023-03-23 15:02:00,717.29,Ипотека,банковский перевод,0
user_937,2023-08-26 14:07:00,2252.17,Дебетовая карта,Apple Pay,0
user_780,2023-12-02 19:33:00,756.33,Ипотека,карта,0
user_1506,2023-08-25 13:16:00,3860.84,Дебетовая карта,Apple Pay,0
user_938,2023-01-06 14:30:00,768.04,Кредит,карта,0
user_815,2023-01-15 12:33:00,2132.0,Кредит,Google Pay,0
user_796,2023-04-19 16:27:00,33979.64,Кредит,карта,0
user_248,2024-02-28 11:02:00,1165.24,Дебетовая карта,карта,0
user_1571,2023-05-27 18:55:00,913.78,Ипотека,карта,0
user_1703,2023-10-14 16:43:00,6934.51,Дебетовая карта,карта,0
user_58,2024-03-26 20:37:00,6504.19,Ипотека,Google Pay,0
user_805,2023-06-10 10:09:00,3275.72,Кредит,карта,0
user_1343,2023-10-30 09:51:00,5220.28,Кредит,криптовалюта,0
user_301,2023-08-06 19:51:00,647.12,Кредит,карта,0
user_606,2023-09-10 14:07:00,2219.09,Дебетовая карта,карта,0
user_1924,2024-03-14 16:24:00,1124.08,Ипотека,карта,0
user_1560,2023-03-07 19:03:00,2160.53,Кредит,Apple Pay,0
user_1755,2023-11-01 11:37:00,2820.73,Дебетовая карта,карта,0
user_1968,2023-02-14 18:26:00,740.05,Инвестиции,криптовалюта,0
user_1363,2023-07-17 20:11:00,770.28,Дебетовая карта,карта,0
user_558,2023-10-28 15:41:00,1699.9,Дебетовая карта,карта,0
user_1907,2023-10-26 18:21:00,1593.45,Дебетовая карта,Apple Pay,0
user_892,2023-04-19 17:34:00,1312.94,Страхование,карта,0
user_1079,2024-02-20 17:14:00,779.62,Дебетовая карта,Apple Pay,1
user_1096,2023-05-19 17:23:00,1040.83,Вклад,карта,0
user_1098,2024-02-25 17:22:00,892.95,Инвестиции,Google Pay,0
user_1103,2024-01-03 17:21:00,542.55,Кредит,карта,0
user_1555,2023-07-13 16:14:00,1091.01,Страхование,Apple Pay,0
user_314,2023-10-30 12:55:00,10290.84,Ипотека,карта,0
user_883,2023-09-18 18:33:00,6857.14,Кредит,криптовалюта,1
user_1167,2023-03-30 17:37:00,1214.16,Кредит,карта,0
user_1115,2023-03-09 20:05:00,48060.54,Вклад,Apple Pay,0
user_1448,2023-06-22 10:45:00,3184.28,Вклад,Apple Pay,0
user_669,2023-07-15 15:53:00,1471.61,Дебетовая карта,карта,0
user_1889,2023-07-19 14:34:00,8717.31,Ипотека,Apple Pay,0
user_30,2024-02-26 14:14:00,12421.92,Кредит,карта,0
user_1451,2023-05-25 15:45:00,965.59,Кредит,карта,0
user_340,2024-01-26 15:28:00,2887.29,Кредит,Apple Pay,0
user_1207,2024-03-01 17:00:00,2071.49,Инвестиции,Apple Pay,0
user_48,2023-10-25 18:46:00,4344.17,Кредит,карта,0
user_467,2023-03-13 15:45:00,556.79,Вклад,Apple Pay,0
user_784,2024-03-01 19:47:00,59448.52,Ипотека,карта,0
user_196,2023-12-23 13:35:00,1323.7,Кредит,криптовалюта,1
user_657,2023-01-16 10:15:00,3377.93,Кредит,Apple Pay,0
user_1269,2024-03-12 11:19:00,1423.56,Инвестиции,карта,0
user_324,2024-01-03 09:10:00,4735.76,Кредит,Google Pay,0
user_1251,2023-01-01 16:44:00,754.74,Дебетовая карта,карта,0
user_936,2024-02-28 18:43:00,1500.41,Вклад,Google Pay,0
user_1679,2024-01-01 20:33:00,1653.44,Страхование,карта,0
user_1276,2023-02-27 16:18:00,3668.09,Кредит,карта,0
user_893,2024-02-17 15:39:00,2215.85,Инвестиции,карта,0
user_1651,2023-08-23 13:54:00,40957.22,Страхование,карта,0
user_345,2024-03-08 19:57:00,4046.61,Кредит,карта,0
user_1135,2023-01-08 16:25:00,5737.65,Кредит,Apple Pay,0
user_450,2023-09-15 14:56:00,7124.85,Страхование,Apple Pay,0
user_902,2024-01-08 18:39:00,804.29,Дебетовая карта,карта,0
user_953,2023-02-24 11:57:00,1718.79,Дебетовая карта,карта,0
user_1197,2023-01-21 17:35:00,4414.55,Кредит,карта,0
user_625,2023-12-03 20:24:00,674.79,Страхование,Apple Pay,0
user_1324,2023-09-27 09:21:00,1711.31,Кредит,Apple Pay,0
user_361,2023-05-04 18:19:00,2613.97,Дебетовая карта,Google Pay,0
user_335,2023-05-19 14:34:00,1077.06,Страхование,карта,0
user_216,2023-11-16 20:27:00,2651.66,Ипотека,Apple Pay,0
user_962,2023-10-05 13:35:00,1609.42,Кредит,карта,0
user_825,2023-04-23 11:46:00,729.95,Вклад,криптовалюта,1
user_1652,2023-11-01 18:43:00,2020.49,Кредит,Apple Pay,0
user_676,2023-06-15 18:13:00,4479.74,Кредит,карта,0
user_1162,2023-01-03 11:41:00,803.31,Кредит,Apple Pay,0
user_1931,2023-10-29 17:46:00,1034.14,Инвестиции,криптовалюта,0
user_1232,2023-04-10 18:28:00,74957.89,Дебетовая карта,карта,0
user_1713,2024-02-01 09:45:00,2035.86,Инвестиции,карта,0
user_1020,2023-11-10 14:52:00,1567.49,Кредит,карта,0
user_367,2023-05-02 13:22:00,4440.95,Вклад,карта,0
user_899,2023-08-07 12:40:00,1754.54,Дебетовая карта,карта,0
user_1507,2023-02-15 09:08:00,9517.4,Вклад,карта,0
user_232,2023-07-22 09:38:00,7231.12,Ипотека,карта,0
user_961,2023-03-31 18:50:00,2279.1,Ипотека,Google Pay,0
user_1036,2024-01-23 15:31:00,1745.23,Инвестиции,банковский перевод,0
user_1853,2023-06-27 10:14:00,2724.08,Кредит,карта,0
user_1955,2023-04-24 16:01:00,2775.63,Страхование,Google Pay,0
user_1217,2024-03-18 10:20:00,1528.56,Ипотека,карта,0
user_424,2023-06-01 19:37:00,2163.92,Дебетовая карта,карта,0
user_408,2024-03-03 19:47:00,9378.99,Дебетовая карта,Apple Pay,0
user_1198,2023-03-09 16:35:00,584.25,Дебетовая карта,карта,0
user_392,2023-05-18 09:02:00,4171.47,Вклад,карта,0
user_1348,2023-06-25 17:10:00,844.26,Кредит,карта,0
user_1935,2024-03-10 12:41:00,4669.53,Кредит,Apple Pay,0
user_375,2023-01-23 09:30:00,5834.13,Кредит,карта,0
user_1837,2023-03-05 16:23:00,4243.73,Вклад,карта,0
user_78,2023-04-16 20:23:00,2015.14,Кредит,карта,1
user_966,2023-02-08 10:19:00,3147.57,Ипотека,Apple Pay,0
user_772,2023-08-15 15:26:00,1153.88,Вклад,криптовалюта,0
user_1128,2023-02-20 12:07:00,1956.37,Кредит,карта,0
user_968,2023-08-23 09:46:00,4164.4,Страхование,Apple Pay,0
user_1095,2023-08-17 12:17:00,7096.5,Кредит,Apple Pay,0
user_242,2023-01-18 09:39:00,4137.1,Страхование,карта,0
user_1527,2023-08-17 10:43:00,1578.06,Инвестиции,Google Pay,0
user_1888,2024-03-16 17:53:00,1323.39,Дебетовая карта,карта,0
user_949,2023-11-08 20:33:00,5494.8,Кредит,карта,0
user_1714,2024-01-06 18:19:00,547.85,Дебетовая карта,карта,0
user_246,2023-01-29 14:11:00,4303.87,Вклад,криптовалюта,0
user_1465,2024-02-01 17:53:00,15103.64,Дебетовая карта,карта,0
user_649,2023-06-02 15:14:00,15708.5,Страхование,Google Pay,0
user_1340,2023-08-06 09:21:00,1473.18,Кредит,карта,0
user_1137,2024-01-31 16:50:00,49457.62,Инвестиции,карта,0
user_89,2023-12-15 09:28:00,1513.22,Дебетовая карта,Apple Pay,0
user_703,2023-05-19 10:12:00,802.12,Вклад,Google Pay,0
user_870,2023-01-05 11:40:00,741.66,Кредит,карта,0
user_1628,2023-04-28 17:17:00,1248.67,Кредит,Apple Pay,1
user_220,2023-01-25 17:09:00,1262.94,Дебетовая карта,криптовалюта,0
user_1896,2024-03-17 14:02:00,1137.23,Страхование,криптовалюта,0
user_97,2023-04-19 12:29:00,501.34,Ипотека,банковский перевод,0
user_484,2023-10-31 12:18:00,3355.92,Кредит,криптовалюта,0
user_285,2024-02-27 11:43:00,1838.63,Ипотека,карта,0
user_1779,2023-03-18 12:35:00,1367.3,Дебетовая карта,карта,0
user_1135,2023-02-14 10:51:00,736.07,Ипотека,карта,0
user_1432,2023-02-13 10:44:00,3042.28,Кредит,карта,0
user_1377,2023-08-03 13:49:00,1293.3,Дебетовая карта,криптовалюта,0
user_1174,2024-02-12 10:29:00,1660.32,Страхование,карта,0
user_600,2024-02-25 10:24:00,5504.06,Дебетовая карта,карта,0
user_261,2023-03-29 10:52:00,1530.65,Ипотека,криптовалюта,1
user_872,2023-10-23 10:20:00,703.57,Ипотека,карта,0
user_822,2023-05-24 20:18:00,2052.16,Дебетовая карта,карта,0
user_874,2023-02-20 20:03:00,1951.47,Кредит,карта,0
user_1991,2024-03-19 12:41:00,1288.61,Кредит,Google Pay,0
user_257,2023-09-05 11:32:00,524.79,Кредит,карта,0
user_1297,2023-03-23 15:03:00,2317.57,Вклад,карта,0
user_313,2023-04-17 09:37:00,6815.14,Кредит,карта,0
user_1184,2024-03-04 09:36:00,1078.16,Дебетовая карта,Apple Pay,0
user_1353,2023-08-18 11:41:00,549.97,Кредит,Apple Pay,0
user_72,2023-12-22 20:04:00,3829.89,Инвестиции,карта,0
user_922,2023-03-23 15:46:00,98300.97,Кредит,Apple Pay,0
user_642,2023-03-31 13:26:00,2173.83,Вклад,карта,0
user_976,2023-10-28 11:17:00,5886.83,Вклад,карта,1
user_977,2023-03-04 11:55:00,2346.71,Дебетовая карта,карта,0
user_945,2023-12-08 20:56:00,2404.93,Страхование,карта,0
user_1284,2023-08-13 11:47:00,1443.81,Кредит,карта,0
user_402,2024-03-24 11:45:00,1378.28,Страхование,Google Pay,0
user_1715,2023-06-30 20:13:00,1772.0,Кредит,карта,0
user_1683,2023-10-26 10:55:00,1941.1,Кредит,Apple Pay,0
user_917,2023-07-12 14:44:00,1372.25,Ипотека,Google Pay,0
user_1817,2023-04-15 17:06:00,3616.33,Кредит,Apple Pay,0
user_549,2023-07-21 13:26:00,4089.8,Кредит,криптовалюта,0
user_412,2023-09-20 16:12:00,686.24,Кредит,карта,0
user_563,2024-02-29 16:09:00,1630.63,Вклад,Apple Pay,0
user_1562,2023-03-12 13:58:00,2222.9,Страхование,Apple Pay,0
user_276,2024-02-17 11:32:00,2144.11,Кредит,карта,0
user_610,2023-05-30 18:44:00,5311.21,Дебетовая карта,карта,0
user_292,2023-07-30 13:55:00,1585.66,Инвестиции,Apple Pay,0
user_889,2023-07-10 19:01:00,4493.56,Страхование,карта,0
user_611,2023-07-22 15:00:00,981.25,Инвестиции,Apple Pay,0
user_1635,2023-01-29 15:44:00,15133.16,Кредит,Apple Pay,0
user_1534,2023-04-03 19:14:00,1899.0,Кредит,карта,0
user_1770,2023-01-24 14:06:00,7291.52,Дебетовая карта,карта,0
user_827,2023-07-24 09:51:00,6444.87,Дебетовая карта,криптовалюта,0
user_1063,2023-10-19 09:55:00,909.25,Страхование,банковский перевод,0
user_1720,2023-05-15 15:37:00,5511.59,Ипотека,карта,0
user_1426,2023-07-03 16:09:00,4045.97,Страхование,карта,0
user_1899,2023-05-25 17:10:00,69782.36,Дебетовая карта,карта,0
user_1962,2023-05-24 12:07:00,5193.62,Вклад,Apple Pay,0
user_151,2024-02-11 20:15:00,4473.88,Кредит,карта,0
user_471,2024-01-24 14:14:00,12264.79,Дебетовая карта,карта,1
user_1422,2024-03-04 10:07:00,559.22,Кредит,карта,0
user_197,2023-07-06 19:17:00,4623.25,Страхование,карта,0
user_171,2023-12-05 19:29:00,916.37,Страхование,карта,0
user_276,2023-02-27 20:48:00,540.65,Ипотека,карта,0
user_144,2023-02-03 15:51:00,5784.01,Дебетовая карта,карта,0
user_1332,2023-09-16 11:56:00,5125.86,Кредит,карта,0
user_552,2023-06-11 09:07:00,59292.83,Кредит,карта,0
user_1886,2023-07-28 14:37:00,1866.29,Ипотека,банковский перевод,0
user_204,2023-03-18 10:15:00,10431.56,Кредит,карта,0
user_913,2023-01-26 09:38:00,3692.71,Дебетовая карта,криптовалюта,0
user_1326,2023-05-19 10:09:00,1965.3,Кредит,Google Pay,0
user_721,2023-12-30 17:02:00,5896.79,Инвестиции,Google Pay,0
user_1433,2023-10-18 16:39:00,3934.56,Дебетовая карта,карта,0
user_1681,2023-12-25 17:42:00,6219.25,Дебетовая карта,криптовалюта,0
user_1279,2023-02-16 20:12:00,83909.68,Страхование,карта,0
user_1214,2023-12-11 17:29:00,834.73,Вклад,карта,0
user_1151,2023-08-08 19:37:00,5318.8,Вклад,карта,0
user_1988,2023-04-28 09:08:00,10102.55,Кредит,карта,0
user_1563,2023-06-25 16:26:00,687.46,Кредит,карта,0
user_121,2023-12-13 17:42:00,626.36,Кредит,Google Pay,1
user_1546,2024-02-19 09:34:00,3331.73,Ипотека,Apple Pay,0
user_330,2023-06-05 18:48:00,976.58,Кредит,криптовалюта,0
user_1741,2023-10-20 17:54:00,1295.89,Дебетовая карта,Apple Pay,0
user_649,2023-09-11 18:06:00,7848.6,Кредит,карта,0
user_1387,2023-04-23 19:13:00,1152.07,Дебетовая карта,Apple Pay,0
user_1478,2023-01-05 19:21:00,1266.44,Кредит,карта,0
user_712,2023-09-29 18:26:00,2660.08,Инвестиции,криптовалюта,0
user_1927,2023-01-10 17:39:00,3085.59,Инвестиции,Apple Pay,0
user_1050,2023-05-09 16:48:00,5465.3,Дебетовая карта,карта,0
user_846,2024-03-22 15:03:00,551.52,Инвестиции,Apple Pay,0
user_982,2024-02-01 14:38:00,991.33,Кредит,Google Pay,0
user_616,2024-02-08 12:00:00,512.84,Дебетовая карта,криптовалюта,0
user_216,2024-03-15 10:24:00,504.73,Кредит,Apple Pay,0
user_1964,2023-12-26 18:09:00,568.3,Дебетовая карта,Apple Pay,0
user_1624,2023-04-27 17:25:00,1612.56,Дебетовая карта,карта,0
user_1629,2023-08-18 17:51:00,1096.16,Вклад,карта,0
user_1826,2023-11-13 11:56:00,4505.73,Инвестиции,карта,0
user_1225,2023-09-14 18:36:00,2100.76,Ипотека,Apple Pay,1
user_1969,2023-05-28 16:51:00,1056.4,Кредит,криптовалюта,0
user_1971,2024-01-11 20:03:00,4216.57,Вклад,Apple Pay,0
user_496,2024-03-10 12:54:00,5202.94,Инвестиции,банковский перевод,0
user_882,2023-08-28 17:46:00,1724.84,Дебетовая карта,Apple Pay,0
user_192,2023-12-29 12:38:00,2698.12,Вклад,Apple Pay,0
user_1405,2023-09-14 12:02:00,4618.38,Вклад,карта,0
user_223,2024-01-07 14:13:00,4000.84,Кредит,Apple Pay,0
user_1527,2023-06-03 14:59:00,11542.41,Вклад,карта,0
user_1609,2023-06-06 10:10:00,3437.14,Дебетовая карта,Apple Pay,0
user_823,2024-02-23 18:00:00,3545.24,Дебетовая карта,Apple Pay,0
user_1264,2023-08-03 12:31:00,1647.47,Ипотека,Apple Pay,0
user_1899,2023-10-01 15:29:00,5896.39,Кредит,криптовалюта,0
user_1513,2023-11-10 17:10:00,4626.43,Ипотека,карта,0
user_882,2023-11-09 15:24:00,2317.65,Вклад,карта,0
user_1811,2023-04-29 15:58:00,1510.63,Кредит,Apple Pay,0
user_81,2023-08-01 09:14:00,2680.15,Кредит,карта,0
user_453,2024-02-27 18:03:00,41437.05,Страхование,карта,0
user_656,2024-01-02 10:18:00,786.04,Кредит,карта,0
user_729,2024-02-17 16:38:00,3524.15,Кредит,Google Pay,0
user_1345,2023-04-08 12:05:00,1765.92,Дебетовая карта,карта,0
user_1585,2023-09-25 14:09:00,4132.6,Ипотека,банковский перевод,0
user_107,2023-05-13 09:03:00,7149.49,Дебетовая карта,карта,0
user_519,2023-01-23 12:16:00,5905.07,Дебетовая карта,Google Pay,0
user_1636,2023-03-27 11:56:00,729.12,Страхование,Google Pay,0
user_1013,2023-07-03 15:52:00,1195.85,Вклад,карта,0
user_621,2024-03-29 13:46:00,2414.71,Кредит,карта,0
user_887,2023-07-01 12:07:00,1316.13,Дебетовая карта,Apple Pay,0
user_1212,2023-06-08 20:10:00,575.82,Дебетовая карта,карта,0
user_1191,2023-03-08 12:20:00,1574.84,Кредит,карта,0
user_1659,2023-06-23 20:55:00,2218.19,Кредит,Google Pay,0
user_1977,2023-07-26 19:20:00,2543.59,Вклад,Apple Pay,0
user_1616,2023-06-29 17:52:00,5793.05,Кредит,банковский перевод,0
user_208,2023-01-16 16:19:00,1998.28,Страхование,карта,0
user_844,2023-06-27 15:30:00,1217.53,Дебетовая карта,карта,0
user_970,2024-03-26 14:58:00,4610.41,Кредит,Apple Pay,0
user_1259,2023-11-06 16:32:00,611.05,Ипотека,Apple Pay,0
user_1918,2023-06-04 16:33:00,992.32,Инвестиции,карта,0
user_894,2023-02-18 20:53:00,5440.23,Вклад,карта,0
user_696,2023-10-31 17:08:00,714.44,Страхование,карта,0
user_1800,2023-09-29 20:07:00,3282.3,Вклад,карта,0
user_1482,2024-02-15 13:13:00,2713.05,Кредит,карта,0
user_918,2024-02-15 16:48:00,7462.51,Вклад,карта,0
user_1859,2024-02-04 09:13:00,887.95,Кредит,карта,0
user_606,2023-04-18 20:31:00,4614.13,Ипотека,Apple Pay,0
user_482,2023-03-23 17:21:00,1785.59,Дебетовая карта,карта,0
user_43,2023-09-20 20:16:00,1284.64,Страхование,Apple Pay,0
user_163,2024-03-06 17:01:00,5019.99,Кредит,криптовалюта,0
user_1730,2023-06-29 19:51:00,2372.92,Дебетовая карта,карта,0
user_152,2023-11-12 17:52:00,84051.93,Кредит,карта,0
user_1530,2023-03-06 14:21:00,2237.51,Дебетовая карта,карта,0
user_146,2024-03-22 18:44:00,3466.74,Вклад,карта,0
user_461,2023-02-13 18:50:00,10671.77,Вклад,карта,0
user_702,2023-07-14 19:23:00,883.65,Дебетовая карта,криптовалюта,0
user_430,2023-10-25 11:30:00,3003.4,Кредит,карта,0
user_253,2023-01-27 10:54:00,2894.35,Вклад,карта,0
user_1978,2023-11-16 16:24:00,1362.38,Кредит,карта,0
user_811,2023-09-11 17:20:00,4964.49,Инвестиции,карта,0
user_847,2023-05-28 17:32:00,1447.1,Вклад,карта,0
user_1509,2023-07-05 14:48:00,993.92,Страхование,Google Pay,0
user_1828,2023-08-24 09:49:00,4870.38,Ипотека,карта,0
user_597,2023-04-23 09:17:00,8562.42,Дебетовая карта,Apple Pay,0
user_907,2023-02-24 09:41:00,1013.63,Дебетовая карта,карта,0
user_959,2023-10-29 12:42:00,576.94,Вклад,Google Pay,0
user_522,2023-01-18 13:34:00,4797.6,Вклад,банковский перевод,0
user_255,2023-12-28 12:57:00,1024.49,Вклад,карта,0
user_1843,2023-06-19 17:10:00,1495.09,Ипотека,карта,0
user_1397,2023-11-03 15:26:00,2652.68,Дебетовая карта,Apple Pay,0
user_1359,2023-04-26 15:24:00,4009.87,Инвестиции,карта,0
user_636,2023-05-12 15:14:00,1864.66,Вклад,карта,0
user_1321,2023-10-25 09:14:00,824.6,Страхование,карта,0
user_271,2023-08-07 10:13:00,1255.6,Дебетовая карта,карта,0
user_237,2023-07-13 14:20:00,4323.06,Дебетовая карта,карта,0
user_1910,2024-01-05 15:22:00,712.17,Ипотека,Apple Pay,1
user_458,2023-08-22 12:03:00,2819.92,Инвестиции,карта,0
user_1540,2023-07-23 13:29:00,2008.32,Дебетовая карта,Apple Pay,1
user_557,2023-08-23 12:27:00,2337.71,Дебетовая карта,карта,0
user_1305,2023-09-30 11:01:00,2792.94,Кредит,карта,0
user_1225,2023-03-26 14:41:00,4985.0,Кредит,карта,0
user_1446,2023-10-23 18:27:00,2782.75,Кредит,Apple Pay,0
user_1908,2024-02-04 20:01:00,4305.89,Ипотека,карта,0
user_851,2023-03-12 13:27:00,561.66,Кредит,Google Pay,0
user_1732,2023-04-04 12:02:00,3262.78,Дебетовая карта,Apple Pay,0
user_597,2024-02-15 18:10:00,1719.57,Вклад,карта,0
user_1928,2023-07-02 15:26:00,3405.64,Вклад,карта,0
user_1000,2023-07-13 15:55:00,1317.25,Страхование,криптовалюта,0
user_1689,2023-08-28 15:15:00,3717.78,Дебетовая карта,карта,0
user_1651,2023-07-31 17:35:00,7186.73,Дебетовая карта,Apple Pay,0
user_1270,2023-08-10 17:13:00,1922.07,Дебетовая карта,Apple Pay,0
user_1928,2023-01-15 12:14:00,84304.86,Вклад,Apple Pay,0
user_1351,2024-02-20 11:54:00,922.44,Ипотека,Apple Pay,0
user_1211,2023-07-09 17:34:00,2815.83,Вклад,карта,0
user_507,2023-01-03 19:28:00,1509.33,Страхование,Apple Pay,0
user_753,2023-09-15 12:10:00,1537.03,Ипотека,Google Pay,0
user_13,2023-01-18 15:18:00,857.12,Кредит,Google Pay,0
user_1437,2023-07-15 20:38:00,4319.76,Кредит,карта,0
user_1214,2023-12-02 16:10:00,2637.2,Кредит,Google Pay,0
user_1395,2023-10-28 19:59:00,6699.75,Ипотека,Apple Pay,0
user_1258,2023-01-22 09:58:00,3710.99,Дебетовая карта,карта,0
user_495,2023-12-13 09:51:00,1503.93,Вклад,карта,0
user_2000,2024-03-04 11:12:00,52010.27,Дебетовая карта,Apple Pay,0
user_872,2023-12-11 12:06:00,3282.79,Страхование,Google Pay,0
user_1400,2023-11-13 15:16:00,4047.69,Дебетовая карта,Apple Pay,0
user_269,2023-05-27 14:13:00,3542.16,Кредит,Google Pay,0
user_1194,2023-01-24 16:17:00,3920.2,Дебетовая карта,Google Pay,0
user_805,2023-07-03 12:09:00,2476.23,Дебетовая карта,криптовалюта,0
user_1856,2023-09-05 16:30:00,2968.7,Дебетовая карта,криптовалюта,0
user_1526,2023-08-19 17:02:00,665.6,Кредит,карта,0
user_1870,2023-12-19 18:09:00,1949.78,Кредит,карта,0
user_628,2024-03-24 14:20:00,3195.16,Кредит,карта,0
user_1321,2023-05-15 20:32:00,717.73,Ипотека,Apple Pay,0
user_1267,2024-03-29 17:27:00,4085.98,Кредит,Apple Pay,0
user_503,2023-01-14 20:13:00,5799.81,Дебетовая карта,банковский перевод,0
user_656,2023-12-22 10:50:00,1878.17,Кредит,Apple Pay,0
user_1350,2023-01-13 10:17:00,3279.88,Кредит,Apple Pay,0
user_295,2023-12-22 20:14:00,1009.68,Вклад,криптовалюта,0
user_801,2023-09-20 17:53:00,3989.23,Ипотека,Google Pay,0
user_1483,2023-04-18 10:47:00,2941.16,Дебетовая карта,карта,0
user_1683,2023-01-16 19:24:00,1780.93,Страхование,карта,0
user_1179,2023-08-17 14:25:00,1417.58,Страхование,банковский перевод,0
user_1339,2023-01-06 10:21:00,973.94,Вклад,Google Pay,0
user_1651,2023-04-18 18:59:00,584.83,Инвестиции,карта,0
user_463,2023-04-04 17:30:00,2739.49,Кредит,карта,0
user_1358,2023-12-16 18:48:00,1460.84,Кредит,Google Pay,0
user_1472,2024-03-13 16:55:00,4580.01,Дебетовая карта,Google Pay,0
user_1635,2023-07-20 09:20:00,2753.35,Дебетовая карта,Google Pay,0
user_1217,2023-11-12 09:49:00,539.41,Дебетовая карта,карта,0
user_310,2024-01-04 11:51:00,2111.71,Ипотека,Google Pay,0
user_101,2023-12-19 13:55:00,4253.22,Кредит,банковский перевод,0
user_1230,2023-08-23 14:34:00,1348.04,Ипотека,Apple Pay,0
user_554,2024-03-24 16:30:00,2007.85,Дебетовая карта,Apple Pay,0
user_735,2023-10-23 17:11:00,615.41,Инвестиции,карта,0
user_924,2023-08-30 17:11:00,5539.88,Дебетовая карта,карта,0
user_1494,2023-12-09 09:01:00,1782.26,Дебетовая карта,карта,0
user_709,2023-06-28 16:07:00,1208.88,Вклад,карта,0
user_1161,2023-07-09 11:53:00,4063.05,Дебетовая карта,карта,0
user_996,2023-11-30 20:22:00,907.45,Инвестиции,Apple Pay,0
user_109,2023-09-23 13:23:00,1190.57,Дебетовая карта,карта,0
user_1383,2023-09-07 20:52:00,728.03,Кредит,банковский перевод,0
user_1068,2023-05-03 12:29:00,10200.51,Страхование,криптовалюта,0
user_442,2023-12-12 13:03:00,1104.24,Дебетовая карта,карта,0
user_1489,2023-03-11 13:53:00,1382.18,Вклад,криптовалюта,0
user_200,2023-11-12 12:35:00,4890.92,Дебетовая карта,карта,1
user_526,2023-12-28 12:45:00,3768.98,Вклад,криптовалюта,0
user_479,2023-10-21 17:07:00,6511.87,Страхование,Apple Pay,0
user_1310,2023-02-19 14:24:00,3064.23,Ипотека,карта,0
user_1980,2023-05-20 20:14:00,2421.77,Дебетовая карта,Google Pay,0
user_1682,2023-06-16 09:01:00,1679.85,Кредит,Apple Pay,0
user_277,2023-05-29 17:35:00,3070.2,Дебетовая карта,Google Pay,0
user_131,2023-11-09 18:34:00,629.71,Вклад,Google Pay,0
user_1579,2023-07-23 13:02:00,17305.02,Дебетовая карта,Google Pay,0
user_1157,2023-05-27 14:13:00,963.25,Инвестиции,Apple Pay,0
user_718,2023-03-06 16:28:00,3205.07,Ипотека,криптовалюта,0
user_1776,2024-03-29 18:47:00,2308.84,Ипотека,Google Pay,0
user_357,2023-08-15 16:53:00,10667.86,Кредит,Google Pay,0
user_253,2023-09-17 12:42:00,2445.05,Кредит,карта,0
user_1000,2023-02-24 15:51:00,2774.29,Кредит,банковский перевод,0
user_539,2024-01-21 18:34:00,2862.37,Ипотека,криптовалюта,0
user_465,2023-06-08 11:29:00,5048.56,Страхование,Apple Pay,0
user_1252,2023-09-14 12:14:00,10431.1,Кредит,криптовалюта,0
user_610,2023-12-16 15:29:00,2019.2,Дебетовая карта,Apple Pay,0
user_1171,2024-01-02 20:43:00,542.68,Ипотека,Apple Pay,0
user_1134,2023-12-22 12:51:00,4945.88,Кредит,Google Pay,0
user_1587,2023-11-28 15:07:00,3013.37,Вклад,карта,0
user_1952,2023-08-26 16:11:00,5421.88,Вклад,Google Pay,0
user_1259,2023-05-24 18:37:00,4141.42,Кредит,Google Pay,0
user_574,2023-04-19 19:50:00,1852.83,Дебетовая карта,криптовалюта,0
user_1152,2023-03-02 09:41:00,3866.4,Ипотека,Apple Pay,0
user_965,2023-02-03 17:32:00,1174.48,Кредит,карта,0
user_904,2023-12-11 09:58:00,7122.98,Вклад,Google Pay,0
user_690,2023-02-12 14:48:00,9190.25,Инвестиции,карта,0
user_157,2023-03-04 17:41:00,1113.29,Дебетовая карта,Apple Pay,0
user_494,2024-02-04 15:18:00,7672.17,Кредит,Google Pay,0
user_1183,2024-01-05 10:47:00,6893.99,Страхование,криптовалюта,0
user_142,2023-03-17 17:02:00,581.23,Дебетовая карта,карта,0
user_314,2023-06-30 19:28:00,3179.38,Дебетовая карта,Google Pay,0
user_1141,2023-01-13 19:35:00,4812.43,Кредит,Apple Pay,0
user_1992,2023-07-18 19:35:00,5880.12,Ипотека,Apple Pay,0
user_334,2023-09-30 17:10:00,7891.14,Страхование,Apple Pay,0
user_158,2023-02-22 16:46:00,10349.64,Кредит,карта,0
user_700,2024-03-13 09:04:00,1769.44,Кредит,Google Pay,0
user_152,2024-03-22 11:34:00,2511.99,Инвестиции,карта,0
user_1793,2023-08-03 11:46:00,532.43,Инвестиции,банковский перевод,1
user_1575,2023-12-23 12:50:00,34826.61,Дебетовая карта,карта,0
user_234,2023-10-03 11:16:00,1166.11,Страхование,банковский перевод,0
user_203,2023-01-19 15:31:00,2295.7,Кредит,карта,0
user_1082,2023-03-23 16:18:00,4862.74,Кредит,карта,0
user_811,2023-03-18 11:33:00,682.88,Ипотека,Apple Pay,0
user_1387,2024-02-26 15:37:00,3408.44,Дебетовая карта,карта,0
user_1855,2024-01-28 16:48:00,10608.04,Кредит,Google Pay,0
user_669,2023-09-02 10:39:00,13757.44,Дебетовая карта,Apple Pay,0
user_1576,2023-11-18 14:30:00,5007.32,Дебетовая карта,карта,0
user_666,2023-02-12 14:55:00,1432.92,Ипотека,Google Pay,0
user_466,2023-03-15 16:44:00,3924.1,Кредит,карта,0
user_1942,2023-11-22 19:11:00,1502.32,Страхование,Apple Pay,0
user_503,2023-04-04 13:01:00,2743.75,Страхование,Google Pay,0
user_287,2023-01-03 16:17:00,3760.52,Страхование,Apple Pay,0
user_1185,2024-03-22 19:40:00,2075.83,Страхование,карта,0
user_1192,2024-01-09 12:42:00,2552.25,Страхование,Google Pay,0
user_973,2024-02-02 10:32:00,6663.15,Дебетовая карта,карта,0
user_175,2024-03-26 15:48:00,4372.06,Кредит,карта,0
user_234,2023-01-27 13:03:00,7985.06,Ипотека,карта,0
user_1516,2023-11-23 15:11:00,927.94,Кредит,карта,0
user_318,2024-01-03 15:45:00,6728.09,Дебетовая карта,криптовалюта,0
user_552,2023-11-21 20:13:00,1159.74,Кредит,Apple Pay,0
user_1606,2023-08-17 10:37:00,577.19,Дебетовая карта,карта,0
user_677,2023-06-15 16:04:00,4787.09,Дебетовая карта,Google Pay,0
user_690,2023-06-22 14:00:00,1485.16,Дебетовая карта,Apple Pay,0
user_1833,2023-03-02 19:29:00,1029.75,Дебетовая карта,Apple Pay,0
user_1599,2023-01-31 10:57:00,1808.78,Вклад,Google Pay,0
user_1417,2023-03-19 19:14:00,1371.3,Ипотека,Google Pay,0
user_380,2023-02-17 19:07:00,7600.45,Дебетовая карта,Apple Pay,0
user_570,2024-01-07 17:59:00,848.01,Ипотека,Google Pay,0
user_1199,2023-09-05 20:38:00,761.62,Кредит,карта,0
user_1678,2023-01-09 12:00:00,1785.07,Дебетовая карта,Apple Pay,0
user_1011,2024-02-07 13:32:00,1286.41,Кредит,карта,0
user_1488,2024-01-01 15:55:00,1631.82,Вклад,карта,0
user_653,2024-03-26 11:46:00,925.83,Ипотека,карта,0
user_732,2023-03-28 17:32:00,5273.32,Кредит,карта,0
user_1218,2024-01-30 11:59:00,2436.54,Страхование,карта,0
user_1134,2023-08-19 18:48:00,874.01,Страхование,банковский перевод,0
user_250,2024-01-02 11:11:00,3914.89,Кредит,карта,0
user_778,2023-02-11 19:36:00,1944.52,Дебетовая карта,Google Pay,0
user_1713,2024-02-05 13:35:00,4286.03,Кредит,Google Pay,0
user_1067,2023-01-26 16:54:00,1250.77,Дебетовая карта,карта,0
user_1487,2023-10-11 19:32:00,2727.48,Инвестиции,карта,0
user_1654,2023-07-18 11:14:00,580.1,Кредит,Apple Pay,0
user_574,2023-10-27 13:22:00,14969.01,Ипотека,карта,0
user_470,2023-09-12 15:48:00,3398.72,Страхование,Google Pay,0
user_1161,2024-02-15 10:06:00,14024.13,Кредит,карта,0
user_960,2024-01-11 20:32:00,2633.71,Дебетовая карта,карта,0
user_1805,2023-09-16 17:56:00,507.31,Вклад,Apple Pay,0
user_366,2023-06-12 11:49:00,5095.77,Вклад,карта,0
user_845,2023-01-25 10:37:00,4658.77,Вклад,карта,0
user_98,2023-05-24 15:29:00,970.54,Дебетовая карта,карта,0
user_727,2023-12-01 11:36:00,2032.4,Ипотека,карта,0
user_1175,2023-12-07 15:18:00,2696.93,Кредит,Google Pay,0
user_1598,2024-02-15 10:19:00,5493.7,Вклад,Apple Pay,0
user_1689,2023-09-08 12:39:00,5515.58,Кредит,криптовалюта,0
user_3,2024-01-01 15:21:00,1817.61,Вклад,Google Pay,0
user_1745,2023-10-02 15:48:00,640.39,Кредит,криптовалюта,1
user_1373,2023-10-07 09:17:00,2035.91,Кредит,карта,0
user_404,2023-06-15 13:51:00,1969.36,Кредит,Apple Pay,0
user_432,2023-01-19 17:16:00,1530.38,Ипотека,Google Pay,0
user_1554,2023-09-08 12:04:00,90022.68,Кредит,Google Pay,0
user_1389,2023-01-08 13:49:00,9196.98,Дебетовая карта,Google Pay,1
user_413,2023-06-08 19:54:00,4321.46,Дебетовая карта,карта,0
user_876,2023-03-22 19:36:00,527.29,Кредит,карта,0
user_1718,2023-09-11 14:57:00,508.38,Ипотека,карта,0
user_41,2023-02-28 09:01:00,6743.88,Кредит,карта,0
user_1023,2024-02-07 16:30:00,6512.32,Ипотека,карта,0
user_1749,2023-02-06 10:53:00,999.27,Кредит,карта,0
user_8,2024-02-02 18:52:00,562.95,Дебетовая карта,карта,0
user_1094,2023-11-26 18:50:00,6629.22,Страхование,карта,1
user_1118,2023-07-25 10:07:00,6996.14,Кредит,Google Pay,0
user_628,2023-10-13 11:12:00,2286.73,Инвестиции,Google Pay,0
user_1079,2024-02-06 15:28:00,1511.89,Дебетовая карта,карта,0
user_1407,2023-06-13 12:07:00,6907.59,Дебетовая карта,Google Pay,0
user_568,2024-03-02 17:51:00,582.03,Кредит,криптовалюта,0
user_992,2023-05-18 10:07:00,3613.08,Кредит,карта,0
user_1074,2024-03-20 19:55:00,1721.11,Страхование,Google Pay,0
user_70,2023-03-03 14:12:00,1024.82,Кредит,карта,0
user_426,2023-09-23 09:23:00,2572.65,Дебетовая карта,карта,0
user_1301,2023-08-24 12:49:00,84599.6,Дебетовая карта,карта,0
user_979,2023-02-03 19:00:00,1435.53,Кредит,Apple Pay,0
user_1940,2023-12-05 16:28:00,5422.65,Дебетовая карта,карта,0
user_1701,2023-01-22 19:54:00,4804.92,Кредит,карта,0
user_444,2023-12-16 20:53:00,2947.51,Кредит,Apple Pay,0
user_1995,2024-01-11 11:49:00,932.87,Вклад,криптовалюта,0
user_1726,2023-10-01 09:01:00,3332.34,Вклад,Google Pay,0
user_842,2023-04-27 15:58:00,2096.75,Ипотека,карта,0
user_1242,2024-02-03 20:44:00,2089.36,Дебетовая карта,криптовалюта,0
user_560,2023-02-28 18:23:00,2352.13,Дебетовая карта,карта,0
user_156,2023-05-25 15:23:00,2157.4,Кредит,криптовалюта,1
user_475,2023-10-14 20:19:00,1073.98,Страхование,карта,0
user_1460,2023-05-02 20:05:00,699.02,Дебетовая карта,криптовалюта,0
user_1142,2024-01-19 13:57:00,1422.19,Страхование,карта,0
user_883,2023-12-16 10:31:00,1606.87,Кредит,карта,0
user_962,2023-05-01 09:36:00,1211.36,Вклад,Google Pay,0
user_1588,2023-10-30 18:44:00,597.62,Страхование,Apple Pay,0
user_1393,2023-10-04 16:36:00,2939.03,Дебетовая карта,Apple Pay,0
user_1272,2023-03-19 16:11:00,2722.68,Дебетовая карта,Apple Pay,0
user_1003,2023-09-20 13:50:00,627.17,Кредит,Apple Pay,0
user_6,2023-06-12 09:06:00,3198.2,Кредит,карта,0
user_668,2023-04-04 19:45:00,3558.51,Кредит,карта,0
user_253,2024-02-25 17:08:00,27956.71,Дебетовая карта,Apple Pay,0
user_1549,2023-01-22 15:32:00,921.09,Кредит,карта,0
user_705,2023-07-15 16:24:00,3119.97,Инвестиции,карта,0
user_490,2023-04-18 15:23:00,3062.65,Страхование,карта,0
user_964,2023-07-26 18:27:00,918.41,Инвестиции,Apple Pay,0
user_960,2024-03-03 10:39:00,1795.64,Ипотека,карта,0
user_1865,2023-11-20 10:34:00,3222.96,Вклад,карта,0
user_358,2023-11-23 09:49:00,4501.94,Страхование,карта,0
user_1644,2023-06-20 16:13:00,1712.97,Дебетовая карта,Google Pay,0
user_432,2023-03-05 13:09:00,3625.54,Страхование,карта,0
user_1604,2023-02-24 15:36:00,6151.29,Дебетовая карта,карта,0
user_1077,2024-02-26 15:32:00,1457.91,Страхование,Apple Pay,0
user_1080,2023-09-27 20:21:00,1906.52,Кредит,карта,0
user_1410,2023-11-09 17:10:00,2193.03,Вклад,банковский перевод,0
user_186,2024-01-19 14:24:00,3910.16,Вклад,Google Pay,0
user_1595,2023-04-12 14:34:00,964.45,Кредит,карта,0
user_1492,2024-02-13 12:36:00,2927.61,Вклад,карта,0
user_397,2024-02-01 15:11:00,4826.06,Дебетовая карта,карта,0
user_174,2023-12-02 15:18:00,969.8,Вклад,Google Pay,0
user_1447,2024-01-28 09:58:00,1997.85,Вклад,карта,0
user_183,2023-11-16 17:38:00,1708.41,Вклад,карта,0
user_1160,2024-03-25 14:59:00,2803.57,Вклад,Apple Pay,0
user_511,2023-01-21 20:56:00,4095.66,Дебетовая карта,Apple Pay,0
user_1437,2023-05-04 17:23:00,972.24,Вклад,карта,0
user_1846,2023-06-25 15:12:00,90351.29,Ипотека,карта,0
user_1684,2023-04-16 15:59:00,966.9,Кредит,Apple Pay,0
user_1500,2023-01-10 14:27:00,3523.57,Страхование,Apple Pay,0
user_1286,2023-12-07 20:33:00,1790.93,Кредит,карта,0
user_154,2023-12-03 10:59:00,20702.78,Дебетовая карта,банковский перевод,0
user_1900,2024-03-08 13:43:00,708.77,Кредит,карта,0
user_1838,2023-02-09 15:57:00,5889.73,Страхование,Apple Pay,0
user_125,2023-03-12 19:58:00,1802.18,Кредит,Apple Pay,0
user_1567,2023-09-13 18:13:00,3708.65,Страхование,Apple Pay,0
user_214,2023-07-22 17:25:00,1515.3,Дебетовая карта,Google Pay,0
user_1208,2023-01-09 18:54:00,751.1,Кредит,карта,0
user_500,2023-09-25 17:09:00,6533.51,Ипотека,криптовалюта,0
user_254,2023-03-21 20:09:00,1549.12,Кредит,карта,0
user_461,2024-03-02 09:28:00,2503.5,Кредит,карта,0
user_641,2023-12-17 10:07:00,3376.3,Дебетовая карта,криптовалюта,0
user_699,2023-12-03 15:48:00,15558.63,Дебетовая карта,карта,0
user_602,2023-06-12 17:32:00,4104.28,Страхование,Google Pay,0
user_926,2023-01-30 17:55:00,2039.99,Кредит,Google Pay,0
user_1281,2023-04-06 18:12:00,2014.4,Вклад,Apple Pay,0
user_929,2024-02-25 13:38:00,4010.47,Дебетовая карта,карта,0
user_1176,2024-03-01 15:26:00,624.97,Страхование,карта,0
user_770,2023-08-11 12:02:00,2738.75,Дебетовая карта,Google Pay,0
user_555,2023-08-25 18:10:00,2985.58,Кредит,карта,0
user_297,2024-02-24 18:39:00,1273.29,Страхование,Apple Pay,0
user_623,2023-05-26 17:58:00,4509.07,Кредит,карта,0
user_385,2023-05-11 16:25:00,6374.76,Дебетовая карта,карта,0
user_1037,2023-10-06 12:17:00,2968.41,Инвестиции,карта,0
user_1310,2024-02-03 11:50:00,891.72,Ипотека,карта,1
user_1691,2023-02-05 19:51:00,2711.3,Кредит,Google Pay,1
user_590,2024-02-28 20:57:00,1266.23,Инвестиции,карта,0
user_253,2023-04-08 19:59:00,7900.81,Страхование,Google Pay,0
user_1631,2023-09-06 16:52:00,741.23,Ипотека,Apple Pay,0
user_1452,2023-12-24 18:59:00,13028.74,Инвестиции,банковский перевод,0
user_634,2024-01-17 20:55:00,25572.41,Кредит,карта,0
user_1992,2023-09-16 16:31:00,4020.21,Ипотека,Google Pay,0
user_1284,2023-05-26 17:36:00,1956.7,Кредит,карта,0
user_1500,2023-04-10 19:23:00,4025.51,Дебетовая карта,криптовалюта,0
user_703,2023-07-31 18:36:00,902.07,Дебетовая карта,криптовалюта,0
user_884,2023-02-19 12:27:00,40740.58,Дебетовая карта,Google Pay,0
user_699,2023-11-29 12:28:00,1233.03,Кредит,карта,0
user_1464,2023-09-23 15:11:00,1863.7,Кредит,карта,0
user_1630,2023-08-17 20:39:00,3764.78,Инвестиции,Google Pay,0
user_1722,2023-12-27 17:04:00,3310.55,Вклад,Apple Pay,0
user_665,2023-07-29 12:30:00,2303.01,Дебетовая карта,карта,0
user_1538,2023-01-20 11:07:00,760.67,Страхование,карта,0
user_1368,2023-01-25 14:46:00,2437.67,Ипотека,карта,0
user_26,2023-05-30 18:31:00,5258.77,Кредит,Apple Pay,0
user_1591,2023-11-02 12:25:00,1078.7,Дебетовая карта,Apple Pay,0
user_263,2023-06-01 14:57:00,1528.95,Ипотека,банковский перевод,0
user_258,2023-02-21 19:55:00,2845.39,Дебетовая карта,Apple Pay,0
user_215,2023-01-07 13:36:00,509.01,Кредит,банковский перевод,0
user_1099,2023-05-17 10:23:00,3344.7,Кредит,карта,0
user_64,2023-12-26 14:50:00,6526.96,Ипотека,Apple Pay,0
user_1010,2023-06-18 16:46:00,822.56,Дебетовая карта,Google Pay,0
user_1430,2023-11-03 14:51:00,1405.3,Инвестиции,Apple Pay,0
user_1072,2023-03-18 10:02:00,69373.71,Вклад,Apple Pay,0
user_535,2023-11-18 13:07:00,526.42,Дебетовая карта,карта,0
user_668,2023-03-29 09:24:00,905.33,Инвестиции,карта,0
user_1444,2023-10-18 12:16:00,1168.64,Дебетовая карта,Apple Pay,0
user_680,2024-03-17 09:50:00,1649.91,Страхование,карта,0
user_1333,2023-01-29 18:58:00,4488.44,Дебетовая карта,криптовалюта,1
user_1376,2023-05-19 11:14:00,650.37,Инвестиции,Google Pay,1
user_1048,2023-07-05 12:15:00,10797.22,Дебетовая карта,Apple Pay,0
user_744,2023-03-18 20:17:00,10325.5,Дебетовая карта,Apple Pay,0
user_120,2023-02-03 12:32:00,1372.42,Страхование,Apple Pay,0
user_1489,2023-02-22 14:59:00,2579.85,Инвестиции,Apple Pay,0
user_611,2023-11-11 13:53:00,1028.61,Инвестиции,Apple Pay,0
user_910,2023-05-31 09:14:00,6466.89,Дебетовая карта,карта,0
user_55,2023-01-08 14:22:00,3011.13,Дебетовая карта,карта,0
user_1485,2023-02-01 13:11:00,837.38,Кредит,банковский перевод,0
user_1821,2024-02-10 16:16:00,544.08,Кредит,карта,0
user_1757,2023-12-09 19:46:00,2022.22,Ипотека,карта,0
user_618,2023-02-10 15:04:00,91736.05,Страхование,криптовалюта,0
user_178,2023-10-12 17:01:00,900.49,Вклад,карта,0
user_190,2023-12-14 11:05:00,1730.94,Вклад,Google Pay,0
user_761,2023-05-09 20:17:00,2102.91,Кредит,карта,0
user_6,2023-02-06 09:53:00,5436.98,Дебетовая карта,карта,0
user_358,2023-10-25 11:37:00,1363.36,Ипотека,Google Pay,1
user_1224,2023-01-11 17:51:00,1099.78,Дебетовая карта,Apple Pay,0
user_84,2023-12-22 11:21:00,3359.05,Вклад,криптовалюта,0
user_1242,2023-08-29 09:49:00,62889.2,Дебетовая карта,Apple Pay,0
user_1736,2023-10-04 10:45:00,3066.74,Кредит,Apple Pay,0
user_1990,2023-12-04 10:31:00,1607.39,Дебетовая карта,Google Pay,0
user_1944,2023-05-24 12:48:00,584.11,Кредит,Apple Pay,0
user_578,2023-01-19 14:15:00,1925.1,Вклад,карта,0
user_1292,2023-05-31 14:34:00,3748.46,Ипотека,карта,0
user_94,2023-06-17 15:43:00,4426.09,Дебетовая карта,карта,0
user_477,2023-03-23 13:32:00,1084.75,Инвестиции,Apple Pay,0
user_1559,2023-06-23 15:48:00,6836.5,Кредит,банковский перевод,0
user_410,2023-10-06 14:39:00,3244.81,Дебетовая карта,Google Pay,0
user_610,2024-03-24 09:34:00,4142.39,Вклад,Apple Pay,0
user_821,2023-01-03 20:44:00,2059.96,Дебетовая карта,карта,0
user_662,2024-02-06 15:24:00,6349.09,Кредит,Google Pay,0
user_1479,2023-01-03 16:54:00,2116.99,Кредит,Apple Pay,0
user_1816,2023-03-06 11:31:00,11021.62,Кредит,Google Pay,0
user_1077,2023-08-31 14:08:00,2818.32,Инвестиции,карта,0
user_1151,2023-08-09 15:11:00,8182.93,Кредит,карта,0
user_1464,2023-10-04 19:05:00,1274.76,Кредит,Apple Pay,0
user_801,2023-02-06 15:46:00,2028.12,Страхование,карта,0
user_910,2023-02-16 20:28:00,1573.08,Кредит,Apple Pay,0
user_1902,2023-02-18 14:26:00,509.39,Дебетовая карта,карта,0
user_771,2023-06-27 16:14:00,3232.61,Дебетовая карта,карта,0
user_531,2024-03-27 12:51:00,864.46,Инвестиции,карта,0
user_43,2024-01-08 13:11:00,657.4,Ипотека,карта,0
user_43,2024-03-16 15:19:00,5021.02,Ипотека,карта,0
user_1538,2023-03-10 13:39:00,9208.65,Дебетовая карта,карта,0
user_462,2023-08-19 09:46:00,10163.1,Кредит,Apple Pay,1
user_1481,2023-05-27 11:41:00,3314.42,Инвестиции,Apple Pay,0
user_89,2023-12-04 18:00:00,551.8,Инвестиции,Apple Pay,0
user_1591,2023-06-26 12:34:00,1261.61,Дебетовая карта,Google Pay,0
user_816,2024-03-19 10:39:00,4463.2,Вклад,карта,0
user_1632,2023-07-22 14:56:00,94561.05,Дебетовая карта,карта,0
user_1663,2023-11-29 10:26:00,21633.81,Кредит,карта,0
user_1141,2023-12-04 10:30:00,8763.08,Дебетовая карта,карта,0
user_1951,2023-08-15 09:57:00,1481.47,Инвестиции,карта,0
user_1892,2023-06-18 12:05:00,74608.88,Инвестиции,криптовалюта,0
user_1401,2023-01-25 11:44:00,897.79,Кредит,карта,0
user_985,2023-05-02 14:39:00,2688.82,Дебетовая карта,карта,0
user_1853,2023-06-02 13:29:00,2342.93,Кредит,криптовалюта,0
user_1939,2024-02-16 20:17:00,61044.34,Кредит,Apple Pay,0
user_818,2023-04-24 13:12:00,3540.08,Кредит,банковский перевод,0
user_649,2023-09-16 15:27:00,4091.44,Кредит,карта,0
user_606,2023-07-30 19:08:00,1548.96,Инвестиции,Google Pay,0
user_1871,2023-12-15 15:47:00,6286.72,Инвестиции,Google Pay,0
user_309,2023-09-19 18:36:00,4835.32,Ипотека,банковский перевод,0
user_7,2023-11-20 13:53:00,5258.6,Страхование,карта,0
user_1002,2023-05-12 17:19:00,8326.95,Страхование,Apple Pay,0
user_1903,2023-12-27 19:11:00,4368.66,Страхование,карта,0
user_654,2023-10-12 15:23:00,4841.96,Вклад,Apple Pay,0
user_1010,2023-05-07 16:49:00,6482.05,Кредит,карта,0
user_216,2023-06-09 13:51:00,4876.38,Кредит,карта,0
user_1641,2023-12-10 17:35:00,4291.74,Дебетовая карта,карта,0
user_1864,2023-02-15 10:03:00,2379.26,Вклад,карта,0
user_1269,2023-05-23 09:28:00,956.85,Кредит,Google Pay,0
user_248,2023-01-13 20:29:00,1077.89,Дебетовая карта,карта,0
user_196,2023-01-06 11:11:00,39322.78,Инвестиции,криптовалюта,0
user_1480,2023-11-03 18:28:00,47167.66,Кредит,карта,0
user_257,2023-11-27 10:18:00,1452.36,Дебетовая карта,Google Pay,0
user_137,2023-01-03 13:02:00,5810.94,Ипотека,карта,0
user_1781,2023-12-26 15:45:00,1255.28,Дебетовая карта,карта,0
user_1055,2023-09-24 09:21:00,659.81,Кредит,Google Pay,0
user_1191,2023-01-06 09:56:00,2899.73,Вклад,карта,0
user_1350,2024-03-01 10:24:00,4200.87,Ипотека,карта,0
user_690,2023-05-12 14:36:00,1536.23,Кредит,криптовалюта,0
user_470,2023-06-23 18:03:00,64540.22,Кредит,карта,0
user_1039,2023-09-23 17:33:00,556.44,Дебетовая карта,криптовалюта,0
user_152,2023-10-30 16:09:00,795.35,Дебетовая карта,карта,0
user_591,2023-12-26 12:10:00,1412.44,Инвестиции,карта,0
user_1187,2023-09-06 16:22:00,2908.53,Ипотека,Apple Pay,0
user_1886,2023-01-28 20:48:00,556.99,Инвестиции,карта,0
user_1206,2023-08-14 13:52:00,530.11,Кредит,Google Pay,0
user_1503,2023-06-11 11:15:00,6035.69,Страхование,криптовалюта,0
user_624,2023-09-11 17:19:00,4084.33,Вклад,карта,0
user_115,2023-03-29 20:05:00,1325.11,Дебетовая карта,Apple Pay,0
user_753,2023-09-08 11:39:00,79537.42,Вклад,карта,0
user_1383,2023-06-20 09:10:00,4618.04,Дебетовая карта,Apple Pay,1
user_92,2023-08-10 10:34:00,6968.91,Вклад,Apple Pay,1
user_1733,2023-12-31 12:56:00,1820.34,Страхование,Apple Pay,0
user_592,2023-12-01 10:27:00,5474.43,Кредит,карта,0
user_1376,2023-09-10 15:27:00,846.62,Вклад,Apple Pay,0
user_1766,2023-06-14 15:40:00,1483.06,Кредит,Apple Pay,0
user_1223,2024-01-21 10:08:00,3821.84,Дебетовая карта,карта,0
user_343,2023-08-19 14:53:00,3947.71,Дебетовая карта,карта,0
user_512,2023-09-19 11:51:00,3473.48,Ипотека,карта,0
user_937,2024-01-31 09:53:00,16115.56,Дебетовая карта,карта,0
user_1959,2023-06-15 11:06:00,2100.49,Инвестиции,карта,0
user_1354,2023-02-06 09:45:00,647.78,Дебетовая карта,карта,0
user_1234,2024-02-16 20:30:00,817.32,Кредит,карта,0
user_1606,2023-04-27 19:54:00,76047.25,Дебетовая карта,карта,0
user_283,2023-07-02 11:50:00,5438.58,Кредит,Google Pay,0
user_163,2023-06-13 15:53:00,3637.51,Инвестиции,карта,0
user_1167,2023-03-17 12:12:00,642.6,Дебетовая карта,карта,0
user_1184,2023-12-10 10:08:00,5064.12,Вклад,Apple Pay,0
user_515,2023-05-31 13:44:00,3745.91,Страхование,Google Pay,0
user_1255,2024-03-04 16:13:00,2429.94,Дебетовая карта,карта,0
user_307,2023-10-28 17:05:00,5187.93,Дебетовая карта,криптовалюта,0
user_395,2024-02-23 15:47:00,1108.23,Кредит,карта,0
user_1788,2023-01-24 20:58:00,4914.76,Страхование,Apple Pay,0
user_62,2024-03-05 15:06:00,1949.06,Инвестиции,Google Pay,0
user_1116,2023-07-25 16:26:00,804.62,Вклад,карта,0
user_1689,2023-07-14 13:40:00,6285.02,Кредит,банковский перевод,1
user_1426,2023-09-18 17:04:00,2508.72,Страхование,Google Pay,0
user_881,2023-04-22 19:47:00,2485.25,Вклад,карта,0
user_629,2023-11-03 13:25:00,1000.89,Дебетовая карта,карта,0
user_122,2023-10-26 18:25:00,2349.23,Дебетовая карта,Google Pay,0
user_249,2024-02-13 13:19:00,88387.49,Дебетовая карта,криптовалюта,0
user_1157,2023-11-12 18:32:00,3017.47,Страхование,Apple Pay,0
user_1057,2024-03-09 19:12:00,7155.28,Вклад,карта,0
user_754,2023-12-24 18:52:00,1843.88,Дебетовая карта,Apple Pay,0
user_585,2023-08-28 18:43:00,48095.9,Инвестиции,карта,0
user_161,2024-02-22 12:09:00,4903.19,Инвестиции,карта,0
user_247,2023-12-15 16:58:00,1119.99,Кредит,банковский перевод,0
user_575,2023-02-07 09:29:00,1002.01,Кредит,карта,0
user_1848,2023-10-04 19:40:00,6408.31,Дебетовая карта,Apple Pay,0
user_654,2023-11-27 13:34:00,17843.27,Страхование,карта,0
user_232,2023-03-05 17:08:00,5717.47,Кредит,Google Pay,1
user_1150,2023-03-20 10:55:00,3496.03,Инвестиции,карта,0
user_254,2023-03-21 11:59:00,515.18,Кредит,карта,0
user_807,2023-03-17 15:08:00,1688.35,Вклад,Apple Pay,0
user_1456,2023-07-23 20:19:00,849.65,Инвестиции,Google Pay,0
user_214,2023-07-29 19:31:00,6556.2,Кредит,Google Pay,0
user_1846,2024-03-07 13:13:00,3710.57,Инвестиции,карта,0
user_1271,2023-01-13 13:03:00,7276.62,Инвестиции,Apple Pay,0
user_1829,2023-09-20 09:06:00,1164.78,Кредит,карта,0
user_1458,2023-09-03 16:11:00,2901.16,Кредит,карта,0
user_1932,2023-12-04 13:11:00,1975.79,Инвестиции,Apple Pay,0
user_1015,2023-07-29 20:31:00,812.52,Ипотека,карта,0
user_33,2024-01-24 19:13:00,39571.93,Дебетовая карта,карта,1
user_127,2023-01-20 17:29:00,4987.75,Кредит,карта,0
user_367,2023-06-13 10:08:00,3215.36,Кредит,Apple Pay,0
user_207,2024-02-26 10:55:00,7326.57,Дебетовая карта,Google Pay,0
user_1616,2023-05-01 10:31:00,85562.02,Вклад,криптовалюта,0
user_1890,2023-02-23 12:06:00,1233.13,Страхование,криптовалюта,0
user_1244,2023-01-10 10:58:00,832.14,Вклад,Google Pay,0
user_379,2023-03-13 11:09:00,3197.43,Инвестиции,карта,0
user_1959,2023-02-04 10:06:00,1167.18,Кредит,Google Pay,0
user_615,2023-03-09 14:22:00,6775.72,Дебетовая карта,карта,0
user_1765,2023-03-23 12:27:00,7966.31,Кредит,Apple Pay,0
user_1376,2023-07-09 10:53:00,3806.29,Страхование,криптовалюта,0
user_876,2023-06-27 13:34:00,2631.52,Вклад,Apple Pay,0
user_1584,2023-05-11 16:54:00,557.13,Инвестиции,Apple Pay,0
user_1328,2024-01-20 12:05:00,546.39,Дебетовая карта,Apple Pay,0
user_1823,2023-02-25 11:37:00,4774.18,Инвестиции,Google Pay,0
user_1216,2023-08-13 12:11:00,2779.24,Дебетовая карта,карта,0
user_791,2023-08-25 20:46:00,4464.8,Кредит,карта,0
user_190,2023-04-27 15:30:00,605.45,Инвестиции,криптовалюта,0
user_1985,2024-01-03 13:20:00,953.23,Кредит,банковский перевод,0
user_1561,2023-07-23 11:52:00,5358.48,Страхование,Apple Pay,0
user_208,2023-06-29 19:24:00,2597.91,Дебетовая карта,карта,0
user_1214,2023-11-04 17:47:00,3268.9,Дебетовая карта,криптовалюта,0
user_1654,2023-11-09 17:18:00,4752.63,Дебетовая карта,криптовалюта,0
user_1400,2023-01-29 20:50:00,1399.9,Ипотека,карта,0
user_545,2023-05-06 09:59:00,1254.5,Вклад,Google Pay,0
user_277,2023-02-07 09:59:00,2293.67,Кредит,банковский перевод,0
user_1875,2023-11-03 16:37:00,626.17,Ипотека,карта,0
user_741,2023-12-04 16:44:00,9720.33,Кредит,карта,0
user_1739,2023-12-21 11:35:00,2656.61,Дебетовая карта,Google Pay,0
user_932,2023-06-01 16:10:00,637.13,Инвестиции,Apple Pay,0
user_1525,2024-02-04 12:11:00,1400.43,Кредит,Google Pay,0
user_486,2023-02-25 15:21:00,3829.8,Кредит,Apple Pay,0
user_1208,2023-11-21 14:18:00,3239.43,Инвестиции,карта,0
user_1121,2023-05-23 11:41:00,2782.91,Кредит,банковский перевод,0
user_429,2023-02-28 19:15:00,65526.03,Дебетовая карта,Apple Pay,0
user_1363,2023-01-05 16:42:00,634.73,Кредит,Apple Pay,0
user_924,2023-10-07 13:10:00,4824.55,Дебетовая карта,Apple Pay,0
user_1308,2024-02-02 14:28:00,653.6,Страхование,Google Pay,1
user_70,2023-04-08 18:56:00,62361.79,Ипотека,Apple Pay,0
user_246,2023-10-21 17:42:00,2246.13,Вклад,карта,0
user_1419,2023-03-20 14:17:00,2469.55,Дебетовая карта,карта,0
user_1992,2023-07-03 19:49:00,3504.39,Кредит,Apple Pay,0
user_232,2023-09-11 10:21:00,1939.06,Дебетовая карта,карта,0
user_51,2023-11-26 16:33:00,792.01,Инвестиции,криптовалюта,0
user_517,2023-06-27 20:54:00,3387.03,Страхование,Google Pay,1
user_86,2023-10-21 19:10:00,2044.71,Дебетовая карта,Google Pay,0
user_491,2023-03-14 17:40:00,3688.47,Кредит,карта,0
user_1385,2023-04-22 19:44:00,3670.23,Дебетовая карта,карта,0
user_1576,2023-04-07 16:52:00,1537.21,Инвестиции,Google Pay,0
user_1262,2023-12-16 14:49:00,3621.42,Вклад,карта,0
user_802,2023-05-21 20:59:00,2023.4,Дебетовая карта,Apple Pay,0
user_310,2023-05-18 17:57:00,7254.23,Страхование,карта,0
user_1070,2023-05-13 17:31:00,2857.44,Кредит,банковский перевод,0
user_1930,2023-07-21 16:28:00,1673.15,Вклад,Google Pay,0
user_418,2023-11-20 20:12:00,1143.05,Кредит,банковский перевод,0
user_1086,2023-03-22 16:57:00,694.5,Кредит,банковский перевод,0
user_669,2024-01-21 13:48:00,70510.14,Кредит,карта,0
user_716,2024-02-19 12:06:00,987.78,Вклад,Google Pay,0
user_1024,2024-03-17 10:00:00,2188.76,Ипотека,карта,0
user_339,2023-05-26 18:44:00,595.04,Кредит,Apple Pay,0
user_389,2023-05-25 17:56:00,515.51,Дебетовая карта,карта,0
user_83,2023-01-04 19:36:00,85279.36,Инвестиции,карта,0
user_1380,2024-02-05 09:15:00,3308.98,Инвестиции,Apple Pay,0
user_1818,2023-06-24 18:40:00,5627.22,Дебетовая карта,карта,0
user_899,2023-06-01 11:26:00,1278.82,Страхование,карта,0
user_1241,2023-03-17 19:49:00,1199.24,Кредит,Apple Pay,0
user_1968,2023-11-24 14:38:00,2898.12,Страхование,карта,0
user_1519,2023-04-26 10:13:00,2287.3,Страхование,криптовалюта,0
user_494,2023-09-02 20:07:00,7328.52,Вклад,карта,0
user_1552,2023-05-19 09:26:00,2818.24,Кредит,карта,0
user_793,2024-03-06 09:35:00,2181.27,Кредит,карта,0
user_1919,2023-03-12 09:32:00,3273.45,Кредит,криптовалюта,0
user_1850,2023-08-02 19:17:00,1489.29,Кредит,Google Pay,0
user_83,2023-10-16 10:34:00,4258.01,Инвестиции,карта,0
user_1772,2024-01-08 13:09:00,5195.34,Кредит,карта,0
user_481,2023-08-18 10:38:00,34090.81,Кредит,Apple Pay,0
user_969,2023-04-16 16:42:00,69995.83,Страхование,банковский перевод,0
user_1499,2024-03-30 11:55:00,4696.92,Дебетовая карта,карта,0
user_248,2023-05-27 10:54:00,838.27,Дебетовая карта,Google Pay,0
user_32,2023-09-17 15:18:00,950.86,Кредит,Google Pay,0
user_818,2023-03-20 09:51:00,3279.4,Ипотека,Google Pay,0
user_1164,2023-01-10 15:16:00,3499.35,Ипотека,карта,0
user_1175,2024-01-15 17:04:00,2729.82,Дебетовая карта,карта,0
user_1905,2023-02-28 10:42:00,6537.05,Кредит,карта,0
user_509,2023-02-11 11:28:00,555.27,Страхование,Apple Pay,0
user_1425,2023-03-26 13:18:00,1956.3,Страхование,карта,0
user_383,2023-07-09 09:21:00,1462.51,Кредит,карта,0
user_900,2023-09-02 14:56:00,1734.23,Дебетовая карта,карта,0
user_1063,2023-06-23 12:09:00,3205.66,Кредит,криптовалюта,0
user_859,2023-10-07 15:03:00,1863.31,Кредит,карта,1
user_353,2024-01-31 20:59:00,4580.56,Дебетовая карта,карта,0
user_381,2023-12-21 10:53:00,3081.82,Дебетовая карта,карта,0
user_1750,2023-07-07 19:14:00,59043.92,Дебетовая карта,карта,0
user_1902,2023-11-09 15:27:00,828.24,Дебетовая карта,Apple Pay,0
user_149,2023-06-13 09:52:00,1182.55,Кредит,Apple Pay,0
user_466,2023-11-25 20:31:00,955.1,Кредит,Apple Pay,0
user_1975,2023-05-28 16:21:00,1799.23,Кредит,Apple Pay,0
user_234,2024-03-03 15:40:00,1385.53,Дебетовая карта,карта,0
user_1076,2023-10-17 13:45:00,1659.79,Кредит,карта,0
user_579,2023-08-12 10:24:00,2672.38,Вклад,Google Pay,0
user_1968,2023-01-24 17:40:00,782.59,Страхование,карта,0
user_1490,2024-02-12 14:59:00,913.46,Инвестиции,карта,0
user_1504,2023-11-03 13:18:00,1148.52,Ипотека,карта,0
user_132,2024-03-07 11:00:00,6293.87,Дебетовая карта,карта,0
user_306,2023-02-20 17:47:00,1575.11,Ипотека,карта,0
user_1590,2023-08-20 13:10:00,1895.53,Инвестиции,криптовалюта,0
user_455,2023-02-07 17:14:00,8310.44,Дебетовая карта,карта,0
user_869,2024-03-24 19:46:00,1455.87,Дебетовая карта,криптовалюта,0
user_214,2023-08-08 13:51:00,2211.88,Кредит,карта,0
user_45,2023-01-22 20:49:00,5862.61,Инвестиции,карта,1
user_1459,2023-01-31 11:56:00,5544.78,Дебетовая карта,Apple Pay,0
